GlcADG,[M+NH4]+,[M-C6H9O6-NH4+H+H]+,[DAG-H20],sn1 loss,sn2 loss
GlcADG(10:0_10:0)+NH4,594.38533,401.32669,383.31613,229.18045,229.18045
GlcADG(10:0_11:0)+NH4,608.40098,415.34234,397.33178,243.1961,229.18046
GlcADG(10:0_12:0)+NH4,622.41664,429.358,411.34744,257.21175,229.18047
GlcADG(10:0_13:0)+NH4,636.43229,443.37365,425.36309,271.2274,229.18048
GlcADG(10:0_14:0)+NH4,650.44794,457.3893,439.37874,285.24305,229.18049
GlcADG(10:0_14:1)+NH4,648.43229,455.37365,437.36309,283.2274,229.18048
GlcADG(10:0_15:0)+NH4,664.46359,471.40495,453.39439,299.2587,229.1805
GlcADG(10:0_15:1)+NH4,662.44794,469.3893,451.37874,297.24305,229.18049
GlcADG(10:0_16:0)+NH4,678.47924,485.4206,467.41004,313.27435,229.18051
GlcADG(10:0_16:1)+NH4,676.46359,483.40495,465.39439,311.2587,229.1805
GlcADG(10:0_17:0)+NH4,692.49489,499.43625,481.42569,327.29,229.18052
GlcADG(10:0_17:1)+NH4,690.47924,497.4206,479.41004,325.27435,229.18051
GlcADG(10:0_17:2)+NH4,688.46359,495.40495,477.39439,323.2587,229.1805
GlcADG(10:0_18:0)+NH4,706.51054,513.4519,495.44134,341.30565,229.18053
GlcADG(10:0_18:1)+NH4,704.49489,511.43625,493.42569,339.29,229.18052
GlcADG(10:0_18:2)+NH4,702.47924,509.4206,491.41004,337.27435,229.18051
GlcADG(10:0_18:3)+NH4,700.46359,507.40495,489.39439,335.2587,229.1805
GlcADG(10:0_18:4)+NH4,698.44794,505.3893,487.37874,333.24305,229.18049
GlcADG(10:0_19:0)+NH4,720.52619,527.46755,509.45699,355.3213,229.18054
GlcADG(10:0_2:0)+NH4,482.26013,289.20149,271.19093,117.05525,229.18037
GlcADG(10:0_20:0)+NH4,734.54184,541.4832,523.47264,369.33695,229.18055
GlcADG(10:0_20:1)+NH4,732.52619,539.46755,521.45699,367.3213,229.18054
GlcADG(10:0_20:2)+NH4,730.51054,537.4519,519.44134,365.30565,229.18053
GlcADG(10:0_20:3)+NH4,728.49489,535.43625,517.42569,363.29,229.18052
GlcADG(10:0_20:4)+NH4,726.47924,533.4206,515.41004,361.27435,229.18051
GlcADG(10:0_20:5)+NH4,724.46359,531.40495,513.39439,359.2587,229.1805
GlcADG(10:0_21:0)+NH4,748.55749,555.49885,537.48829,383.3526,229.18056
GlcADG(10:0_22:0)+NH4,762.57314,569.5145,551.50394,397.36825,229.18057
GlcADG(10:0_22:1)+NH4,760.55749,567.49885,549.48829,395.3526,229.18056
GlcADG(10:0_22:2)+NH4,758.54184,565.4832,547.47264,393.33695,229.18055
GlcADG(10:0_22:4)+NH4,754.51054,561.4519,543.44134,389.30565,229.18053
GlcADG(10:0_22:5)+NH4,752.49489,559.43625,541.42569,387.29,229.18052
GlcADG(10:0_22:6)+NH4,750.47924,557.4206,539.41004,385.27435,229.18051
GlcADG(10:0_23:0)+NH4,776.58879,583.53015,565.51959,411.3839,229.18058
GlcADG(10:0_24:0)+NH4,790.60444,597.5458,579.53524,425.39955,229.18059
GlcADG(10:0_24:1)+NH4,788.58879,595.53015,577.51959,423.3839,229.18058
GlcADG(10:0_24:4)+NH4,782.54184,589.4832,571.47264,417.33695,229.18055
GlcADG(10:0_25:0)+NH4,804.62009,611.56145,593.55089,439.4152,229.1806
GlcADG(10:0_26:0)+NH4,818.63574,625.5771,607.56654,453.43085,229.18061
GlcADG(10:0_26:1)+NH4,816.62009,623.56145,605.55089,451.4152,229.1806
GlcADG(10:0_26:2)+NH4,814.60444,621.5458,603.53524,449.39955,229.18059
GlcADG(10:0_3:0)+NH4,496.27578,303.21714,285.20658,131.0709,229.18038
GlcADG(10:0_4:0)+NH4,510.29143,317.23279,299.22223,145.08655,229.18039
GlcADG(10:0_5:0)+NH4,524.30708,331.24844,313.23788,159.1022,229.1804
GlcADG(10:0_6:0)+NH4,538.32273,345.26409,327.25353,173.11785,229.18041
GlcADG(10:0_7:0)+NH4,552.33838,359.27974,341.26918,187.1335,229.18042
GlcADG(10:0_8:0)+NH4,566.35403,373.29539,355.28483,201.14915,229.18043
GlcADG(10:0_9:0)+NH4,580.36968,387.31104,369.30048,215.1648,229.18044
GlcADG(11:0_11:0)+NH4,622.41664,429.358,411.34744,243.19611,243.19611
GlcADG(11:0_12:0)+NH4,636.43229,443.37365,425.36309,257.21176,243.19612
GlcADG(11:0_13:0)+NH4,650.44794,457.3893,439.37874,271.22741,243.19613
GlcADG(11:0_14:0)+NH4,664.46359,471.40495,453.39439,285.24306,243.19614
GlcADG(11:0_14:1)+NH4,662.44794,469.3893,451.37874,283.22741,243.19613
GlcADG(11:0_15:0)+NH4,678.47924,485.4206,467.41004,299.25871,243.19615
GlcADG(11:0_15:1)+NH4,676.46359,483.40495,465.39439,297.24306,243.19614
GlcADG(11:0_16:0)+NH4,692.49489,499.43625,481.42569,313.27436,243.19616
GlcADG(11:0_16:1)+NH4,690.47924,497.4206,479.41004,311.25871,243.19615
GlcADG(11:0_17:0)+NH4,706.51054,513.4519,495.44134,327.29001,243.19617
GlcADG(11:0_17:1)+NH4,704.49489,511.43625,493.42569,325.27436,243.19616
GlcADG(11:0_17:2)+NH4,702.47924,509.4206,491.41004,323.25871,243.19615
GlcADG(11:0_18:0)+NH4,720.52619,527.46755,509.45699,341.30566,243.19618
GlcADG(11:0_18:1)+NH4,718.51054,525.4519,507.44134,339.29001,243.19617
GlcADG(11:0_18:2)+NH4,716.49489,523.43625,505.42569,337.27436,243.19616
GlcADG(11:0_18:3)+NH4,714.47924,521.4206,503.41004,335.25871,243.19615
GlcADG(11:0_18:4)+NH4,712.46359,519.40495,501.39439,333.24306,243.19614
GlcADG(11:0_19:0)+NH4,734.54184,541.4832,523.47264,355.32131,243.19619
GlcADG(11:0_2:0)+NH4,496.27578,303.21714,285.20658,117.05526,243.19602
GlcADG(11:0_20:0)+NH4,748.55749,555.49885,537.48829,369.33696,243.1962
GlcADG(11:0_20:1)+NH4,746.54184,553.4832,535.47264,367.32131,243.19619
GlcADG(11:0_20:2)+NH4,744.52619,551.46755,533.45699,365.30566,243.19618
GlcADG(11:0_20:3)+NH4,742.51054,549.4519,531.44134,363.29001,243.19617
GlcADG(11:0_20:4)+NH4,740.49489,547.43625,529.42569,361.27436,243.19616
GlcADG(11:0_20:5)+NH4,738.47924,545.4206,527.41004,359.25871,243.19615
GlcADG(11:0_21:0)+NH4,762.57314,569.5145,551.50394,383.35261,243.19621
GlcADG(11:0_22:0)+NH4,776.58879,583.53015,565.51959,397.36826,243.19622
GlcADG(11:0_22:1)+NH4,774.57314,581.5145,563.50394,395.35261,243.19621
GlcADG(11:0_22:2)+NH4,772.55749,579.49885,561.48829,393.33696,243.1962
GlcADG(11:0_22:4)+NH4,768.52619,575.46755,557.45699,389.30566,243.19618
GlcADG(11:0_22:5)+NH4,766.51054,573.4519,555.44134,387.29001,243.19617
GlcADG(11:0_22:6)+NH4,764.49489,571.43625,553.42569,385.27436,243.19616
GlcADG(11:0_23:0)+NH4,790.60444,597.5458,579.53524,411.38391,243.19623
GlcADG(11:0_24:0)+NH4,804.62009,611.56145,593.55089,425.39956,243.19624
GlcADG(11:0_24:1)+NH4,802.60444,609.5458,591.53524,423.38391,243.19623
GlcADG(11:0_24:4)+NH4,796.55749,603.49885,585.48829,417.33696,243.1962
GlcADG(11:0_25:0)+NH4,818.63574,625.5771,607.56654,439.41521,243.19625
GlcADG(11:0_26:0)+NH4,832.65139,639.59275,621.58219,453.43086,243.19626
GlcADG(11:0_26:1)+NH4,830.63574,637.5771,619.56654,451.41521,243.19625
GlcADG(11:0_26:2)+NH4,828.62009,635.56145,617.55089,449.39956,243.19624
GlcADG(11:0_3:0)+NH4,510.29143,317.23279,299.22223,131.07091,243.19603
GlcADG(11:0_4:0)+NH4,524.30708,331.24844,313.23788,145.08656,243.19604
GlcADG(11:0_5:0)+NH4,538.32273,345.26409,327.25353,159.10221,243.19605
GlcADG(11:0_6:0)+NH4,552.33838,359.27974,341.26918,173.11786,243.19606
GlcADG(11:0_7:0)+NH4,566.35403,373.29539,355.28483,187.13351,243.19607
GlcADG(11:0_8:0)+NH4,580.36968,387.31104,369.30048,201.14916,243.19608
GlcADG(11:0_9:0)+NH4,594.38533,401.32669,383.31613,215.16481,243.19609
GlcADG(12:0_12:0)+NH4,650.44794,457.3893,439.37874,257.21177,257.21177
GlcADG(12:0_13:0)+NH4,664.46359,471.40495,453.39439,271.22742,257.21178
GlcADG(12:0_14:0)+NH4,678.47924,485.4206,467.41004,285.24307,257.21179
GlcADG(12:0_14:1)+NH4,676.46359,483.40495,465.39439,283.22742,257.21178
GlcADG(12:0_15:0)+NH4,692.49489,499.43625,481.42569,299.25872,257.2118
GlcADG(12:0_15:1)+NH4,690.47924,497.4206,479.41004,297.24307,257.21179
GlcADG(12:0_16:0)+NH4,706.51054,513.4519,495.44134,313.27437,257.21181
GlcADG(12:0_16:1)+NH4,704.49489,511.43625,493.42569,311.25872,257.2118
GlcADG(12:0_17:0)+NH4,720.52619,527.46755,509.45699,327.29002,257.21182
GlcADG(12:0_17:1)+NH4,718.51054,525.4519,507.44134,325.27437,257.21181
GlcADG(12:0_17:2)+NH4,716.49489,523.43625,505.42569,323.25872,257.2118
GlcADG(12:0_18:0)+NH4,734.54184,541.4832,523.47264,341.30567,257.21183
GlcADG(12:0_18:1)+NH4,732.52619,539.46755,521.45699,339.29002,257.21182
GlcADG(12:0_18:2)+NH4,730.51054,537.4519,519.44134,337.27437,257.21181
GlcADG(12:0_18:3)+NH4,728.49489,535.43625,517.42569,335.25872,257.2118
GlcADG(12:0_18:4)+NH4,726.47924,533.4206,515.41004,333.24307,257.21179
GlcADG(12:0_19:0)+NH4,748.55749,555.49885,537.48829,355.32132,257.21184
GlcADG(12:0_2:0)+NH4,510.29143,317.23279,299.22223,117.05527,257.21167
GlcADG(12:0_20:0)+NH4,762.57314,569.5145,551.50394,369.33697,257.21185
GlcADG(12:0_20:1)+NH4,760.55749,567.49885,549.48829,367.32132,257.21184
GlcADG(12:0_20:2)+NH4,758.54184,565.4832,547.47264,365.30567,257.21183
GlcADG(12:0_20:3)+NH4,756.52619,563.46755,545.45699,363.29002,257.21182
GlcADG(12:0_20:4)+NH4,754.51054,561.4519,543.44134,361.27437,257.21181
GlcADG(12:0_20:5)+NH4,752.49489,559.43625,541.42569,359.25872,257.2118
GlcADG(12:0_21:0)+NH4,776.58879,583.53015,565.51959,383.35262,257.21186
GlcADG(12:0_22:0)+NH4,790.60444,597.5458,579.53524,397.36827,257.21187
GlcADG(12:0_22:1)+NH4,788.58879,595.53015,577.51959,395.35262,257.21186
GlcADG(12:0_22:2)+NH4,786.57314,593.5145,575.50394,393.33697,257.21185
GlcADG(12:0_22:4)+NH4,782.54184,589.4832,571.47264,389.30567,257.21183
GlcADG(12:0_22:5)+NH4,780.52619,587.46755,569.45699,387.29002,257.21182
GlcADG(12:0_22:6)+NH4,778.51054,585.4519,567.44134,385.27437,257.21181
GlcADG(12:0_23:0)+NH4,804.62009,611.56145,593.55089,411.38392,257.21188
GlcADG(12:0_24:0)+NH4,818.63574,625.5771,607.56654,425.39957,257.21189
GlcADG(12:0_24:1)+NH4,816.62009,623.56145,605.55089,423.38392,257.21188
GlcADG(12:0_24:4)+NH4,810.57314,617.5145,599.50394,417.33697,257.21185
GlcADG(12:0_25:0)+NH4,832.65139,639.59275,621.58219,439.41522,257.2119
GlcADG(12:0_26:0)+NH4,846.66704,653.6084,635.59784,453.43087,257.21191
GlcADG(12:0_26:1)+NH4,844.65139,651.59275,633.58219,451.41522,257.2119
GlcADG(12:0_26:2)+NH4,842.63574,649.5771,631.56654,449.39957,257.21189
GlcADG(12:0_3:0)+NH4,524.30708,331.24844,313.23788,131.07092,257.21168
GlcADG(12:0_4:0)+NH4,538.32273,345.26409,327.25353,145.08657,257.21169
GlcADG(12:0_5:0)+NH4,552.33838,359.27974,341.26918,159.10222,257.2117
GlcADG(12:0_6:0)+NH4,566.35403,373.29539,355.28483,173.11787,257.21171
GlcADG(12:0_7:0)+NH4,580.36968,387.31104,369.30048,187.13352,257.21172
GlcADG(12:0_8:0)+NH4,594.38533,401.32669,383.31613,201.14917,257.21173
GlcADG(12:0_9:0)+NH4,608.40098,415.34234,397.33178,215.16482,257.21174
GlcADG(13:0_13:0)+NH4,678.47924,485.4206,467.41004,271.22743,271.22743
GlcADG(13:0_14:0)+NH4,692.49489,499.43625,481.42569,285.24308,271.22744
GlcADG(13:0_14:1)+NH4,690.47924,497.4206,479.41004,283.22743,271.22743
GlcADG(13:0_15:0)+NH4,706.51054,513.4519,495.44134,299.25873,271.22745
GlcADG(13:0_15:1)+NH4,704.49489,511.43625,493.42569,297.24308,271.22744
GlcADG(13:0_16:0)+NH4,720.52619,527.46755,509.45699,313.27438,271.22746
GlcADG(13:0_16:1)+NH4,718.51054,525.4519,507.44134,311.25873,271.22745
GlcADG(13:0_17:0)+NH4,734.54184,541.4832,523.47264,327.29003,271.22747
GlcADG(13:0_17:1)+NH4,732.52619,539.46755,521.45699,325.27438,271.22746
GlcADG(13:0_17:2)+NH4,730.51054,537.4519,519.44134,323.25873,271.22745
GlcADG(13:0_18:0)+NH4,748.55749,555.49885,537.48829,341.30568,271.22748
GlcADG(13:0_18:1)+NH4,746.54184,553.4832,535.47264,339.29003,271.22747
GlcADG(13:0_18:2)+NH4,744.52619,551.46755,533.45699,337.27438,271.22746
GlcADG(13:0_18:3)+NH4,742.51054,549.4519,531.44134,335.25873,271.22745
GlcADG(13:0_18:4)+NH4,740.49489,547.43625,529.42569,333.24308,271.22744
GlcADG(13:0_19:0)+NH4,762.57314,569.5145,551.50394,355.32133,271.22749
GlcADG(13:0_2:0)+NH4,524.30708,331.24844,313.23788,117.05528,271.22732
GlcADG(13:0_20:0)+NH4,776.58879,583.53015,565.51959,369.33698,271.2275
GlcADG(13:0_20:1)+NH4,774.57314,581.5145,563.50394,367.32133,271.22749
GlcADG(13:0_20:2)+NH4,772.55749,579.49885,561.48829,365.30568,271.22748
GlcADG(13:0_20:3)+NH4,770.54184,577.4832,559.47264,363.29003,271.22747
GlcADG(13:0_20:4)+NH4,768.52619,575.46755,557.45699,361.27438,271.22746
GlcADG(13:0_20:5)+NH4,766.51054,573.4519,555.44134,359.25873,271.22745
GlcADG(13:0_21:0)+NH4,790.60444,597.5458,579.53524,383.35263,271.22751
GlcADG(13:0_22:0)+NH4,804.62009,611.56145,593.55089,397.36828,271.22752
GlcADG(13:0_22:1)+NH4,802.60444,609.5458,591.53524,395.35263,271.22751
GlcADG(13:0_22:2)+NH4,800.58879,607.53015,589.51959,393.33698,271.2275
GlcADG(13:0_22:4)+NH4,796.55749,603.49885,585.48829,389.30568,271.22748
GlcADG(13:0_22:5)+NH4,794.54184,601.4832,583.47264,387.29003,271.22747
GlcADG(13:0_22:6)+NH4,792.52619,599.46755,581.45699,385.27438,271.22746
GlcADG(13:0_23:0)+NH4,818.63574,625.5771,607.56654,411.38393,271.22753
GlcADG(13:0_24:0)+NH4,832.65139,639.59275,621.58219,425.39958,271.22754
GlcADG(13:0_24:1)+NH4,830.63574,637.5771,619.56654,423.38393,271.22753
GlcADG(13:0_24:4)+NH4,824.58879,631.53015,613.51959,417.33698,271.2275
GlcADG(13:0_25:0)+NH4,846.66704,653.6084,635.59784,439.41523,271.22755
GlcADG(13:0_26:0)+NH4,860.68269,667.62405,649.61349,453.43088,271.22756
GlcADG(13:0_26:1)+NH4,858.66704,665.6084,647.59784,451.41523,271.22755
GlcADG(13:0_26:2)+NH4,856.65139,663.59275,645.58219,449.39958,271.22754
GlcADG(13:0_3:0)+NH4,538.32273,345.26409,327.25353,131.07093,271.22733
GlcADG(13:0_4:0)+NH4,552.33838,359.27974,341.26918,145.08658,271.22734
GlcADG(13:0_5:0)+NH4,566.35403,373.29539,355.28483,159.10223,271.22735
GlcADG(13:0_6:0)+NH4,580.36968,387.31104,369.30048,173.11788,271.22736
GlcADG(13:0_7:0)+NH4,594.38533,401.32669,383.31613,187.13353,271.22737
GlcADG(13:0_8:0)+NH4,608.40098,415.34234,397.33178,201.14918,271.22738
GlcADG(13:0_9:0)+NH4,622.41664,429.358,411.34744,215.16483,271.22739
GlcADG(14:0_14:0)+NH4,706.51054,513.4519,495.44134,285.24309,285.24309
GlcADG(14:0_14:1)+NH4,704.49489,511.43625,493.42569,283.22744,285.24308
GlcADG(14:0_15:0)+NH4,720.52619,527.46755,509.45699,299.25874,285.2431
GlcADG(14:0_15:1)+NH4,718.51054,525.4519,507.44134,297.24309,285.24309
GlcADG(14:0_16:0)+NH4,734.54184,541.4832,523.47264,313.27439,285.24311
GlcADG(14:0_16:1)+NH4,732.52619,539.46755,521.45699,311.25874,285.2431
GlcADG(14:0_17:0)+NH4,748.55749,555.49885,537.48829,327.29004,285.24312
GlcADG(14:0_17:1)+NH4,746.54184,553.4832,535.47264,325.27439,285.24311
GlcADG(14:0_17:2)+NH4,744.52619,551.46755,533.45699,323.25874,285.2431
GlcADG(14:0_18:0)+NH4,762.57314,569.5145,551.50394,341.30569,285.24313
GlcADG(14:0_18:1)+NH4,760.55749,567.49885,549.48829,339.29004,285.24312
GlcADG(14:0_18:2)+NH4,758.54184,565.4832,547.47264,337.27439,285.24311
GlcADG(14:0_18:3)+NH4,756.52619,563.46755,545.45699,335.25874,285.2431
GlcADG(14:0_18:4)+NH4,754.51054,561.4519,543.44134,333.24309,285.24309
GlcADG(14:0_19:0)+NH4,776.58879,583.53015,565.51959,355.32134,285.24314
GlcADG(14:0_2:0)+NH4,538.32273,345.26409,327.25353,117.05529,285.24297
GlcADG(14:0_20:0)+NH4,790.60444,597.5458,579.53524,369.33699,285.24315
GlcADG(14:0_20:1)+NH4,788.58879,595.53015,577.51959,367.32134,285.24314
GlcADG(14:0_20:2)+NH4,786.57314,593.5145,575.50394,365.30569,285.24313
GlcADG(14:0_20:3)+NH4,784.55749,591.49885,573.48829,363.29004,285.24312
GlcADG(14:0_20:4)+NH4,782.54184,589.4832,571.47264,361.27439,285.24311
GlcADG(14:0_20:5)+NH4,780.52619,587.46755,569.45699,359.25874,285.2431
GlcADG(14:0_21:0)+NH4,804.62009,611.56145,593.55089,383.35264,285.24316
GlcADG(14:0_22:0)+NH4,818.63574,625.5771,607.56654,397.36829,285.24317
GlcADG(14:0_22:1)+NH4,816.62009,623.56145,605.55089,395.35264,285.24316
GlcADG(14:0_22:2)+NH4,814.60444,621.5458,603.53524,393.33699,285.24315
GlcADG(14:0_22:4)+NH4,810.57314,617.5145,599.50394,389.30569,285.24313
GlcADG(14:0_22:5)+NH4,808.55749,615.49885,597.48829,387.29004,285.24312
GlcADG(14:0_22:6)+NH4,806.54184,613.4832,595.47264,385.27439,285.24311
GlcADG(14:0_23:0)+NH4,832.65139,639.59275,621.58219,411.38394,285.24318
GlcADG(14:0_24:0)+NH4,846.66704,653.6084,635.59784,425.39959,285.24319
GlcADG(14:0_24:1)+NH4,844.65139,651.59275,633.58219,423.38394,285.24318
GlcADG(14:0_24:4)+NH4,838.60444,645.5458,627.53524,417.33699,285.24315
GlcADG(14:0_25:0)+NH4,860.68269,667.62405,649.61349,439.41524,285.2432
GlcADG(14:0_26:0)+NH4,874.69834,681.6397,663.62914,453.43089,285.24321
GlcADG(14:0_26:1)+NH4,872.68269,679.62405,661.61349,451.41524,285.2432
GlcADG(14:0_26:2)+NH4,870.66704,677.6084,659.59784,449.39959,285.24319
GlcADG(14:0_3:0)+NH4,552.33838,359.27974,341.26918,131.07094,285.24298
GlcADG(14:0_4:0)+NH4,566.35403,373.29539,355.28483,145.08659,285.24299
GlcADG(14:0_5:0)+NH4,580.36968,387.31104,369.30048,159.10224,285.243
GlcADG(14:0_6:0)+NH4,594.38533,401.32669,383.31613,173.11789,285.24301
GlcADG(14:0_7:0)+NH4,608.40098,415.34234,397.33178,187.13354,285.24302
GlcADG(14:0_8:0)+NH4,622.41664,429.358,411.34744,201.14919,285.24303
GlcADG(14:0_9:0)+NH4,636.43229,443.37365,425.36309,215.16484,285.24304
GlcADG(14:1_14:1)+NH4,702.47924,509.4206,491.41004,283.22743,283.22743
GlcADG(14:1_15:0)+NH4,718.51054,525.4519,507.44134,299.25873,283.22745
GlcADG(14:1_15:1)+NH4,716.49489,523.43625,505.42569,297.24308,283.22744
GlcADG(14:1_16:0)+NH4,732.52619,539.46755,521.45699,313.27438,283.22746
GlcADG(14:1_16:1)+NH4,730.51054,537.4519,519.44134,311.25873,283.22745
GlcADG(14:1_17:0)+NH4,746.54184,553.4832,535.47264,327.29003,283.22747
GlcADG(14:1_17:1)+NH4,744.52619,551.46755,533.45699,325.27438,283.22746
GlcADG(14:1_17:2)+NH4,742.51054,549.4519,531.44134,323.25873,283.22745
GlcADG(14:1_18:0)+NH4,760.55749,567.49885,549.48829,341.30568,283.22748
GlcADG(14:1_18:1)+NH4,758.54184,565.4832,547.47264,339.29003,283.22747
GlcADG(14:1_18:2)+NH4,756.52619,563.46755,545.45699,337.27438,283.22746
GlcADG(14:1_18:3)+NH4,754.51054,561.4519,543.44134,335.25873,283.22745
GlcADG(14:1_18:4)+NH4,752.49489,559.43625,541.42569,333.24308,283.22744
GlcADG(14:1_19:0)+NH4,774.57314,581.5145,563.50394,355.32133,283.22749
GlcADG(14:1_2:0)+NH4,536.30708,343.24844,325.23788,117.05528,283.22732
GlcADG(14:1_20:0)+NH4,788.58879,595.53015,577.51959,369.33698,283.2275
GlcADG(14:1_20:1)+NH4,786.57314,593.5145,575.50394,367.32133,283.22749
GlcADG(14:1_20:2)+NH4,784.55749,591.49885,573.48829,365.30568,283.22748
GlcADG(14:1_20:3)+NH4,782.54184,589.4832,571.47264,363.29003,283.22747
GlcADG(14:1_20:4)+NH4,780.52619,587.46755,569.45699,361.27438,283.22746
GlcADG(14:1_20:5)+NH4,778.51054,585.4519,567.44134,359.25873,283.22745
GlcADG(14:1_21:0)+NH4,802.60444,609.5458,591.53524,383.35263,283.22751
GlcADG(14:1_22:0)+NH4,816.62009,623.56145,605.55089,397.36828,283.22752
GlcADG(14:1_22:1)+NH4,814.60444,621.5458,603.53524,395.35263,283.22751
GlcADG(14:1_22:2)+NH4,812.58879,619.53015,601.51959,393.33698,283.2275
GlcADG(14:1_22:4)+NH4,808.55749,615.49885,597.48829,389.30568,283.22748
GlcADG(14:1_22:5)+NH4,806.54184,613.4832,595.47264,387.29003,283.22747
GlcADG(14:1_22:6)+NH4,804.52619,611.46755,593.45699,385.27438,283.22746
GlcADG(14:1_23:0)+NH4,830.63574,637.5771,619.56654,411.38393,283.22753
GlcADG(14:1_24:0)+NH4,844.65139,651.59275,633.58219,425.39958,283.22754
GlcADG(14:1_24:1)+NH4,842.63574,649.5771,631.56654,423.38393,283.22753
GlcADG(14:1_24:4)+NH4,836.58879,643.53015,625.51959,417.33698,283.2275
GlcADG(14:1_25:0)+NH4,858.66704,665.6084,647.59784,439.41523,283.22755
GlcADG(14:1_26:0)+NH4,872.68269,679.62405,661.61349,453.43088,283.22756
GlcADG(14:1_26:1)+NH4,870.66704,677.6084,659.59784,451.41523,283.22755
GlcADG(14:1_26:2)+NH4,868.65139,675.59275,657.58219,449.39958,283.22754
GlcADG(14:1_3:0)+NH4,550.32273,357.26409,339.25353,131.07093,283.22733
GlcADG(14:1_4:0)+NH4,564.33838,371.27974,353.26918,145.08658,283.22734
GlcADG(14:1_5:0)+NH4,578.35403,385.29539,367.28483,159.10223,283.22735
GlcADG(14:1_6:0)+NH4,592.36968,399.31104,381.30048,173.11788,283.22736
GlcADG(14:1_7:0)+NH4,606.38533,413.32669,395.31613,187.13353,283.22737
GlcADG(14:1_8:0)+NH4,620.40098,427.34234,409.33178,201.14918,283.22738
GlcADG(14:1_9:0)+NH4,634.41664,441.358,423.34744,215.16483,283.22739
GlcADG(15:0_15:0)+NH4,734.54184,541.4832,523.47264,299.25875,299.25875
GlcADG(15:0_15:1)+NH4,732.52619,539.46755,521.45699,297.2431,299.25874
GlcADG(15:0_16:0)+NH4,748.55749,555.49885,537.48829,313.2744,299.25876
GlcADG(15:0_16:1)+NH4,746.54184,553.4832,535.47264,311.25875,299.25875
GlcADG(15:0_17:0)+NH4,762.57314,569.5145,551.50394,327.29005,299.25877
GlcADG(15:0_17:1)+NH4,760.55749,567.49885,549.48829,325.2744,299.25876
GlcADG(15:0_17:2)+NH4,758.54184,565.4832,547.47264,323.25875,299.25875
GlcADG(15:0_18:0)+NH4,776.58879,583.53015,565.51959,341.3057,299.25878
GlcADG(15:0_18:1)+NH4,774.57314,581.5145,563.50394,339.29005,299.25877
GlcADG(15:0_18:2)+NH4,772.55749,579.49885,561.48829,337.2744,299.25876
GlcADG(15:0_18:3)+NH4,770.54184,577.4832,559.47264,335.25875,299.25875
GlcADG(15:0_18:4)+NH4,768.52619,575.46755,557.45699,333.2431,299.25874
GlcADG(15:0_19:0)+NH4,790.60444,597.5458,579.53524,355.32135,299.25879
GlcADG(15:0_2:0)+NH4,552.33838,359.27974,341.26918,117.0553,299.25862
GlcADG(15:0_20:0)+NH4,804.62009,611.56145,593.55089,369.337,299.2588
GlcADG(15:0_20:1)+NH4,802.60444,609.5458,591.53524,367.32135,299.25879
GlcADG(15:0_20:2)+NH4,800.58879,607.53015,589.51959,365.3057,299.25878
GlcADG(15:0_20:3)+NH4,798.57314,605.5145,587.50394,363.29005,299.25877
GlcADG(15:0_20:4)+NH4,796.55749,603.49885,585.48829,361.2744,299.25876
GlcADG(15:0_20:5)+NH4,794.54184,601.4832,583.47264,359.25875,299.25875
GlcADG(15:0_21:0)+NH4,818.63574,625.5771,607.56654,383.35265,299.25881
GlcADG(15:0_22:0)+NH4,832.65139,639.59275,621.58219,397.3683,299.25882
GlcADG(15:0_22:1)+NH4,830.63574,637.5771,619.56654,395.35265,299.25881
GlcADG(15:0_22:2)+NH4,828.62009,635.56145,617.55089,393.337,299.2588
GlcADG(15:0_22:4)+NH4,824.58879,631.53015,613.51959,389.3057,299.25878
GlcADG(15:0_22:5)+NH4,822.57314,629.5145,611.50394,387.29005,299.25877
GlcADG(15:0_22:6)+NH4,820.55749,627.49885,609.48829,385.2744,299.25876
GlcADG(15:0_23:0)+NH4,846.66704,653.6084,635.59784,411.38395,299.25883
GlcADG(15:0_24:0)+NH4,860.68269,667.62405,649.61349,425.3996,299.25884
GlcADG(15:0_24:1)+NH4,858.66704,665.6084,647.59784,423.38395,299.25883
GlcADG(15:0_24:4)+NH4,852.62009,659.56145,641.55089,417.337,299.2588
GlcADG(15:0_25:0)+NH4,874.69834,681.6397,663.62914,439.41525,299.25885
GlcADG(15:0_26:0)+NH4,888.71399,695.65535,677.64479,453.4309,299.25886
GlcADG(15:0_26:1)+NH4,886.69834,693.6397,675.62914,451.41525,299.25885
GlcADG(15:0_26:2)+NH4,884.68269,691.62405,673.61349,449.3996,299.25884
GlcADG(15:0_3:0)+NH4,566.35403,373.29539,355.28483,131.07095,299.25863
GlcADG(15:0_4:0)+NH4,580.36968,387.31104,369.30048,145.0866,299.25864
GlcADG(15:0_5:0)+NH4,594.38533,401.32669,383.31613,159.10225,299.25865
GlcADG(15:0_6:0)+NH4,608.40098,415.34234,397.33178,173.1179,299.25866
GlcADG(15:0_7:0)+NH4,622.41664,429.358,411.34744,187.13355,299.25867
GlcADG(15:0_8:0)+NH4,636.43229,443.37365,425.36309,201.1492,299.25868
GlcADG(15:0_9:0)+NH4,650.44794,457.3893,439.37874,215.16485,299.25869
GlcADG(15:1_15:1)+NH4,730.51054,537.4519,519.44134,297.24309,297.24309
GlcADG(15:1_16:0)+NH4,746.54184,553.4832,535.47264,313.27439,297.24311
GlcADG(15:1_16:1)+NH4,744.52619,551.46755,533.45699,311.25874,297.2431
GlcADG(15:1_17:0)+NH4,760.55749,567.49885,549.48829,327.29004,297.24312
GlcADG(15:1_17:1)+NH4,758.54184,565.4832,547.47264,325.27439,297.24311
GlcADG(15:1_17:2)+NH4,756.52619,563.46755,545.45699,323.25874,297.2431
GlcADG(15:1_18:0)+NH4,774.57314,581.5145,563.50394,341.30569,297.24313
GlcADG(15:1_18:1)+NH4,772.55749,579.49885,561.48829,339.29004,297.24312
GlcADG(15:1_18:2)+NH4,770.54184,577.4832,559.47264,337.27439,297.24311
GlcADG(15:1_18:3)+NH4,768.52619,575.46755,557.45699,335.25874,297.2431
GlcADG(15:1_18:4)+NH4,766.51054,573.4519,555.44134,333.24309,297.24309
GlcADG(15:1_19:0)+NH4,788.58879,595.53015,577.51959,355.32134,297.24314
GlcADG(15:1_2:0)+NH4,550.32273,357.26409,339.25353,117.05529,297.24297
GlcADG(15:1_20:0)+NH4,802.60444,609.5458,591.53524,369.33699,297.24315
GlcADG(15:1_20:1)+NH4,800.58879,607.53015,589.51959,367.32134,297.24314
GlcADG(15:1_20:2)+NH4,798.57314,605.5145,587.50394,365.30569,297.24313
GlcADG(15:1_20:3)+NH4,796.55749,603.49885,585.48829,363.29004,297.24312
GlcADG(15:1_20:4)+NH4,794.54184,601.4832,583.47264,361.27439,297.24311
GlcADG(15:1_20:5)+NH4,792.52619,599.46755,581.45699,359.25874,297.2431
GlcADG(15:1_21:0)+NH4,816.62009,623.56145,605.55089,383.35264,297.24316
GlcADG(15:1_22:0)+NH4,830.63574,637.5771,619.56654,397.36829,297.24317
GlcADG(15:1_22:1)+NH4,828.62009,635.56145,617.55089,395.35264,297.24316
GlcADG(15:1_22:2)+NH4,826.60444,633.5458,615.53524,393.33699,297.24315
GlcADG(15:1_22:4)+NH4,822.57314,629.5145,611.50394,389.30569,297.24313
GlcADG(15:1_22:5)+NH4,820.55749,627.49885,609.48829,387.29004,297.24312
GlcADG(15:1_22:6)+NH4,818.54184,625.4832,607.47264,385.27439,297.24311
GlcADG(15:1_23:0)+NH4,844.65139,651.59275,633.58219,411.38394,297.24318
GlcADG(15:1_24:0)+NH4,858.66704,665.6084,647.59784,425.39959,297.24319
GlcADG(15:1_24:1)+NH4,856.65139,663.59275,645.58219,423.38394,297.24318
GlcADG(15:1_24:4)+NH4,850.60444,657.5458,639.53524,417.33699,297.24315
GlcADG(15:1_25:0)+NH4,872.68269,679.62405,661.61349,439.41524,297.2432
GlcADG(15:1_26:0)+NH4,886.69834,693.6397,675.62914,453.43089,297.24321
GlcADG(15:1_26:1)+NH4,884.68269,691.62405,673.61349,451.41524,297.2432
GlcADG(15:1_26:2)+NH4,882.66704,689.6084,671.59784,449.39959,297.24319
GlcADG(15:1_3:0)+NH4,564.33838,371.27974,353.26918,131.07094,297.24298
GlcADG(15:1_4:0)+NH4,578.35403,385.29539,367.28483,145.08659,297.24299
GlcADG(15:1_5:0)+NH4,592.36968,399.31104,381.30048,159.10224,297.243
GlcADG(15:1_6:0)+NH4,606.38533,413.32669,395.31613,173.11789,297.24301
GlcADG(15:1_7:0)+NH4,620.40098,427.34234,409.33178,187.13354,297.24302
GlcADG(15:1_8:0)+NH4,634.41664,441.358,423.34744,201.14919,297.24303
GlcADG(15:1_9:0)+NH4,648.43229,455.37365,437.36309,215.16484,297.24304
GlcADG(16:0_16:0)+NH4,762.57314,569.5145,551.50394,313.27441,313.27441
GlcADG(16:0_16:1)+NH4,760.55749,567.49885,549.48829,311.25876,313.2744
GlcADG(16:0_17:0)+NH4,776.58879,583.53015,565.51959,327.29006,313.27442
GlcADG(16:0_17:1)+NH4,774.57314,581.5145,563.50394,325.27441,313.27441
GlcADG(16:0_17:2)+NH4,772.55749,579.49885,561.48829,323.25876,313.2744
GlcADG(16:0_18:0)+NH4,790.60444,597.5458,579.53524,341.30571,313.27443
GlcADG(16:0_18:1)+NH4,788.58879,595.53015,577.51959,339.29006,313.27442
GlcADG(16:0_18:2)+NH4,786.57314,593.5145,575.50394,337.27441,313.27441
GlcADG(16:0_18:3)+NH4,784.55749,591.49885,573.48829,335.25876,313.2744
GlcADG(16:0_18:4)+NH4,782.54184,589.4832,571.47264,333.24311,313.27439
GlcADG(16:0_19:0)+NH4,804.62009,611.56145,593.55089,355.32136,313.27444
GlcADG(16:0_2:0)+NH4,566.35403,373.29539,355.28483,117.05531,313.27427
GlcADG(16:0_20:0)+NH4,818.63574,625.5771,607.56654,369.33701,313.27445
GlcADG(16:0_20:1)+NH4,816.62009,623.56145,605.55089,367.32136,313.27444
GlcADG(16:0_20:2)+NH4,814.60444,621.5458,603.53524,365.30571,313.27443
GlcADG(16:0_20:3)+NH4,812.58879,619.53015,601.51959,363.29006,313.27442
GlcADG(16:0_20:4)+NH4,810.57314,617.5145,599.50394,361.27441,313.27441
GlcADG(16:0_20:5)+NH4,808.55749,615.49885,597.48829,359.25876,313.2744
GlcADG(16:0_21:0)+NH4,832.65139,639.59275,621.58219,383.35266,313.27446
GlcADG(16:0_22:0)+NH4,846.66704,653.6084,635.59784,397.36831,313.27447
GlcADG(16:0_22:1)+NH4,844.65139,651.59275,633.58219,395.35266,313.27446
GlcADG(16:0_22:2)+NH4,842.63574,649.5771,631.56654,393.33701,313.27445
GlcADG(16:0_22:4)+NH4,838.60444,645.5458,627.53524,389.30571,313.27443
GlcADG(16:0_22:5)+NH4,836.58879,643.53015,625.51959,387.29006,313.27442
GlcADG(16:0_22:6)+NH4,834.57314,641.5145,623.50394,385.27441,313.27441
GlcADG(16:0_23:0)+NH4,860.68269,667.62405,649.61349,411.38396,313.27448
GlcADG(16:0_24:0)+NH4,874.69834,681.6397,663.62914,425.39961,313.27449
GlcADG(16:0_24:1)+NH4,872.68269,679.62405,661.61349,423.38396,313.27448
GlcADG(16:0_24:4)+NH4,866.63574,673.5771,655.56654,417.33701,313.27445
GlcADG(16:0_25:0)+NH4,888.71399,695.65535,677.64479,439.41526,313.2745
GlcADG(16:0_26:0)+NH4,902.72964,709.671,691.66044,453.43091,313.27451
GlcADG(16:0_26:1)+NH4,900.71399,707.65535,689.64479,451.41526,313.2745
GlcADG(16:0_26:2)+NH4,898.69834,705.6397,687.62914,449.39961,313.27449
GlcADG(16:0_3:0)+NH4,580.36968,387.31104,369.30048,131.07096,313.27428
GlcADG(16:0_4:0)+NH4,594.38533,401.32669,383.31613,145.08661,313.27429
GlcADG(16:0_5:0)+NH4,608.40098,415.34234,397.33178,159.10226,313.2743
GlcADG(16:0_6:0)+NH4,622.41664,429.358,411.34744,173.11791,313.27431
GlcADG(16:0_7:0)+NH4,636.43229,443.37365,425.36309,187.13356,313.27432
GlcADG(16:0_8:0)+NH4,650.44794,457.3893,439.37874,201.14921,313.27433
GlcADG(16:0_9:0)+NH4,664.46359,471.40495,453.39439,215.16486,313.27434
GlcADG(16:1_16:1)+NH4,758.54184,565.4832,547.47264,311.25875,311.25875
GlcADG(16:1_17:0)+NH4,774.57314,581.5145,563.50394,327.29005,311.25877
GlcADG(16:1_17:1)+NH4,772.55749,579.49885,561.48829,325.2744,311.25876
GlcADG(16:1_17:2)+NH4,770.54184,577.4832,559.47264,323.25875,311.25875
GlcADG(16:1_18:0)+NH4,788.58879,595.53015,577.51959,341.3057,311.25878
GlcADG(16:1_18:1)+NH4,786.57314,593.5145,575.50394,339.29005,311.25877
GlcADG(16:1_18:2)+NH4,784.55749,591.49885,573.48829,337.2744,311.25876
GlcADG(16:1_18:3)+NH4,782.54184,589.4832,571.47264,335.25875,311.25875
GlcADG(16:1_18:4)+NH4,780.52619,587.46755,569.45699,333.2431,311.25874
GlcADG(16:1_19:0)+NH4,802.60444,609.5458,591.53524,355.32135,311.25879
GlcADG(16:1_2:0)+NH4,564.33838,371.27974,353.26918,117.0553,311.25862
GlcADG(16:1_20:0)+NH4,816.62009,623.56145,605.55089,369.337,311.2588
GlcADG(16:1_20:1)+NH4,814.60444,621.5458,603.53524,367.32135,311.25879
GlcADG(16:1_20:2)+NH4,812.58879,619.53015,601.51959,365.3057,311.25878
GlcADG(16:1_20:3)+NH4,810.57314,617.5145,599.50394,363.29005,311.25877
GlcADG(16:1_20:4)+NH4,808.55749,615.49885,597.48829,361.2744,311.25876
GlcADG(16:1_20:5)+NH4,806.54184,613.4832,595.47264,359.25875,311.25875
GlcADG(16:1_21:0)+NH4,830.63574,637.5771,619.56654,383.35265,311.25881
GlcADG(16:1_22:0)+NH4,844.65139,651.59275,633.58219,397.3683,311.25882
GlcADG(16:1_22:1)+NH4,842.63574,649.5771,631.56654,395.35265,311.25881
GlcADG(16:1_22:2)+NH4,840.62009,647.56145,629.55089,393.337,311.2588
GlcADG(16:1_22:4)+NH4,836.58879,643.53015,625.51959,389.3057,311.25878
GlcADG(16:1_22:5)+NH4,834.57314,641.5145,623.50394,387.29005,311.25877
GlcADG(16:1_22:6)+NH4,832.55749,639.49885,621.48829,385.2744,311.25876
GlcADG(16:1_23:0)+NH4,858.66704,665.6084,647.59784,411.38395,311.25883
GlcADG(16:1_24:0)+NH4,872.68269,679.62405,661.61349,425.3996,311.25884
GlcADG(16:1_24:1)+NH4,870.66704,677.6084,659.59784,423.38395,311.25883
GlcADG(16:1_24:4)+NH4,864.62009,671.56145,653.55089,417.337,311.2588
GlcADG(16:1_25:0)+NH4,886.69834,693.6397,675.62914,439.41525,311.25885
GlcADG(16:1_26:0)+NH4,900.71399,707.65535,689.64479,453.4309,311.25886
GlcADG(16:1_26:1)+NH4,898.69834,705.6397,687.62914,451.41525,311.25885
GlcADG(16:1_26:2)+NH4,896.68269,703.62405,685.61349,449.3996,311.25884
GlcADG(16:1_3:0)+NH4,578.35403,385.29539,367.28483,131.07095,311.25863
GlcADG(16:1_4:0)+NH4,592.36968,399.31104,381.30048,145.0866,311.25864
GlcADG(16:1_5:0)+NH4,606.38533,413.32669,395.31613,159.10225,311.25865
GlcADG(16:1_6:0)+NH4,620.40098,427.34234,409.33178,173.1179,311.25866
GlcADG(16:1_7:0)+NH4,634.41664,441.358,423.34744,187.13355,311.25867
GlcADG(16:1_8:0)+NH4,648.43229,455.37365,437.36309,201.1492,311.25868
GlcADG(16:1_9:0)+NH4,662.44794,469.3893,451.37874,215.16485,311.25869
GlcADG(17:0_17:0)+NH4,790.60444,597.5458,579.53524,327.29007,327.29007
GlcADG(17:0_17:1)+NH4,788.58879,595.53015,577.51959,325.27442,327.29006
GlcADG(17:0_17:2)+NH4,786.57314,593.5145,575.50394,323.25877,327.29005
GlcADG(17:0_18:0)+NH4,804.62009,611.56145,593.55089,341.30572,327.29008
GlcADG(17:0_18:1)+NH4,802.60444,609.5458,591.53524,339.29007,327.29007
GlcADG(17:0_18:2)+NH4,800.58879,607.53015,589.51959,337.27442,327.29006
GlcADG(17:0_18:3)+NH4,798.57314,605.5145,587.50394,335.25877,327.29005
GlcADG(17:0_18:4)+NH4,796.55749,603.49885,585.48829,333.24312,327.29004
GlcADG(17:0_19:0)+NH4,818.63574,625.5771,607.56654,355.32137,327.29009
GlcADG(17:0_2:0)+NH4,580.36968,387.31104,369.30048,117.05532,327.28992
GlcADG(17:0_20:0)+NH4,832.65139,639.59275,621.58219,369.33702,327.2901
GlcADG(17:0_20:1)+NH4,830.63574,637.5771,619.56654,367.32137,327.29009
GlcADG(17:0_20:2)+NH4,828.62009,635.56145,617.55089,365.30572,327.29008
GlcADG(17:0_20:3)+NH4,826.60444,633.5458,615.53524,363.29007,327.29007
GlcADG(17:0_20:4)+NH4,824.58879,631.53015,613.51959,361.27442,327.29006
GlcADG(17:0_20:5)+NH4,822.57314,629.5145,611.50394,359.25877,327.29005
GlcADG(17:0_21:0)+NH4,846.66704,653.6084,635.59784,383.35267,327.29011
GlcADG(17:0_22:0)+NH4,860.68269,667.62405,649.61349,397.36832,327.29012
GlcADG(17:0_22:1)+NH4,858.66704,665.6084,647.59784,395.35267,327.29011
GlcADG(17:0_22:2)+NH4,856.65139,663.59275,645.58219,393.33702,327.2901
GlcADG(17:0_22:4)+NH4,852.62009,659.56145,641.55089,389.30572,327.29008
GlcADG(17:0_22:5)+NH4,850.60444,657.5458,639.53524,387.29007,327.29007
GlcADG(17:0_22:6)+NH4,848.58879,655.53015,637.51959,385.27442,327.29006
GlcADG(17:0_23:0)+NH4,874.69834,681.6397,663.62914,411.38397,327.29013
GlcADG(17:0_24:0)+NH4,888.71399,695.65535,677.64479,425.39962,327.29014
GlcADG(17:0_24:1)+NH4,886.69834,693.6397,675.62914,423.38397,327.29013
GlcADG(17:0_24:4)+NH4,880.65139,687.59275,669.58219,417.33702,327.2901
GlcADG(17:0_25:0)+NH4,902.72964,709.671,691.66044,439.41527,327.29015
GlcADG(17:0_26:0)+NH4,916.74529,723.68665,705.67609,453.43092,327.29016
GlcADG(17:0_26:1)+NH4,914.72964,721.671,703.66044,451.41527,327.29015
GlcADG(17:0_26:2)+NH4,912.71399,719.65535,701.64479,449.39962,327.29014
GlcADG(17:0_3:0)+NH4,594.38533,401.32669,383.31613,131.07097,327.28993
GlcADG(17:0_4:0)+NH4,608.40098,415.34234,397.33178,145.08662,327.28994
GlcADG(17:0_5:0)+NH4,622.41664,429.358,411.34744,159.10227,327.28995
GlcADG(17:0_6:0)+NH4,636.43229,443.37365,425.36309,173.11792,327.28996
GlcADG(17:0_7:0)+NH4,650.44794,457.3893,439.37874,187.13357,327.28997
GlcADG(17:0_8:0)+NH4,664.46359,471.40495,453.39439,201.14922,327.28998
GlcADG(17:0_9:0)+NH4,678.47924,485.4206,467.41004,215.16487,327.28999
GlcADG(17:1_17:1)+NH4,786.57314,593.5145,575.50394,325.27441,325.27441
GlcADG(17:1_17:2)+NH4,784.55749,591.49885,573.48829,323.25876,325.2744
GlcADG(17:1_18:0)+NH4,802.60444,609.5458,591.53524,341.30571,325.27443
GlcADG(17:1_18:1)+NH4,800.58879,607.53015,589.51959,339.29006,325.27442
GlcADG(17:1_18:2)+NH4,798.57314,605.5145,587.50394,337.27441,325.27441
GlcADG(17:1_18:3)+NH4,796.55749,603.49885,585.48829,335.25876,325.2744
GlcADG(17:1_18:4)+NH4,794.54184,601.4832,583.47264,333.24311,325.27439
GlcADG(17:1_19:0)+NH4,816.62009,623.56145,605.55089,355.32136,325.27444
GlcADG(17:1_2:0)+NH4,578.35403,385.29539,367.28483,117.05531,325.27427
GlcADG(17:1_20:0)+NH4,830.63574,637.5771,619.56654,369.33701,325.27445
GlcADG(17:1_20:1)+NH4,828.62009,635.56145,617.55089,367.32136,325.27444
GlcADG(17:1_20:2)+NH4,826.60444,633.5458,615.53524,365.30571,325.27443
GlcADG(17:1_20:3)+NH4,824.58879,631.53015,613.51959,363.29006,325.27442
GlcADG(17:1_20:4)+NH4,822.57314,629.5145,611.50394,361.27441,325.27441
GlcADG(17:1_20:5)+NH4,820.55749,627.49885,609.48829,359.25876,325.2744
GlcADG(17:1_21:0)+NH4,844.65139,651.59275,633.58219,383.35266,325.27446
GlcADG(17:1_22:0)+NH4,858.66704,665.6084,647.59784,397.36831,325.27447
GlcADG(17:1_22:1)+NH4,856.65139,663.59275,645.58219,395.35266,325.27446
GlcADG(17:1_22:2)+NH4,854.63574,661.5771,643.56654,393.33701,325.27445
GlcADG(17:1_22:4)+NH4,850.60444,657.5458,639.53524,389.30571,325.27443
GlcADG(17:1_22:5)+NH4,848.58879,655.53015,637.51959,387.29006,325.27442
GlcADG(17:1_22:6)+NH4,846.57314,653.5145,635.50394,385.27441,325.27441
GlcADG(17:1_23:0)+NH4,872.68269,679.62405,661.61349,411.38396,325.27448
GlcADG(17:1_24:0)+NH4,886.69834,693.6397,675.62914,425.39961,325.27449
GlcADG(17:1_24:1)+NH4,884.68269,691.62405,673.61349,423.38396,325.27448
GlcADG(17:1_24:4)+NH4,878.63574,685.5771,667.56654,417.33701,325.27445
GlcADG(17:1_25:0)+NH4,900.71399,707.65535,689.64479,439.41526,325.2745
GlcADG(17:1_26:0)+NH4,914.72964,721.671,703.66044,453.43091,325.27451
GlcADG(17:1_26:1)+NH4,912.71399,719.65535,701.64479,451.41526,325.2745
GlcADG(17:1_26:2)+NH4,910.69834,717.6397,699.62914,449.39961,325.27449
GlcADG(17:1_3:0)+NH4,592.36968,399.31104,381.30048,131.07096,325.27428
GlcADG(17:1_4:0)+NH4,606.38533,413.32669,395.31613,145.08661,325.27429
GlcADG(17:1_5:0)+NH4,620.40098,427.34234,409.33178,159.10226,325.2743
GlcADG(17:1_6:0)+NH4,634.41664,441.358,423.34744,173.11791,325.27431
GlcADG(17:1_7:0)+NH4,648.43229,455.37365,437.36309,187.13356,325.27432
GlcADG(17:1_8:0)+NH4,662.44794,469.3893,451.37874,201.14921,325.27433
GlcADG(17:1_9:0)+NH4,676.46359,483.40495,465.39439,215.16486,325.27434
GlcADG(17:2_17:2)+NH4,782.54184,589.4832,571.47264,323.25875,323.25875
GlcADG(17:2_18:0)+NH4,800.58879,607.53015,589.51959,341.3057,323.25878
GlcADG(17:2_18:1)+NH4,798.57314,605.5145,587.50394,339.29005,323.25877
GlcADG(17:2_18:2)+NH4,796.55749,603.49885,585.48829,337.2744,323.25876
GlcADG(17:2_18:3)+NH4,794.54184,601.4832,583.47264,335.25875,323.25875
GlcADG(17:2_18:4)+NH4,792.52619,599.46755,581.45699,333.2431,323.25874
GlcADG(17:2_19:0)+NH4,814.60444,621.5458,603.53524,355.32135,323.25879
GlcADG(17:2_2:0)+NH4,576.33838,383.27974,365.26918,117.0553,323.25862
GlcADG(17:2_20:0)+NH4,828.62009,635.56145,617.55089,369.337,323.2588
GlcADG(17:2_20:1)+NH4,826.60444,633.5458,615.53524,367.32135,323.25879
GlcADG(17:2_20:2)+NH4,824.58879,631.53015,613.51959,365.3057,323.25878
GlcADG(17:2_20:3)+NH4,822.57314,629.5145,611.50394,363.29005,323.25877
GlcADG(17:2_20:4)+NH4,820.55749,627.49885,609.48829,361.2744,323.25876
GlcADG(17:2_20:5)+NH4,818.54184,625.4832,607.47264,359.25875,323.25875
GlcADG(17:2_21:0)+NH4,842.63574,649.5771,631.56654,383.35265,323.25881
GlcADG(17:2_22:0)+NH4,856.65139,663.59275,645.58219,397.3683,323.25882
GlcADG(17:2_22:1)+NH4,854.63574,661.5771,643.56654,395.35265,323.25881
GlcADG(17:2_22:2)+NH4,852.62009,659.56145,641.55089,393.337,323.2588
GlcADG(17:2_22:4)+NH4,848.58879,655.53015,637.51959,389.3057,323.25878
GlcADG(17:2_22:5)+NH4,846.57314,653.5145,635.50394,387.29005,323.25877
GlcADG(17:2_22:6)+NH4,844.55749,651.49885,633.48829,385.2744,323.25876
GlcADG(17:2_23:0)+NH4,870.66704,677.6084,659.59784,411.38395,323.25883
GlcADG(17:2_24:0)+NH4,884.68269,691.62405,673.61349,425.3996,323.25884
GlcADG(17:2_24:1)+NH4,882.66704,689.6084,671.59784,423.38395,323.25883
GlcADG(17:2_24:4)+NH4,876.62009,683.56145,665.55089,417.337,323.2588
GlcADG(17:2_25:0)+NH4,898.69834,705.6397,687.62914,439.41525,323.25885
GlcADG(17:2_26:0)+NH4,912.71399,719.65535,701.64479,453.4309,323.25886
GlcADG(17:2_26:1)+NH4,910.69834,717.6397,699.62914,451.41525,323.25885
GlcADG(17:2_26:2)+NH4,908.68269,715.62405,697.61349,449.3996,323.25884
GlcADG(17:2_3:0)+NH4,590.35403,397.29539,379.28483,131.07095,323.25863
GlcADG(17:2_4:0)+NH4,604.36968,411.31104,393.30048,145.0866,323.25864
GlcADG(17:2_5:0)+NH4,618.38533,425.32669,407.31613,159.10225,323.25865
GlcADG(17:2_6:0)+NH4,632.40098,439.34234,421.33178,173.1179,323.25866
GlcADG(17:2_7:0)+NH4,646.41664,453.358,435.34744,187.13355,323.25867
GlcADG(17:2_8:0)+NH4,660.43229,467.37365,449.36309,201.1492,323.25868
GlcADG(17:2_9:0)+NH4,674.44794,481.3893,463.37874,215.16485,323.25869
GlcADG(18:0_18:0)+NH4,818.63574,625.5771,607.56654,341.30573,341.30573
GlcADG(18:0_18:1)+NH4,816.62009,623.56145,605.55089,339.29008,341.30572
GlcADG(18:0_18:2)+NH4,814.60444,621.5458,603.53524,337.27443,341.30571
GlcADG(18:0_18:3)+NH4,812.58879,619.53015,601.51959,335.25878,341.3057
GlcADG(18:0_18:4)+NH4,810.57314,617.5145,599.50394,333.24313,341.30569
GlcADG(18:0_19:0)+NH4,832.65139,639.59275,621.58219,355.32138,341.30574
GlcADG(18:0_2:0)+NH4,594.38533,401.32669,383.31613,117.05533,341.30557
GlcADG(18:0_20:0)+NH4,846.66704,653.6084,635.59784,369.33703,341.30575
GlcADG(18:0_20:1)+NH4,844.65139,651.59275,633.58219,367.32138,341.30574
GlcADG(18:0_20:2)+NH4,842.63574,649.5771,631.56654,365.30573,341.30573
GlcADG(18:0_20:3)+NH4,840.62009,647.56145,629.55089,363.29008,341.30572
GlcADG(18:0_20:4)+NH4,838.60444,645.5458,627.53524,361.27443,341.30571
GlcADG(18:0_20:5)+NH4,836.58879,643.53015,625.51959,359.25878,341.3057
GlcADG(18:0_21:0)+NH4,860.68269,667.62405,649.61349,383.35268,341.30576
GlcADG(18:0_22:0)+NH4,874.69834,681.6397,663.62914,397.36833,341.30577
GlcADG(18:0_22:1)+NH4,872.68269,679.62405,661.61349,395.35268,341.30576
GlcADG(18:0_22:2)+NH4,870.66704,677.6084,659.59784,393.33703,341.30575
GlcADG(18:0_22:4)+NH4,866.63574,673.5771,655.56654,389.30573,341.30573
GlcADG(18:0_22:5)+NH4,864.62009,671.56145,653.55089,387.29008,341.30572
GlcADG(18:0_22:6)+NH4,862.60444,669.5458,651.53524,385.27443,341.30571
GlcADG(18:0_23:0)+NH4,888.71399,695.65535,677.64479,411.38398,341.30578
GlcADG(18:0_24:0)+NH4,902.72964,709.671,691.66044,425.39963,341.30579
GlcADG(18:0_24:1)+NH4,900.71399,707.65535,689.64479,423.38398,341.30578
GlcADG(18:0_24:4)+NH4,894.66704,701.6084,683.59784,417.33703,341.30575
GlcADG(18:0_25:0)+NH4,916.74529,723.68665,705.67609,439.41528,341.3058
GlcADG(18:0_26:0)+NH4,930.76094,737.7023,719.69174,453.43093,341.30581
GlcADG(18:0_26:1)+NH4,928.74529,735.68665,717.67609,451.41528,341.3058
GlcADG(18:0_26:2)+NH4,926.72964,733.671,715.66044,449.39963,341.30579
GlcADG(18:0_3:0)+NH4,608.40098,415.34234,397.33178,131.07098,341.30558
GlcADG(18:0_4:0)+NH4,622.41664,429.358,411.34744,145.08663,341.30559
GlcADG(18:0_5:0)+NH4,636.43229,443.37365,425.36309,159.10228,341.3056
GlcADG(18:0_6:0)+NH4,650.44794,457.3893,439.37874,173.11793,341.30561
GlcADG(18:0_7:0)+NH4,664.46359,471.40495,453.39439,187.13358,341.30562
GlcADG(18:0_8:0)+NH4,678.47924,485.4206,467.41004,201.14923,341.30563
GlcADG(18:0_9:0)+NH4,692.49489,499.43625,481.42569,215.16488,341.30564
GlcADG(18:1_18:1)+NH4,814.60444,621.5458,603.53524,339.29007,339.29007
GlcADG(18:1_18:2)+NH4,812.58879,619.53015,601.51959,337.27442,339.29006
GlcADG(18:1_18:3)+NH4,810.57314,617.5145,599.50394,335.25877,339.29005
GlcADG(18:1_18:4)+NH4,808.55749,615.49885,597.48829,333.24312,339.29004
GlcADG(18:1_19:0)+NH4,830.63574,637.5771,619.56654,355.32137,339.29009
GlcADG(18:1_2:0)+NH4,592.36968,399.31104,381.30048,117.05532,339.28992
GlcADG(18:1_20:0)+NH4,844.65139,651.59275,633.58219,369.33702,339.2901
GlcADG(18:1_20:1)+NH4,842.63574,649.5771,631.56654,367.32137,339.29009
GlcADG(18:1_20:2)+NH4,840.62009,647.56145,629.55089,365.30572,339.29008
GlcADG(18:1_20:3)+NH4,838.60444,645.5458,627.53524,363.29007,339.29007
GlcADG(18:1_20:4)+NH4,836.58879,643.53015,625.51959,361.27442,339.29006
GlcADG(18:1_20:5)+NH4,834.57314,641.5145,623.50394,359.25877,339.29005
GlcADG(18:1_21:0)+NH4,858.66704,665.6084,647.59784,383.35267,339.29011
GlcADG(18:1_22:0)+NH4,872.68269,679.62405,661.61349,397.36832,339.29012
GlcADG(18:1_22:1)+NH4,870.66704,677.6084,659.59784,395.35267,339.29011
GlcADG(18:1_22:2)+NH4,868.65139,675.59275,657.58219,393.33702,339.2901
GlcADG(18:1_22:4)+NH4,864.62009,671.56145,653.55089,389.30572,339.29008
GlcADG(18:1_22:5)+NH4,862.60444,669.5458,651.53524,387.29007,339.29007
GlcADG(18:1_22:6)+NH4,860.58879,667.53015,649.51959,385.27442,339.29006
GlcADG(18:1_23:0)+NH4,886.69834,693.6397,675.62914,411.38397,339.29013
GlcADG(18:1_24:0)+NH4,900.71399,707.65535,689.64479,425.39962,339.29014
GlcADG(18:1_24:1)+NH4,898.69834,705.6397,687.62914,423.38397,339.29013
GlcADG(18:1_24:4)+NH4,892.65139,699.59275,681.58219,417.33702,339.2901
GlcADG(18:1_25:0)+NH4,914.72964,721.671,703.66044,439.41527,339.29015
GlcADG(18:1_26:0)+NH4,928.74529,735.68665,717.67609,453.43092,339.29016
GlcADG(18:1_26:1)+NH4,926.72964,733.671,715.66044,451.41527,339.29015
GlcADG(18:1_26:2)+NH4,924.71399,731.65535,713.64479,449.39962,339.29014
GlcADG(18:1_3:0)+NH4,606.38533,413.32669,395.31613,131.07097,339.28993
GlcADG(18:1_4:0)+NH4,620.40098,427.34234,409.33178,145.08662,339.28994
GlcADG(18:1_5:0)+NH4,634.41664,441.358,423.34744,159.10227,339.28995
GlcADG(18:1_6:0)+NH4,648.43229,455.37365,437.36309,173.11792,339.28996
GlcADG(18:1_7:0)+NH4,662.44794,469.3893,451.37874,187.13357,339.28997
GlcADG(18:1_8:0)+NH4,676.46359,483.40495,465.39439,201.14922,339.28998
GlcADG(18:1_9:0)+NH4,690.47924,497.4206,479.41004,215.16487,339.28999
GlcADG(18:2_18:2)+NH4,810.57314,617.5145,599.50394,337.27441,337.27441
GlcADG(18:2_18:3)+NH4,808.55749,615.49885,597.48829,335.25876,337.2744
GlcADG(18:2_18:4)+NH4,806.54184,613.4832,595.47264,333.24311,337.27439
GlcADG(18:2_19:0)+NH4,828.62009,635.56145,617.55089,355.32136,337.27444
GlcADG(18:2_2:0)+NH4,590.35403,397.29539,379.28483,117.05531,337.27427
GlcADG(18:2_20:0)+NH4,842.63574,649.5771,631.56654,369.33701,337.27445
GlcADG(18:2_20:1)+NH4,840.62009,647.56145,629.55089,367.32136,337.27444
GlcADG(18:2_20:2)+NH4,838.60444,645.5458,627.53524,365.30571,337.27443
GlcADG(18:2_20:3)+NH4,836.58879,643.53015,625.51959,363.29006,337.27442
GlcADG(18:2_20:4)+NH4,834.57314,641.5145,623.50394,361.27441,337.27441
GlcADG(18:2_20:5)+NH4,832.55749,639.49885,621.48829,359.25876,337.2744
GlcADG(18:2_21:0)+NH4,856.65139,663.59275,645.58219,383.35266,337.27446
GlcADG(18:2_22:0)+NH4,870.66704,677.6084,659.59784,397.36831,337.27447
GlcADG(18:2_22:1)+NH4,868.65139,675.59275,657.58219,395.35266,337.27446
GlcADG(18:2_22:2)+NH4,866.63574,673.5771,655.56654,393.33701,337.27445
GlcADG(18:2_22:4)+NH4,862.60444,669.5458,651.53524,389.30571,337.27443
GlcADG(18:2_22:5)+NH4,860.58879,667.53015,649.51959,387.29006,337.27442
GlcADG(18:2_22:6)+NH4,858.57314,665.5145,647.50394,385.27441,337.27441
GlcADG(18:2_23:0)+NH4,884.68269,691.62405,673.61349,411.38396,337.27448
GlcADG(18:2_24:0)+NH4,898.69834,705.6397,687.62914,425.39961,337.27449
GlcADG(18:2_24:1)+NH4,896.68269,703.62405,685.61349,423.38396,337.27448
GlcADG(18:2_24:4)+NH4,890.63574,697.5771,679.56654,417.33701,337.27445
GlcADG(18:2_25:0)+NH4,912.71399,719.65535,701.64479,439.41526,337.2745
GlcADG(18:2_26:0)+NH4,926.72964,733.671,715.66044,453.43091,337.27451
GlcADG(18:2_26:1)+NH4,924.71399,731.65535,713.64479,451.41526,337.2745
GlcADG(18:2_26:2)+NH4,922.69834,729.6397,711.62914,449.39961,337.27449
GlcADG(18:2_3:0)+NH4,604.36968,411.31104,393.30048,131.07096,337.27428
GlcADG(18:2_4:0)+NH4,618.38533,425.32669,407.31613,145.08661,337.27429
GlcADG(18:2_5:0)+NH4,632.40098,439.34234,421.33178,159.10226,337.2743
GlcADG(18:2_6:0)+NH4,646.41664,453.358,435.34744,173.11791,337.27431
GlcADG(18:2_7:0)+NH4,660.43229,467.37365,449.36309,187.13356,337.27432
GlcADG(18:2_8:0)+NH4,674.44794,481.3893,463.37874,201.14921,337.27433
GlcADG(18:2_9:0)+NH4,688.46359,495.40495,477.39439,215.16486,337.27434
GlcADG(18:3_18:3)+NH4,806.54184,613.4832,595.47264,335.25875,335.25875
GlcADG(18:3_18:4)+NH4,804.52619,611.46755,593.45699,333.2431,335.25874
GlcADG(18:3_19:0)+NH4,826.60444,633.5458,615.53524,355.32135,335.25879
GlcADG(18:3_2:0)+NH4,588.33838,395.27974,377.26918,117.0553,335.25862
GlcADG(18:3_20:0)+NH4,840.62009,647.56145,629.55089,369.337,335.2588
GlcADG(18:3_20:1)+NH4,838.60444,645.5458,627.53524,367.32135,335.25879
GlcADG(18:3_20:2)+NH4,836.58879,643.53015,625.51959,365.3057,335.25878
GlcADG(18:3_20:3)+NH4,834.57314,641.5145,623.50394,363.29005,335.25877
GlcADG(18:3_20:4)+NH4,832.55749,639.49885,621.48829,361.2744,335.25876
GlcADG(18:3_20:5)+NH4,830.54184,637.4832,619.47264,359.25875,335.25875
GlcADG(18:3_21:0)+NH4,854.63574,661.5771,643.56654,383.35265,335.25881
GlcADG(18:3_22:0)+NH4,868.65139,675.59275,657.58219,397.3683,335.25882
GlcADG(18:3_22:1)+NH4,866.63574,673.5771,655.56654,395.35265,335.25881
GlcADG(18:3_22:2)+NH4,864.62009,671.56145,653.55089,393.337,335.2588
GlcADG(18:3_22:4)+NH4,860.58879,667.53015,649.51959,389.3057,335.25878
GlcADG(18:3_22:5)+NH4,858.57314,665.5145,647.50394,387.29005,335.25877
GlcADG(18:3_22:6)+NH4,856.55749,663.49885,645.48829,385.2744,335.25876
GlcADG(18:3_23:0)+NH4,882.66704,689.6084,671.59784,411.38395,335.25883
GlcADG(18:3_24:0)+NH4,896.68269,703.62405,685.61349,425.3996,335.25884
GlcADG(18:3_24:1)+NH4,894.66704,701.6084,683.59784,423.38395,335.25883
GlcADG(18:3_24:4)+NH4,888.62009,695.56145,677.55089,417.337,335.2588
GlcADG(18:3_25:0)+NH4,910.69834,717.6397,699.62914,439.41525,335.25885
GlcADG(18:3_26:0)+NH4,924.71399,731.65535,713.64479,453.4309,335.25886
GlcADG(18:3_26:1)+NH4,922.69834,729.6397,711.62914,451.41525,335.25885
GlcADG(18:3_26:2)+NH4,920.68269,727.62405,709.61349,449.3996,335.25884
GlcADG(18:3_3:0)+NH4,602.35403,409.29539,391.28483,131.07095,335.25863
GlcADG(18:3_4:0)+NH4,616.36968,423.31104,405.30048,145.0866,335.25864
GlcADG(18:3_5:0)+NH4,630.38533,437.32669,419.31613,159.10225,335.25865
GlcADG(18:3_6:0)+NH4,644.40098,451.34234,433.33178,173.1179,335.25866
GlcADG(18:3_7:0)+NH4,658.41664,465.358,447.34744,187.13355,335.25867
GlcADG(18:3_8:0)+NH4,672.43229,479.37365,461.36309,201.1492,335.25868
GlcADG(18:3_9:0)+NH4,686.44794,493.3893,475.37874,215.16485,335.25869
GlcADG(18:4_18:4)+NH4,802.51054,609.4519,591.44134,333.24309,333.24309
GlcADG(18:4_19:0)+NH4,824.58879,631.53015,613.51959,355.32134,333.24314
GlcADG(18:4_2:0)+NH4,586.32273,393.26409,375.25353,117.05529,333.24297
GlcADG(18:4_20:0)+NH4,838.60444,645.5458,627.53524,369.33699,333.24315
GlcADG(18:4_20:1)+NH4,836.58879,643.53015,625.51959,367.32134,333.24314
GlcADG(18:4_20:2)+NH4,834.57314,641.5145,623.50394,365.30569,333.24313
GlcADG(18:4_20:3)+NH4,832.55749,639.49885,621.48829,363.29004,333.24312
GlcADG(18:4_20:4)+NH4,830.54184,637.4832,619.47264,361.27439,333.24311
GlcADG(18:4_20:5)+NH4,828.52619,635.46755,617.45699,359.25874,333.2431
GlcADG(18:4_21:0)+NH4,852.62009,659.56145,641.55089,383.35264,333.24316
GlcADG(18:4_22:0)+NH4,866.63574,673.5771,655.56654,397.36829,333.24317
GlcADG(18:4_22:1)+NH4,864.62009,671.56145,653.55089,395.35264,333.24316
GlcADG(18:4_22:2)+NH4,862.60444,669.5458,651.53524,393.33699,333.24315
GlcADG(18:4_22:4)+NH4,858.57314,665.5145,647.50394,389.30569,333.24313
GlcADG(18:4_22:5)+NH4,856.55749,663.49885,645.48829,387.29004,333.24312
GlcADG(18:4_22:6)+NH4,854.54184,661.4832,643.47264,385.27439,333.24311
GlcADG(18:4_23:0)+NH4,880.65139,687.59275,669.58219,411.38394,333.24318
GlcADG(18:4_24:0)+NH4,894.66704,701.6084,683.59784,425.39959,333.24319
GlcADG(18:4_24:1)+NH4,892.65139,699.59275,681.58219,423.38394,333.24318
GlcADG(18:4_24:4)+NH4,886.60444,693.5458,675.53524,417.33699,333.24315
GlcADG(18:4_25:0)+NH4,908.68269,715.62405,697.61349,439.41524,333.2432
GlcADG(18:4_26:0)+NH4,922.69834,729.6397,711.62914,453.43089,333.24321
GlcADG(18:4_26:1)+NH4,920.68269,727.62405,709.61349,451.41524,333.2432
GlcADG(18:4_26:2)+NH4,918.66704,725.6084,707.59784,449.39959,333.24319
GlcADG(18:4_3:0)+NH4,600.33838,407.27974,389.26918,131.07094,333.24298
GlcADG(18:4_4:0)+NH4,614.35403,421.29539,403.28483,145.08659,333.24299
GlcADG(18:4_5:0)+NH4,628.36968,435.31104,417.30048,159.10224,333.243
GlcADG(18:4_6:0)+NH4,642.38533,449.32669,431.31613,173.11789,333.24301
GlcADG(18:4_7:0)+NH4,656.40098,463.34234,445.33178,187.13354,333.24302
GlcADG(18:4_8:0)+NH4,670.41664,477.358,459.34744,201.14919,333.24303
GlcADG(18:4_9:0)+NH4,684.43229,491.37365,473.36309,215.16484,333.24304
GlcADG(19:0_19:0)+NH4,846.66704,653.6084,635.59784,355.32139,355.32139
GlcADG(19:0_2:0)+NH4,608.40098,415.34234,397.33178,117.05534,355.32122
GlcADG(19:0_20:0)+NH4,860.68269,667.62405,649.61349,369.33704,355.3214
GlcADG(19:0_20:1)+NH4,858.66704,665.6084,647.59784,367.32139,355.32139
GlcADG(19:0_20:2)+NH4,856.65139,663.59275,645.58219,365.30574,355.32138
GlcADG(19:0_20:3)+NH4,854.63574,661.5771,643.56654,363.29009,355.32137
GlcADG(19:0_20:4)+NH4,852.62009,659.56145,641.55089,361.27444,355.32136
GlcADG(19:0_20:5)+NH4,850.60444,657.5458,639.53524,359.25879,355.32135
GlcADG(19:0_21:0)+NH4,874.69834,681.6397,663.62914,383.35269,355.32141
GlcADG(19:0_22:0)+NH4,888.71399,695.65535,677.64479,397.36834,355.32142
GlcADG(19:0_22:1)+NH4,886.69834,693.6397,675.62914,395.35269,355.32141
GlcADG(19:0_22:2)+NH4,884.68269,691.62405,673.61349,393.33704,355.3214
GlcADG(19:0_22:4)+NH4,880.65139,687.59275,669.58219,389.30574,355.32138
GlcADG(19:0_22:5)+NH4,878.63574,685.5771,667.56654,387.29009,355.32137
GlcADG(19:0_22:6)+NH4,876.62009,683.56145,665.55089,385.27444,355.32136
GlcADG(19:0_23:0)+NH4,902.72964,709.671,691.66044,411.38399,355.32143
GlcADG(19:0_24:0)+NH4,916.74529,723.68665,705.67609,425.39964,355.32144
GlcADG(19:0_24:1)+NH4,914.72964,721.671,703.66044,423.38399,355.32143
GlcADG(19:0_24:4)+NH4,908.68269,715.62405,697.61349,417.33704,355.3214
GlcADG(19:0_25:0)+NH4,930.76094,737.7023,719.69174,439.41529,355.32145
GlcADG(19:0_26:0)+NH4,944.77659,751.71795,733.70739,453.43094,355.32146
GlcADG(19:0_26:1)+NH4,942.76094,749.7023,731.69174,451.41529,355.32145
GlcADG(19:0_26:2)+NH4,940.74529,747.68665,729.67609,449.39964,355.32144
GlcADG(19:0_3:0)+NH4,622.41664,429.358,411.34744,131.07099,355.32123
GlcADG(19:0_4:0)+NH4,636.43229,443.37365,425.36309,145.08664,355.32124
GlcADG(19:0_5:0)+NH4,650.44794,457.3893,439.37874,159.10229,355.32125
GlcADG(19:0_6:0)+NH4,664.46359,471.40495,453.39439,173.11794,355.32126
GlcADG(19:0_7:0)+NH4,678.47924,485.4206,467.41004,187.13359,355.32127
GlcADG(19:0_8:0)+NH4,692.49489,499.43625,481.42569,201.14924,355.32128
GlcADG(19:0_9:0)+NH4,706.51054,513.4519,495.44134,215.16489,355.32129
GlcADG(2:0_2:0)+NH4,370.13493,177.07629,159.06573,117.05517,117.05517
GlcADG(2:0_20:0)+NH4,622.41664,429.358,411.34744,369.33687,117.05535
GlcADG(2:0_20:1)+NH4,620.40098,427.34234,409.33178,367.32122,117.05534
GlcADG(2:0_20:2)+NH4,618.38533,425.32669,407.31613,365.30557,117.05533
GlcADG(2:0_20:3)+NH4,616.36968,423.31104,405.30048,363.28992,117.05532
GlcADG(2:0_20:4)+NH4,614.35403,421.29539,403.28483,361.27427,117.05531
GlcADG(2:0_20:5)+NH4,612.33838,419.27974,401.26918,359.25862,117.0553
GlcADG(2:0_21:0)+NH4,636.43229,443.37365,425.36309,383.35252,117.05536
GlcADG(2:0_22:0)+NH4,650.44794,457.3893,439.37874,397.36817,117.05537
GlcADG(2:0_22:1)+NH4,648.43229,455.37365,437.36309,395.35252,117.05536
GlcADG(2:0_22:2)+NH4,646.41664,453.358,435.34744,393.33687,117.05535
GlcADG(2:0_22:4)+NH4,642.38533,449.32669,431.31613,389.30557,117.05533
GlcADG(2:0_22:5)+NH4,640.36968,447.31104,429.30048,387.28992,117.05532
GlcADG(2:0_22:6)+NH4,638.35403,445.29539,427.28483,385.27427,117.05531
GlcADG(2:0_23:0)+NH4,664.46359,471.40495,453.39439,411.38382,117.05538
GlcADG(2:0_24:0)+NH4,678.47924,485.4206,467.41004,425.39947,117.05539
GlcADG(2:0_24:1)+NH4,676.46359,483.40495,465.39439,423.38382,117.05538
GlcADG(2:0_24:4)+NH4,670.41664,477.358,459.34744,417.33687,117.05535
GlcADG(2:0_25:0)+NH4,692.49489,499.43625,481.42569,439.41512,117.0554
GlcADG(2:0_26:0)+NH4,706.51054,513.4519,495.44134,453.43077,117.05541
GlcADG(2:0_26:1)+NH4,704.49489,511.43625,493.42569,451.41512,117.0554
GlcADG(2:0_26:2)+NH4,702.47924,509.4206,491.41004,449.39947,117.05539
GlcADG(2:0_3:0)+NH4,384.15058,191.09194,173.08138,131.07082,117.05518
GlcADG(2:0_4:0)+NH4,398.16623,205.10759,187.09703,145.08647,117.05519
GlcADG(2:0_5:0)+NH4,412.18188,219.12324,201.11268,159.10212,117.0552
GlcADG(2:0_6:0)+NH4,426.19753,233.13889,215.12833,173.11777,117.05521
GlcADG(2:0_7:0)+NH4,440.21318,247.15454,229.14398,187.13342,117.05522
GlcADG(2:0_8:0)+NH4,454.22883,261.17019,243.15963,201.14907,117.05523
GlcADG(2:0_9:0)+NH4,468.24448,275.18584,257.17528,215.16472,117.05524
GlcADG(20:0_20:0)+NH4,874.69834,681.6397,663.62914,369.33705,369.33705
GlcADG(20:0_20:1)+NH4,872.68269,679.62405,661.61349,367.3214,369.33704
GlcADG(20:0_20:2)+NH4,870.66704,677.6084,659.59784,365.30575,369.33703
GlcADG(20:0_20:3)+NH4,868.65139,675.59275,657.58219,363.2901,369.33702
GlcADG(20:0_20:4)+NH4,866.63574,673.5771,655.56654,361.27445,369.33701
GlcADG(20:0_20:5)+NH4,864.62009,671.56145,653.55089,359.2588,369.337
GlcADG(20:0_21:0)+NH4,888.71399,695.65535,677.64479,383.3527,369.33706
GlcADG(20:0_22:0)+NH4,902.72964,709.671,691.66044,397.36835,369.33707
GlcADG(20:0_22:1)+NH4,900.71399,707.65535,689.64479,395.3527,369.33706
GlcADG(20:0_22:2)+NH4,898.69834,705.6397,687.62914,393.33705,369.33705
GlcADG(20:0_22:4)+NH4,894.66704,701.6084,683.59784,389.30575,369.33703
GlcADG(20:0_22:5)+NH4,892.65139,699.59275,681.58219,387.2901,369.33702
GlcADG(20:0_22:6)+NH4,890.63574,697.5771,679.56654,385.27445,369.33701
GlcADG(20:0_23:0)+NH4,916.74529,723.68665,705.67609,411.384,369.33708
GlcADG(20:0_24:0)+NH4,930.76094,737.7023,719.69174,425.39965,369.33709
GlcADG(20:0_24:1)+NH4,928.74529,735.68665,717.67609,423.384,369.33708
GlcADG(20:0_24:4)+NH4,922.69834,729.6397,711.62914,417.33705,369.33705
GlcADG(20:0_25:0)+NH4,944.77659,751.71795,733.70739,439.4153,369.3371
GlcADG(20:0_26:0)+NH4,958.79224,765.7336,747.72304,453.43095,369.33711
GlcADG(20:0_26:1)+NH4,956.77659,763.71795,745.70739,451.4153,369.3371
GlcADG(20:0_26:2)+NH4,954.76094,761.7023,743.69174,449.39965,369.33709
GlcADG(20:0_3:0)+NH4,636.43229,443.37365,425.36309,131.071,369.33688
GlcADG(20:0_4:0)+NH4,650.44794,457.3893,439.37874,145.08665,369.33689
GlcADG(20:0_5:0)+NH4,664.46359,471.40495,453.39439,159.1023,369.3369
GlcADG(20:0_6:0)+NH4,678.47924,485.4206,467.41004,173.11795,369.33691
GlcADG(20:0_7:0)+NH4,692.49489,499.43625,481.42569,187.1336,369.33692
GlcADG(20:0_8:0)+NH4,706.51054,513.4519,495.44134,201.14925,369.33693
GlcADG(20:0_9:0)+NH4,720.52619,527.46755,509.45699,215.1649,369.33694
GlcADG(20:1_20:1)+NH4,870.66704,677.6084,659.59784,367.32139,367.32139
GlcADG(20:1_20:2)+NH4,868.65139,675.59275,657.58219,365.30574,367.32138
GlcADG(20:1_20:3)+NH4,866.63574,673.5771,655.56654,363.29009,367.32137
GlcADG(20:1_20:4)+NH4,864.62009,671.56145,653.55089,361.27444,367.32136
GlcADG(20:1_20:5)+NH4,862.60444,669.5458,651.53524,359.25879,367.32135
GlcADG(20:1_21:0)+NH4,886.69834,693.6397,675.62914,383.35269,367.32141
GlcADG(20:1_22:0)+NH4,900.71399,707.65535,689.64479,397.36834,367.32142
GlcADG(20:1_22:1)+NH4,898.69834,705.6397,687.62914,395.35269,367.32141
GlcADG(20:1_22:2)+NH4,896.68269,703.62405,685.61349,393.33704,367.3214
GlcADG(20:1_22:4)+NH4,892.65139,699.59275,681.58219,389.30574,367.32138
GlcADG(20:1_22:5)+NH4,890.63574,697.5771,679.56654,387.29009,367.32137
GlcADG(20:1_22:6)+NH4,888.62009,695.56145,677.55089,385.27444,367.32136
GlcADG(20:1_23:0)+NH4,914.72964,721.671,703.66044,411.38399,367.32143
GlcADG(20:1_24:0)+NH4,928.74529,735.68665,717.67609,425.39964,367.32144
GlcADG(20:1_24:1)+NH4,926.72964,733.671,715.66044,423.38399,367.32143
GlcADG(20:1_24:4)+NH4,920.68269,727.62405,709.61349,417.33704,367.3214
GlcADG(20:1_25:0)+NH4,942.76094,749.7023,731.69174,439.41529,367.32145
GlcADG(20:1_26:0)+NH4,956.77659,763.71795,745.70739,453.43094,367.32146
GlcADG(20:1_26:1)+NH4,954.76094,761.7023,743.69174,451.41529,367.32145
GlcADG(20:1_26:2)+NH4,952.74529,759.68665,741.67609,449.39964,367.32144
GlcADG(20:1_3:0)+NH4,634.41664,441.358,423.34744,131.07099,367.32123
GlcADG(20:1_4:0)+NH4,648.43229,455.37365,437.36309,145.08664,367.32124
GlcADG(20:1_5:0)+NH4,662.44794,469.3893,451.37874,159.10229,367.32125
GlcADG(20:1_6:0)+NH4,676.46359,483.40495,465.39439,173.11794,367.32126
GlcADG(20:1_7:0)+NH4,690.47924,497.4206,479.41004,187.13359,367.32127
GlcADG(20:1_8:0)+NH4,704.49489,511.43625,493.42569,201.14924,367.32128
GlcADG(20:1_9:0)+NH4,718.51054,525.4519,507.44134,215.16489,367.32129
GlcADG(20:2_20:2)+NH4,866.63574,673.5771,655.56654,365.30573,365.30573
GlcADG(20:2_20:3)+NH4,864.62009,671.56145,653.55089,363.29008,365.30572
GlcADG(20:2_20:4)+NH4,862.60444,669.5458,651.53524,361.27443,365.30571
GlcADG(20:2_20:5)+NH4,860.58879,667.53015,649.51959,359.25878,365.3057
GlcADG(20:2_21:0)+NH4,884.68269,691.62405,673.61349,383.35268,365.30576
GlcADG(20:2_22:0)+NH4,898.69834,705.6397,687.62914,397.36833,365.30577
GlcADG(20:2_22:1)+NH4,896.68269,703.62405,685.61349,395.35268,365.30576
GlcADG(20:2_22:2)+NH4,894.66704,701.6084,683.59784,393.33703,365.30575
GlcADG(20:2_22:4)+NH4,890.63574,697.5771,679.56654,389.30573,365.30573
GlcADG(20:2_22:5)+NH4,888.62009,695.56145,677.55089,387.29008,365.30572
GlcADG(20:2_22:6)+NH4,886.60444,693.5458,675.53524,385.27443,365.30571
GlcADG(20:2_23:0)+NH4,912.71399,719.65535,701.64479,411.38398,365.30578
GlcADG(20:2_24:0)+NH4,926.72964,733.671,715.66044,425.39963,365.30579
GlcADG(20:2_24:1)+NH4,924.71399,731.65535,713.64479,423.38398,365.30578
GlcADG(20:2_24:4)+NH4,918.66704,725.6084,707.59784,417.33703,365.30575
GlcADG(20:2_25:0)+NH4,940.74529,747.68665,729.67609,439.41528,365.3058
GlcADG(20:2_26:0)+NH4,954.76094,761.7023,743.69174,453.43093,365.30581
GlcADG(20:2_26:1)+NH4,952.74529,759.68665,741.67609,451.41528,365.3058
GlcADG(20:2_26:2)+NH4,950.72964,757.671,739.66044,449.39963,365.30579
GlcADG(20:2_3:0)+NH4,632.40098,439.34234,421.33178,131.07098,365.30558
GlcADG(20:2_4:0)+NH4,646.41664,453.358,435.34744,145.08663,365.30559
GlcADG(20:2_5:0)+NH4,660.43229,467.37365,449.36309,159.10228,365.3056
GlcADG(20:2_6:0)+NH4,674.44794,481.3893,463.37874,173.11793,365.30561
GlcADG(20:2_7:0)+NH4,688.46359,495.40495,477.39439,187.13358,365.30562
GlcADG(20:2_8:0)+NH4,702.47924,509.4206,491.41004,201.14923,365.30563
GlcADG(20:2_9:0)+NH4,716.49489,523.43625,505.42569,215.16488,365.30564
GlcADG(20:3_20:3)+NH4,862.60444,669.5458,651.53524,363.29007,363.29007
GlcADG(20:3_20:4)+NH4,860.58879,667.53015,649.51959,361.27442,363.29006
GlcADG(20:3_20:5)+NH4,858.57314,665.5145,647.50394,359.25877,363.29005
GlcADG(20:3_21:0)+NH4,882.66704,689.6084,671.59784,383.35267,363.29011
GlcADG(20:3_22:0)+NH4,896.68269,703.62405,685.61349,397.36832,363.29012
GlcADG(20:3_22:1)+NH4,894.66704,701.6084,683.59784,395.35267,363.29011
GlcADG(20:3_22:2)+NH4,892.65139,699.59275,681.58219,393.33702,363.2901
GlcADG(20:3_22:4)+NH4,888.62009,695.56145,677.55089,389.30572,363.29008
GlcADG(20:3_22:5)+NH4,886.60444,693.5458,675.53524,387.29007,363.29007
GlcADG(20:3_22:6)+NH4,884.58879,691.53015,673.51959,385.27442,363.29006
GlcADG(20:3_23:0)+NH4,910.69834,717.6397,699.62914,411.38397,363.29013
GlcADG(20:3_24:0)+NH4,924.71399,731.65535,713.64479,425.39962,363.29014
GlcADG(20:3_24:1)+NH4,922.69834,729.6397,711.62914,423.38397,363.29013
GlcADG(20:3_24:4)+NH4,916.65139,723.59275,705.58219,417.33702,363.2901
GlcADG(20:3_25:0)+NH4,938.72964,745.671,727.66044,439.41527,363.29015
GlcADG(20:3_26:0)+NH4,952.74529,759.68665,741.67609,453.43092,363.29016
GlcADG(20:3_26:1)+NH4,950.72964,757.671,739.66044,451.41527,363.29015
GlcADG(20:3_26:2)+NH4,948.71399,755.65535,737.64479,449.39962,363.29014
GlcADG(20:3_3:0)+NH4,630.38533,437.32669,419.31613,131.07097,363.28993
GlcADG(20:3_4:0)+NH4,644.40098,451.34234,433.33178,145.08662,363.28994
GlcADG(20:3_5:0)+NH4,658.41664,465.358,447.34744,159.10227,363.28995
GlcADG(20:3_6:0)+NH4,672.43229,479.37365,461.36309,173.11792,363.28996
GlcADG(20:3_7:0)+NH4,686.44794,493.3893,475.37874,187.13357,363.28997
GlcADG(20:3_8:0)+NH4,700.46359,507.40495,489.39439,201.14922,363.28998
GlcADG(20:3_9:0)+NH4,714.47924,521.4206,503.41004,215.16487,363.28999
GlcADG(20:4_20:4)+NH4,858.57314,665.5145,647.50394,361.27441,361.27441
GlcADG(20:4_20:5)+NH4,856.55749,663.49885,645.48829,359.25876,361.2744
GlcADG(20:4_21:0)+NH4,880.65139,687.59275,669.58219,383.35266,361.27446
GlcADG(20:4_22:0)+NH4,894.66704,701.6084,683.59784,397.36831,361.27447
GlcADG(20:4_22:1)+NH4,892.65139,699.59275,681.58219,395.35266,361.27446
GlcADG(20:4_22:2)+NH4,890.63574,697.5771,679.56654,393.33701,361.27445
GlcADG(20:4_22:4)+NH4,886.60444,693.5458,675.53524,389.30571,361.27443
GlcADG(20:4_22:5)+NH4,884.58879,691.53015,673.51959,387.29006,361.27442
GlcADG(20:4_22:6)+NH4,882.57314,689.5145,671.50394,385.27441,361.27441
GlcADG(20:4_23:0)+NH4,908.68269,715.62405,697.61349,411.38396,361.27448
GlcADG(20:4_24:0)+NH4,922.69834,729.6397,711.62914,425.39961,361.27449
GlcADG(20:4_24:1)+NH4,920.68269,727.62405,709.61349,423.38396,361.27448
GlcADG(20:4_24:4)+NH4,914.63574,721.5771,703.56654,417.33701,361.27445
GlcADG(20:4_25:0)+NH4,936.71399,743.65535,725.64479,439.41526,361.2745
GlcADG(20:4_26:0)+NH4,950.72964,757.671,739.66044,453.43091,361.27451
GlcADG(20:4_26:1)+NH4,948.71399,755.65535,737.64479,451.41526,361.2745
GlcADG(20:4_26:2)+NH4,946.69834,753.6397,735.62914,449.39961,361.27449
GlcADG(20:4_3:0)+NH4,628.36968,435.31104,417.30048,131.07096,361.27428
GlcADG(20:4_4:0)+NH4,642.38533,449.32669,431.31613,145.08661,361.27429
GlcADG(20:4_5:0)+NH4,656.40098,463.34234,445.33178,159.10226,361.2743
GlcADG(20:4_6:0)+NH4,670.41664,477.358,459.34744,173.11791,361.27431
GlcADG(20:4_7:0)+NH4,684.43229,491.37365,473.36309,187.13356,361.27432
GlcADG(20:4_8:0)+NH4,698.44794,505.3893,487.37874,201.14921,361.27433
GlcADG(20:4_9:0)+NH4,712.46359,519.40495,501.39439,215.16486,361.27434
GlcADG(20:5_20:5)+NH4,854.54184,661.4832,643.47264,359.25875,359.25875
GlcADG(20:5_21:0)+NH4,878.63574,685.5771,667.56654,383.35265,359.25881
GlcADG(20:5_22:0)+NH4,892.65139,699.59275,681.58219,397.3683,359.25882
GlcADG(20:5_22:1)+NH4,890.63574,697.5771,679.56654,395.35265,359.25881
GlcADG(20:5_22:2)+NH4,888.62009,695.56145,677.55089,393.337,359.2588
GlcADG(20:5_22:4)+NH4,884.58879,691.53015,673.51959,389.3057,359.25878
GlcADG(20:5_22:5)+NH4,882.57314,689.5145,671.50394,387.29005,359.25877
GlcADG(20:5_22:6)+NH4,880.55749,687.49885,669.48829,385.2744,359.25876
GlcADG(20:5_23:0)+NH4,906.66704,713.6084,695.59784,411.38395,359.25883
GlcADG(20:5_24:0)+NH4,920.68269,727.62405,709.61349,425.3996,359.25884
GlcADG(20:5_24:1)+NH4,918.66704,725.6084,707.59784,423.38395,359.25883
GlcADG(20:5_24:4)+NH4,912.62009,719.56145,701.55089,417.337,359.2588
GlcADG(20:5_25:0)+NH4,934.69834,741.6397,723.62914,439.41525,359.25885
GlcADG(20:5_26:0)+NH4,948.71399,755.65535,737.64479,453.4309,359.25886
GlcADG(20:5_26:1)+NH4,946.69834,753.6397,735.62914,451.41525,359.25885
GlcADG(20:5_26:2)+NH4,944.68269,751.62405,733.61349,449.3996,359.25884
GlcADG(20:5_3:0)+NH4,626.35403,433.29539,415.28483,131.07095,359.25863
GlcADG(20:5_4:0)+NH4,640.36968,447.31104,429.30048,145.0866,359.25864
GlcADG(20:5_5:0)+NH4,654.38533,461.32669,443.31613,159.10225,359.25865
GlcADG(20:5_6:0)+NH4,668.40098,475.34234,457.33178,173.1179,359.25866
GlcADG(20:5_7:0)+NH4,682.41664,489.358,471.34744,187.13355,359.25867
GlcADG(20:5_8:0)+NH4,696.43229,503.37365,485.36309,201.1492,359.25868
GlcADG(20:5_9:0)+NH4,710.44794,517.3893,499.37874,215.16485,359.25869
GlcADG(21:0_21:0)+NH4,902.72964,709.671,691.66044,383.35271,383.35271
GlcADG(21:0_22:0)+NH4,916.74529,723.68665,705.67609,397.36836,383.35272
GlcADG(21:0_22:1)+NH4,914.72964,721.671,703.66044,395.35271,383.35271
GlcADG(21:0_22:2)+NH4,912.71399,719.65535,701.64479,393.33706,383.3527
GlcADG(21:0_22:4)+NH4,908.68269,715.62405,697.61349,389.30576,383.35268
GlcADG(21:0_22:5)+NH4,906.66704,713.6084,695.59784,387.29011,383.35267
GlcADG(21:0_22:6)+NH4,904.65139,711.59275,693.58219,385.27446,383.35266
GlcADG(21:0_23:0)+NH4,930.76094,737.7023,719.69174,411.38401,383.35273
GlcADG(21:0_24:0)+NH4,944.77659,751.71795,733.70739,425.39966,383.35274
GlcADG(21:0_24:1)+NH4,942.76094,749.7023,731.69174,423.38401,383.35273
GlcADG(21:0_24:4)+NH4,936.71399,743.65535,725.64479,417.33706,383.3527
GlcADG(21:0_25:0)+NH4,958.79224,765.7336,747.72304,439.41531,383.35275
GlcADG(21:0_26:0)+NH4,972.80789,779.74925,761.73869,453.43096,383.35276
GlcADG(21:0_26:1)+NH4,970.79224,777.7336,759.72304,451.41531,383.35275
GlcADG(21:0_26:2)+NH4,968.77659,775.71795,757.70739,449.39966,383.35274
GlcADG(21:0_3:0)+NH4,650.44794,457.3893,439.37874,131.07101,383.35253
GlcADG(21:0_4:0)+NH4,664.46359,471.40495,453.39439,145.08666,383.35254
GlcADG(21:0_5:0)+NH4,678.47924,485.4206,467.41004,159.10231,383.35255
GlcADG(21:0_6:0)+NH4,692.49489,499.43625,481.42569,173.11796,383.35256
GlcADG(21:0_7:0)+NH4,706.51054,513.4519,495.44134,187.13361,383.35257
GlcADG(21:0_8:0)+NH4,720.52619,527.46755,509.45699,201.14926,383.35258
GlcADG(21:0_9:0)+NH4,734.54184,541.4832,523.47264,215.16491,383.35259
GlcADG(22:0_22:0)+NH4,930.76094,737.7023,719.69174,397.36837,397.36837
GlcADG(22:0_22:1)+NH4,928.74529,735.68665,717.67609,395.35272,397.36836
GlcADG(22:0_22:2)+NH4,926.72964,733.671,715.66044,393.33707,397.36835
GlcADG(22:0_22:4)+NH4,922.69834,729.6397,711.62914,389.30577,397.36833
GlcADG(22:0_22:5)+NH4,920.68269,727.62405,709.61349,387.29012,397.36832
GlcADG(22:0_22:6)+NH4,918.66704,725.6084,707.59784,385.27447,397.36831
GlcADG(22:0_23:0)+NH4,944.77659,751.71795,733.70739,411.38402,397.36838
GlcADG(22:0_24:0)+NH4,958.79224,765.7336,747.72304,425.39967,397.36839
GlcADG(22:0_24:1)+NH4,956.77659,763.71795,745.70739,423.38402,397.36838
GlcADG(22:0_24:4)+NH4,950.72964,757.671,739.66044,417.33707,397.36835
GlcADG(22:0_25:0)+NH4,972.80789,779.74925,761.73869,439.41532,397.3684
GlcADG(22:0_26:0)+NH4,986.82354,793.7649,775.75434,453.43097,397.36841
GlcADG(22:0_26:1)+NH4,984.80789,791.74925,773.73869,451.41532,397.3684
GlcADG(22:0_26:2)+NH4,982.79224,789.7336,771.72304,449.39967,397.36839
GlcADG(22:0_3:0)+NH4,664.46359,471.40495,453.39439,131.07102,397.36818
GlcADG(22:0_4:0)+NH4,678.47924,485.4206,467.41004,145.08667,397.36819
GlcADG(22:0_5:0)+NH4,692.49489,499.43625,481.42569,159.10232,397.3682
GlcADG(22:0_6:0)+NH4,706.51054,513.4519,495.44134,173.11797,397.36821
GlcADG(22:0_7:0)+NH4,720.52619,527.46755,509.45699,187.13362,397.36822
GlcADG(22:0_8:0)+NH4,734.54184,541.4832,523.47264,201.14927,397.36823
GlcADG(22:0_9:0)+NH4,748.55749,555.49885,537.48829,215.16492,397.36824
GlcADG(22:1_22:1)+NH4,926.72964,733.671,715.66044,395.35271,395.35271
GlcADG(22:1_22:2)+NH4,924.71399,731.65535,713.64479,393.33706,395.3527
GlcADG(22:1_22:4)+NH4,920.68269,727.62405,709.61349,389.30576,395.35268
GlcADG(22:1_22:5)+NH4,918.66704,725.6084,707.59784,387.29011,395.35267
GlcADG(22:1_22:6)+NH4,916.65139,723.59275,705.58219,385.27446,395.35266
GlcADG(22:1_23:0)+NH4,942.76094,749.7023,731.69174,411.38401,395.35273
GlcADG(22:1_24:0)+NH4,956.77659,763.71795,745.70739,425.39966,395.35274
GlcADG(22:1_24:1)+NH4,954.76094,761.7023,743.69174,423.38401,395.35273
GlcADG(22:1_24:4)+NH4,948.71399,755.65535,737.64479,417.33706,395.3527
GlcADG(22:1_25:0)+NH4,970.79224,777.7336,759.72304,439.41531,395.35275
GlcADG(22:1_26:0)+NH4,984.80789,791.74925,773.73869,453.43096,395.35276
GlcADG(22:1_26:1)+NH4,982.79224,789.7336,771.72304,451.41531,395.35275
GlcADG(22:1_26:2)+NH4,980.77659,787.71795,769.70739,449.39966,395.35274
GlcADG(22:1_3:0)+NH4,662.44794,469.3893,451.37874,131.07101,395.35253
GlcADG(22:1_4:0)+NH4,676.46359,483.40495,465.39439,145.08666,395.35254
GlcADG(22:1_5:0)+NH4,690.47924,497.4206,479.41004,159.10231,395.35255
GlcADG(22:1_6:0)+NH4,704.49489,511.43625,493.42569,173.11796,395.35256
GlcADG(22:1_7:0)+NH4,718.51054,525.4519,507.44134,187.13361,395.35257
GlcADG(22:1_8:0)+NH4,732.52619,539.46755,521.45699,201.14926,395.35258
GlcADG(22:1_9:0)+NH4,746.54184,553.4832,535.47264,215.16491,395.35259
GlcADG(22:2_22:2)+NH4,922.69834,729.6397,711.62914,393.33705,393.33705
GlcADG(22:2_22:4)+NH4,918.66704,725.6084,707.59784,389.30575,393.33703
GlcADG(22:2_22:5)+NH4,916.65139,723.59275,705.58219,387.2901,393.33702
GlcADG(22:2_22:6)+NH4,914.63574,721.5771,703.56654,385.27445,393.33701
GlcADG(22:2_23:0)+NH4,940.74529,747.68665,729.67609,411.384,393.33708
GlcADG(22:2_24:0)+NH4,954.76094,761.7023,743.69174,425.39965,393.33709
GlcADG(22:2_24:1)+NH4,952.74529,759.68665,741.67609,423.384,393.33708
GlcADG(22:2_24:4)+NH4,946.69834,753.6397,735.62914,417.33705,393.33705
GlcADG(22:2_25:0)+NH4,968.77659,775.71795,757.70739,439.4153,393.3371
GlcADG(22:2_26:0)+NH4,982.79224,789.7336,771.72304,453.43095,393.33711
GlcADG(22:2_26:1)+NH4,980.77659,787.71795,769.70739,451.4153,393.3371
GlcADG(22:2_26:2)+NH4,978.76094,785.7023,767.69174,449.39965,393.33709
GlcADG(22:2_3:0)+NH4,660.43229,467.37365,449.36309,131.071,393.33688
GlcADG(22:2_4:0)+NH4,674.44794,481.3893,463.37874,145.08665,393.33689
GlcADG(22:2_5:0)+NH4,688.46359,495.40495,477.39439,159.1023,393.3369
GlcADG(22:2_6:0)+NH4,702.47924,509.4206,491.41004,173.11795,393.33691
GlcADG(22:2_7:0)+NH4,716.49489,523.43625,505.42569,187.1336,393.33692
GlcADG(22:2_8:0)+NH4,730.51054,537.4519,519.44134,201.14925,393.33693
GlcADG(22:2_9:0)+NH4,744.52619,551.46755,533.45699,215.1649,393.33694
GlcADG(22:4_22:4)+NH4,914.63574,721.5771,703.56654,389.30573,389.30573
GlcADG(22:4_22:5)+NH4,912.62009,719.56145,701.55089,387.29008,389.30572
GlcADG(22:4_22:6)+NH4,910.60444,717.5458,699.53524,385.27443,389.30571
GlcADG(22:4_23:0)+NH4,936.71399,743.65535,725.64479,411.38398,389.30578
GlcADG(22:4_24:0)+NH4,950.72964,757.671,739.66044,425.39963,389.30579
GlcADG(22:4_24:1)+NH4,948.71399,755.65535,737.64479,423.38398,389.30578
GlcADG(22:4_24:4)+NH4,942.66704,749.6084,731.59784,417.33703,389.30575
GlcADG(22:4_25:0)+NH4,964.74529,771.68665,753.67609,439.41528,389.3058
GlcADG(22:4_26:0)+NH4,978.76094,785.7023,767.69174,453.43093,389.30581
GlcADG(22:4_26:1)+NH4,976.74529,783.68665,765.67609,451.41528,389.3058
GlcADG(22:4_26:2)+NH4,974.72964,781.671,763.66044,449.39963,389.30579
GlcADG(22:4_3:0)+NH4,656.40098,463.34234,445.33178,131.07098,389.30558
GlcADG(22:4_4:0)+NH4,670.41664,477.358,459.34744,145.08663,389.30559
GlcADG(22:4_5:0)+NH4,684.43229,491.37365,473.36309,159.10228,389.3056
GlcADG(22:4_6:0)+NH4,698.44794,505.3893,487.37874,173.11793,389.30561
GlcADG(22:4_7:0)+NH4,712.46359,519.40495,501.39439,187.13358,389.30562
GlcADG(22:4_8:0)+NH4,726.47924,533.4206,515.41004,201.14923,389.30563
GlcADG(22:4_9:0)+NH4,740.49489,547.43625,529.42569,215.16488,389.30564
GlcADG(22:5_22:5)+NH4,910.60444,717.5458,699.53524,387.29007,387.29007
GlcADG(22:5_22:6)+NH4,908.58879,715.53015,697.51959,385.27442,387.29006
GlcADG(22:5_23:0)+NH4,934.69834,741.6397,723.62914,411.38397,387.29013
GlcADG(22:5_24:0)+NH4,948.71399,755.65535,737.64479,425.39962,387.29014
GlcADG(22:5_24:1)+NH4,946.69834,753.6397,735.62914,423.38397,387.29013
GlcADG(22:5_24:4)+NH4,940.65139,747.59275,729.58219,417.33702,387.2901
GlcADG(22:5_25:0)+NH4,962.72964,769.671,751.66044,439.41527,387.29015
GlcADG(22:5_26:0)+NH4,976.74529,783.68665,765.67609,453.43092,387.29016
GlcADG(22:5_26:1)+NH4,974.72964,781.671,763.66044,451.41527,387.29015
GlcADG(22:5_26:2)+NH4,972.71399,779.65535,761.64479,449.39962,387.29014
GlcADG(22:5_3:0)+NH4,654.38533,461.32669,443.31613,131.07097,387.28993
GlcADG(22:5_4:0)+NH4,668.40098,475.34234,457.33178,145.08662,387.28994
GlcADG(22:5_5:0)+NH4,682.41664,489.358,471.34744,159.10227,387.28995
GlcADG(22:5_6:0)+NH4,696.43229,503.37365,485.36309,173.11792,387.28996
GlcADG(22:5_7:0)+NH4,710.44794,517.3893,499.37874,187.13357,387.28997
GlcADG(22:5_8:0)+NH4,724.46359,531.40495,513.39439,201.14922,387.28998
GlcADG(22:5_9:0)+NH4,738.47924,545.4206,527.41004,215.16487,387.28999
GlcADG(22:6_22:6)+NH4,906.57314,713.5145,695.50394,385.27441,385.27441
GlcADG(22:6_23:0)+NH4,932.68269,739.62405,721.61349,411.38396,385.27448
GlcADG(22:6_24:0)+NH4,946.69834,753.6397,735.62914,425.39961,385.27449
GlcADG(22:6_24:1)+NH4,944.68269,751.62405,733.61349,423.38396,385.27448
GlcADG(22:6_24:4)+NH4,938.63574,745.5771,727.56654,417.33701,385.27445
GlcADG(22:6_25:0)+NH4,960.71399,767.65535,749.64479,439.41526,385.2745
GlcADG(22:6_26:0)+NH4,974.72964,781.671,763.66044,453.43091,385.27451
GlcADG(22:6_26:1)+NH4,972.71399,779.65535,761.64479,451.41526,385.2745
GlcADG(22:6_26:2)+NH4,970.69834,777.6397,759.62914,449.39961,385.27449
GlcADG(22:6_3:0)+NH4,652.36968,459.31104,441.30048,131.07096,385.27428
GlcADG(22:6_4:0)+NH4,666.38533,473.32669,455.31613,145.08661,385.27429
GlcADG(22:6_5:0)+NH4,680.40098,487.34234,469.33178,159.10226,385.2743
GlcADG(22:6_6:0)+NH4,694.41664,501.358,483.34744,173.11791,385.27431
GlcADG(22:6_7:0)+NH4,708.43229,515.37365,497.36309,187.13356,385.27432
GlcADG(22:6_8:0)+NH4,722.44794,529.3893,511.37874,201.14921,385.27433
GlcADG(22:6_9:0)+NH4,736.46359,543.40495,525.39439,215.16486,385.27434
GlcADG(23:0_23:0)+NH4,958.79224,765.7336,747.72304,411.38403,411.38403
GlcADG(23:0_24:0)+NH4,972.80789,779.74925,761.73869,425.39968,411.38404
GlcADG(23:0_24:1)+NH4,970.79224,777.7336,759.72304,423.38403,411.38403
GlcADG(23:0_24:4)+NH4,964.74529,771.68665,753.67609,417.33708,411.384
GlcADG(23:0_25:0)+NH4,986.82354,793.7649,775.75434,439.41533,411.38405
GlcADG(23:0_26:0)+NH4,1000.83919,807.78055,789.76999,453.43098,411.38406
GlcADG(23:0_26:1)+NH4,998.82354,805.7649,787.75434,451.41533,411.38405
GlcADG(23:0_26:2)+NH4,996.80789,803.74925,785.73869,449.39968,411.38404
GlcADG(23:0_3:0)+NH4,678.47924,485.4206,467.41004,131.07103,411.38383
GlcADG(23:0_4:0)+NH4,692.49489,499.43625,481.42569,145.08668,411.38384
GlcADG(23:0_5:0)+NH4,706.51054,513.4519,495.44134,159.10233,411.38385
GlcADG(23:0_6:0)+NH4,720.52619,527.46755,509.45699,173.11798,411.38386
GlcADG(23:0_7:0)+NH4,734.54184,541.4832,523.47264,187.13363,411.38387
GlcADG(23:0_8:0)+NH4,748.55749,555.49885,537.48829,201.14928,411.38388
GlcADG(23:0_9:0)+NH4,762.57314,569.5145,551.50394,215.16493,411.38389
GlcADG(24:0_24:0)+NH4,986.82354,793.7649,775.75434,425.39969,425.39969
GlcADG(24:0_24:1)+NH4,984.80789,791.74925,773.73869,423.38404,425.39968
GlcADG(24:0_24:4)+NH4,978.76094,785.7023,767.69174,417.33709,425.39965
GlcADG(24:0_25:0)+NH4,1000.83919,807.78055,789.76999,439.41534,425.3997
GlcADG(24:0_26:0)+NH4,1014.85484,821.7962,803.78564,453.43099,425.39971
GlcADG(24:0_26:1)+NH4,1012.83919,819.78055,801.76999,451.41534,425.3997
GlcADG(24:0_26:2)+NH4,1010.82354,817.7649,799.75434,449.39969,425.39969
GlcADG(24:0_3:0)+NH4,692.49489,499.43625,481.42569,131.07104,425.39948
GlcADG(24:0_4:0)+NH4,706.51054,513.4519,495.44134,145.08669,425.39949
GlcADG(24:0_5:0)+NH4,720.52619,527.46755,509.45699,159.10234,425.3995
GlcADG(24:0_6:0)+NH4,734.54184,541.4832,523.47264,173.11799,425.39951
GlcADG(24:0_7:0)+NH4,748.55749,555.49885,537.48829,187.13364,425.39952
GlcADG(24:0_8:0)+NH4,762.57314,569.5145,551.50394,201.14929,425.39953
GlcADG(24:0_9:0)+NH4,776.58879,583.53015,565.51959,215.16494,425.39954
GlcADG(24:1_24:1)+NH4,982.79224,789.7336,771.72304,423.38403,423.38403
GlcADG(24:1_24:4)+NH4,976.74529,783.68665,765.67609,417.33708,423.384
GlcADG(24:1_25:0)+NH4,998.82354,805.7649,787.75434,439.41533,423.38405
GlcADG(24:1_26:0)+NH4,1012.83919,819.78055,801.76999,453.43098,423.38406
GlcADG(24:1_26:1)+NH4,1010.82354,817.7649,799.75434,451.41533,423.38405
GlcADG(24:1_26:2)+NH4,1008.80789,815.74925,797.73869,449.39968,423.38404
GlcADG(24:1_3:0)+NH4,690.47924,497.4206,479.41004,131.07103,423.38383
GlcADG(24:1_4:0)+NH4,704.49489,511.43625,493.42569,145.08668,423.38384
GlcADG(24:1_5:0)+NH4,718.51054,525.4519,507.44134,159.10233,423.38385
GlcADG(24:1_6:0)+NH4,732.52619,539.46755,521.45699,173.11798,423.38386
GlcADG(24:1_7:0)+NH4,746.54184,553.4832,535.47264,187.13363,423.38387
GlcADG(24:1_8:0)+NH4,760.55749,567.49885,549.48829,201.14928,423.38388
GlcADG(24:1_9:0)+NH4,774.57314,581.5145,563.50394,215.16493,423.38389
GlcADG(24:4_24:4)+NH4,970.69834,777.6397,759.62914,417.33705,417.33705
GlcADG(24:4_25:0)+NH4,992.77659,799.71795,781.70739,439.4153,417.3371
GlcADG(24:4_26:0)+NH4,1006.79224,813.7336,795.72304,453.43095,417.33711
GlcADG(24:4_26:1)+NH4,1004.77659,811.71795,793.70739,451.4153,417.3371
GlcADG(24:4_26:2)+NH4,1002.76094,809.7023,791.69174,449.39965,417.33709
GlcADG(24:4_3:0)+NH4,684.43229,491.37365,473.36309,131.071,417.33688
GlcADG(24:4_4:0)+NH4,698.44794,505.3893,487.37874,145.08665,417.33689
GlcADG(24:4_5:0)+NH4,712.46359,519.40495,501.39439,159.1023,417.3369
GlcADG(24:4_6:0)+NH4,726.47924,533.4206,515.41004,173.11795,417.33691
GlcADG(24:4_7:0)+NH4,740.49489,547.43625,529.42569,187.1336,417.33692
GlcADG(24:4_8:0)+NH4,754.51054,561.4519,543.44134,201.14925,417.33693
GlcADG(24:4_9:0)+NH4,768.52619,575.46755,557.45699,215.1649,417.33694
GlcADG(25:0_25:0)+NH4,1014.85484,821.7962,803.78564,439.41535,439.41535
GlcADG(25:0_26:0)+NH4,1028.87049,835.81185,817.80129,453.431,439.41536
GlcADG(25:0_26:1)+NH4,1026.85484,833.7962,815.78564,451.41535,439.41535
GlcADG(25:0_26:2)+NH4,1024.83919,831.78055,813.76999,449.3997,439.41534
GlcADG(25:0_3:0)+NH4,706.51054,513.4519,495.44134,131.07105,439.41513
GlcADG(25:0_4:0)+NH4,720.52619,527.46755,509.45699,145.0867,439.41514
GlcADG(25:0_5:0)+NH4,734.54184,541.4832,523.47264,159.10235,439.41515
GlcADG(25:0_6:0)+NH4,748.55749,555.49885,537.48829,173.118,439.41516
GlcADG(25:0_7:0)+NH4,762.57314,569.5145,551.50394,187.13365,439.41517
GlcADG(25:0_8:0)+NH4,776.58879,583.53015,565.51959,201.1493,439.41518
GlcADG(25:0_9:0)+NH4,790.60444,597.5458,579.53524,215.16495,439.41519
GlcADG(26:0_26:0)+NH4,1042.88614,849.8275,831.81694,453.43101,453.43101
GlcADG(26:0_26:1)+NH4,1040.87049,847.81185,829.80129,451.41536,453.431
GlcADG(26:0_26:2)+NH4,1038.85484,845.7962,827.78564,449.39971,453.43099
GlcADG(26:0_3:0)+NH4,720.52619,527.46755,509.45699,131.07106,453.43078
GlcADG(26:0_4:0)+NH4,734.54184,541.4832,523.47264,145.08671,453.43079
GlcADG(26:0_5:0)+NH4,748.55749,555.49885,537.48829,159.10236,453.4308
GlcADG(26:0_6:0)+NH4,762.57314,569.5145,551.50394,173.11801,453.43081
GlcADG(26:0_7:0)+NH4,776.58879,583.53015,565.51959,187.13366,453.43082
GlcADG(26:0_8:0)+NH4,790.60444,597.5458,579.53524,201.14931,453.43083
GlcADG(26:0_9:0)+NH4,804.62009,611.56145,593.55089,215.16496,453.43084
GlcADG(26:1_26:1)+NH4,1038.85484,845.7962,827.78564,451.41535,451.41535
GlcADG(26:1_26:2)+NH4,1036.83919,843.78055,825.76999,449.3997,451.41534
GlcADG(26:1_3:0)+NH4,718.51054,525.4519,507.44134,131.07105,451.41513
GlcADG(26:1_4:0)+NH4,732.52619,539.46755,521.45699,145.0867,451.41514
GlcADG(26:1_5:0)+NH4,746.54184,553.4832,535.47264,159.10235,451.41515
GlcADG(26:1_6:0)+NH4,760.55749,567.49885,549.48829,173.118,451.41516
GlcADG(26:1_7:0)+NH4,774.57314,581.5145,563.50394,187.13365,451.41517
GlcADG(26:1_8:0)+NH4,788.58879,595.53015,577.51959,201.1493,451.41518
GlcADG(26:1_9:0)+NH4,802.60444,609.5458,591.53524,215.16495,451.41519
GlcADG(26:2_26:2)+NH4,1034.82354,841.7649,823.75434,449.39969,449.39969
GlcADG(26:2_3:0)+NH4,716.49489,523.43625,505.42569,131.07104,449.39948
GlcADG(26:2_4:0)+NH4,730.51054,537.4519,519.44134,145.08669,449.39949
GlcADG(26:2_5:0)+NH4,744.52619,551.46755,533.45699,159.10234,449.3995
GlcADG(26:2_6:0)+NH4,758.54184,565.4832,547.47264,173.11799,449.39951
GlcADG(26:2_7:0)+NH4,772.55749,579.49885,561.48829,187.13364,449.39952
GlcADG(26:2_8:0)+NH4,786.57314,593.5145,575.50394,201.14929,449.39953
GlcADG(26:2_9:0)+NH4,800.58879,607.53015,589.51959,215.16494,449.39954
GlcADG(3:0_3:0)+NH4,398.16623,205.10759,187.09703,131.07083,131.07083
GlcADG(3:0_4:0)+NH4,412.18188,219.12324,201.11268,145.08648,131.07084
GlcADG(3:0_5:0)+NH4,426.19753,233.13889,215.12833,159.10213,131.07085
GlcADG(3:0_6:0)+NH4,440.21318,247.15454,229.14398,173.11778,131.07086
GlcADG(3:0_7:0)+NH4,454.22883,261.17019,243.15963,187.13343,131.07087
GlcADG(3:0_8:0)+NH4,468.24448,275.18584,257.17528,201.14908,131.07088
GlcADG(3:0_9:0)+NH4,482.26013,289.20149,271.19093,215.16473,131.07089
GlcADG(4:0_4:0)+NH4,426.19753,233.13889,215.12833,145.08649,145.08649
GlcADG(4:0_5:0)+NH4,440.21318,247.15454,229.14398,159.10214,145.0865
GlcADG(4:0_6:0)+NH4,454.22883,261.17019,243.15963,173.11779,145.08651
GlcADG(4:0_7:0)+NH4,468.24448,275.18584,257.17528,187.13344,145.08652
GlcADG(4:0_8:0)+NH4,482.26013,289.20149,271.19093,201.14909,145.08653
GlcADG(4:0_9:0)+NH4,496.27578,303.21714,285.20658,215.16474,145.08654
GlcADG(5:0_5:0)+NH4,454.22883,261.17019,243.15963,159.10215,159.10215
GlcADG(5:0_6:0)+NH4,468.24448,275.18584,257.17528,173.1178,159.10216
GlcADG(5:0_7:0)+NH4,482.26013,289.20149,271.19093,187.13345,159.10217
GlcADG(5:0_8:0)+NH4,496.27578,303.21714,285.20658,201.1491,159.10218
GlcADG(5:0_9:0)+NH4,510.29143,317.23279,299.22223,215.16475,159.10219
GlcADG(6:0_6:0)+NH4,482.26013,289.20149,271.19093,173.11781,173.11781
GlcADG(6:0_7:0)+NH4,496.27578,303.21714,285.20658,187.13346,173.11782
GlcADG(6:0_8:0)+NH4,510.29143,317.23279,299.22223,201.14911,173.11783
GlcADG(6:0_9:0)+NH4,524.30708,331.24844,313.23788,215.16476,173.11784
GlcADG(7:0_7:0)+NH4,510.29143,317.23279,299.22223,187.13347,187.13347
GlcADG(7:0_8:0)+NH4,524.30708,331.24844,313.23788,201.14912,187.13348
GlcADG(7:0_9:0)+NH4,538.32273,345.26409,327.25353,215.16477,187.13349
GlcADG(8:0_8:0)+NH4,538.32273,345.26409,327.25353,201.14913,201.14913
GlcADG(8:0_9:0)+NH4,552.33838,359.27974,341.26918,215.16478,201.14914
GlcADG(9:0_9:0)+NH4,566.35403,373.29539,355.28483,215.16479,215.16479
