PE,[M+Na]+,PreCursor -43,PreCursor -141,M+Na-43-SN1-H acyl loss,M+Na-43-SN2-H acyl loss,phosphoethanolamine+Na
PE(8:0_8:0)+Na,490.2540178,447.2118178,349.2349235,303.0969378,303.0969378,164.00888
PE(8:0_10:0)+Na,518.2853178,475.2431178,377.2662235,331.1282378,303.0969378,164.00888
PE(8:0_12:0)+Na,546.3166178,503.2744178,405.2975235,359.1595378,303.0969378,164.00888
PE(8:0_13:0)+Na,560.3323178,517.2901178,419.3132235,373.1752378,303.0969378,164.00888
PE(8:0_14:0)+Na,574.3479178,531.3057178,433.3288235,387.1908378,303.0969378,164.00888
PE(8:0_14:1)+Na,572.3323178,529.2901178,431.3132235,385.1752378,303.0969378,164.00888
PE(8:0_15:0)+Na,588.3636178,545.3214178,447.3445235,401.2065378,303.0969378,164.00888
PE(8:0_15:1)+Na,586.3479178,543.3057178,445.3288235,399.1908378,303.0969378,164.00888
PE(8:0_16:0)+Na,602.3792178,559.3370178,461.3601235,415.2221378,303.0969378,164.00888
PE(8:0_16:1)+Na,600.3636178,557.3214178,459.3445235,413.2065378,303.0969378,164.00888
PE(8:0_17:0)+Na,616.3949178,573.3527178,475.3758235,429.2378378,303.0969378,164.00888
PE(8:0_17:1)+Na,614.3792178,571.3370178,473.3601235,427.2221378,303.0969378,164.00888
PE(8:0_17:2)+Na,612.3636178,569.3214178,471.3445235,425.2065378,303.0969378,164.00888
PE(8:0_18:0)+Na,630.4105178,587.3683178,489.3914235,443.2534378,303.0969378,164.00888
PE(8:0_18:1)+Na,628.3949178,585.3527178,487.3758235,441.2378378,303.0969378,164.00888
PE(8:0_18:2)+Na,626.3792178,583.3370178,485.3601235,439.2221378,303.0969378,164.00888
PE(8:0_18:3)+Na,624.3636178,581.3214178,483.3445235,437.2065378,303.0969378,164.00888
PE(8:0_18:4)+Na,622.3479178,579.3057178,481.3288235,435.1908378,303.0969378,164.00888
PE(8:0_19:0)+Na,644.4262178,601.3840178,503.4071235,457.2691378,303.0969378,164.00888
PE(8:0_20:0)+Na,658.4418178,615.3996178,517.4227235,471.2847378,303.0969378,164.00888
PE(8:0_20:1)+Na,656.4262178,613.3840178,515.4071235,469.2691378,303.0969378,164.00888
PE(8:0_20:2)+Na,654.4105178,611.3683178,513.3914235,467.2534378,303.0969378,164.00888
PE(8:0_20:3)+Na,652.3949178,609.3527178,511.3758235,465.2378378,303.0969378,164.00888
PE(8:0_20:4)+Na,650.3792178,607.3370178,509.3601235,463.2221378,303.0969378,164.00888
PE(8:0_20:5)+Na,648.3636178,605.3214178,507.3445235,461.2065378,303.0969378,164.00888
PE(8:0_21:0)+Na,672.4575178,629.4153178,531.4384235,485.3004378,303.0969378,164.00888
PE(8:0_22:0)+Na,686.4731178,643.4309178,545.4540235,499.3160378,303.0969378,164.00888
PE(8:0_22:1)+Na,684.4575178,641.4153178,543.4384235,497.3004378,303.0969378,164.00888
PE(8:0_22:2)+Na,682.4418178,639.3996178,541.4227235,495.2847378,303.0969378,164.00888
PE(8:0_22:3)+Na,680.4262178,637.3840178,539.4071235,493.2691378,303.0969378,164.00888
PE(8:0_22:4)+Na,678.4105178,635.3683178,537.3914235,491.2534378,303.0969378,164.00888
PE(8:0_22:5)+Na,676.3949178,633.3527178,535.3758235,489.2378378,303.0969378,164.00888
PE(8:0_22:6)+Na,674.3792178,631.3370178,533.3601235,487.2221378,303.0969378,164.00888
PE(8:0_23:0)+Na,700.4888178,657.4466178,559.4697235,513.3317378,303.0969378,164.00888
PE(8:0_24:0)+Na,714.5044178,671.4622178,573.4853235,527.3473378,303.0969378,164.00888
PE(8:0_24:1)+Na,712.4888178,669.4466178,571.4697235,525.3317378,303.0969378,164.00888
PE(8:0_25:0)+Na,728.5201178,685.4779178,587.5010235,541.3630378,303.0969378,164.00888
PE(8:0_26:0)+Na,742.5357178,699.4935178,601.5166235,555.3786378,303.0969378,164.00888
PE(10:0_10:0)+Na,546.3166178,503.2744178,405.2975235,331.1282378,331.1282378,164.00888
PE(10:0_12:0)+Na,574.3479178,531.3057178,433.3288235,359.1595378,331.1282378,164.00888
PE(10:0_13:0)+Na,588.3636178,545.3214178,447.3445235,373.1752378,331.1282378,164.00888
PE(10:0_14:0)+Na,602.3792178,559.3370178,461.3601235,387.1908378,331.1282378,164.00888
PE(10:0_14:1)+Na,600.3636178,557.3214178,459.3445235,385.1752378,331.1282378,164.00888
PE(10:0_15:0)+Na,616.3949178,573.3527178,475.3758235,401.2065378,331.1282378,164.00888
PE(10:0_15:1)+Na,614.3792178,571.3370178,473.3601235,399.1908378,331.1282378,164.00888
PE(10:0_16:0)+Na,630.4105178,587.3683178,489.3914235,415.2221378,331.1282378,164.00888
PE(10:0_16:1)+Na,628.3949178,585.3527178,487.3758235,413.2065378,331.1282378,164.00888
PE(10:0_17:0)+Na,644.4262178,601.3840178,503.4071235,429.2378378,331.1282378,164.00888
PE(10:0_17:1)+Na,642.4105178,599.3683178,501.3914235,427.2221378,331.1282378,164.00888
PE(10:0_17:2)+Na,640.3949178,597.3527178,499.3758235,425.2065378,331.1282378,164.00888
PE(10:0_18:0)+Na,658.4418178,615.3996178,517.4227235,443.2534378,331.1282378,164.00888
PE(10:0_18:1)+Na,656.4262178,613.3840178,515.4071235,441.2378378,331.1282378,164.00888
PE(10:0_18:2)+Na,654.4105178,611.3683178,513.3914235,439.2221378,331.1282378,164.00888
PE(10:0_18:3)+Na,652.3949178,609.3527178,511.3758235,437.2065378,331.1282378,164.00888
PE(10:0_18:4)+Na,650.3792178,607.3370178,509.3601235,435.1908378,331.1282378,164.00888
PE(10:0_19:0)+Na,672.4575178,629.4153178,531.4384235,457.2691378,331.1282378,164.00888
PE(10:0_20:0)+Na,686.4731178,643.4309178,545.4540235,471.2847378,331.1282378,164.00888
PE(10:0_20:1)+Na,684.4575178,641.4153178,543.4384235,469.2691378,331.1282378,164.00888
PE(10:0_20:2)+Na,682.4418178,639.3996178,541.4227235,467.2534378,331.1282378,164.00888
PE(10:0_20:3)+Na,680.4262178,637.3840178,539.4071235,465.2378378,331.1282378,164.00888
PE(10:0_20:4)+Na,678.4105178,635.3683178,537.3914235,463.2221378,331.1282378,164.00888
PE(10:0_20:5)+Na,676.3949178,633.3527178,535.3758235,461.2065378,331.1282378,164.00888
PE(10:0_21:0)+Na,700.4888178,657.4466178,559.4697235,485.3004378,331.1282378,164.00888
PE(10:0_22:0)+Na,714.5044178,671.4622178,573.4853235,499.3160378,331.1282378,164.00888
PE(10:0_22:1)+Na,712.4888178,669.4466178,571.4697235,497.3004378,331.1282378,164.00888
PE(10:0_22:2)+Na,710.4731178,667.4309178,569.4540235,495.2847378,331.1282378,164.00888
PE(10:0_22:3)+Na,708.4575178,665.4153178,567.4384235,493.2691378,331.1282378,164.00888
PE(10:0_22:4)+Na,706.4418178,663.3996178,565.4227235,491.2534378,331.1282378,164.00888
PE(10:0_22:5)+Na,704.4262178,661.3840178,563.4071235,489.2378378,331.1282378,164.00888
PE(10:0_22:6)+Na,702.4105178,659.3683178,561.3914235,487.2221378,331.1282378,164.00888
PE(10:0_23:0)+Na,728.5201178,685.4779178,587.5010235,513.3317378,331.1282378,164.00888
PE(10:0_24:0)+Na,742.5357178,699.4935178,601.5166235,527.3473378,331.1282378,164.00888
PE(10:0_24:1)+Na,740.5201178,697.4779178,599.5010235,525.3317378,331.1282378,164.00888
PE(10:0_25:0)+Na,756.5514178,713.5092178,615.5323235,541.3630378,331.1282378,164.00888
PE(10:0_26:0)+Na,770.5670178,727.5248178,629.5479235,555.3786378,331.1282378,164.00888
PE(12:0_12:0)+Na,602.3792178,559.3370178,461.3601235,359.1595378,359.1595378,164.00888
PE(12:0_13:0)+Na,616.3949178,573.3527178,475.3758235,373.1752378,359.1595378,164.00888
PE(12:0_14:0)+Na,630.4105178,587.3683178,489.3914235,387.1908378,359.1595378,164.00888
PE(12:0_14:1)+Na,628.3949178,585.3527178,487.3758235,385.1752378,359.1595378,164.00888
PE(12:0_15:0)+Na,644.4262178,601.3840178,503.4071235,401.2065378,359.1595378,164.00888
PE(12:0_15:1)+Na,642.4105178,599.3683178,501.3914235,399.1908378,359.1595378,164.00888
PE(12:0_16:0)+Na,658.4418178,615.3996178,517.4227235,415.2221378,359.1595378,164.00888
PE(12:0_16:1)+Na,656.4262178,613.3840178,515.4071235,413.2065378,359.1595378,164.00888
PE(12:0_17:0)+Na,672.4575178,629.4153178,531.4384235,429.2378378,359.1595378,164.00888
PE(12:0_17:1)+Na,670.4418178,627.3996178,529.4227235,427.2221378,359.1595378,164.00888
PE(12:0_17:2)+Na,668.4262178,625.3840178,527.4071235,425.2065378,359.1595378,164.00888
PE(12:0_18:0)+Na,686.4731178,643.4309178,545.4540235,443.2534378,359.1595378,164.00888
PE(12:0_18:1)+Na,684.4575178,641.4153178,543.4384235,441.2378378,359.1595378,164.00888
PE(12:0_18:2)+Na,682.4418178,639.3996178,541.4227235,439.2221378,359.1595378,164.00888
PE(12:0_18:3)+Na,680.4262178,637.3840178,539.4071235,437.2065378,359.1595378,164.00888
PE(12:0_18:4)+Na,678.4105178,635.3683178,537.3914235,435.1908378,359.1595378,164.00888
PE(12:0_19:0)+Na,700.4888178,657.4466178,559.4697235,457.2691378,359.1595378,164.00888
PE(12:0_20:0)+Na,714.5044178,671.4622178,573.4853235,471.2847378,359.1595378,164.00888
PE(12:0_20:1)+Na,712.4888178,669.4466178,571.4697235,469.2691378,359.1595378,164.00888
PE(12:0_20:2)+Na,710.4731178,667.4309178,569.4540235,467.2534378,359.1595378,164.00888
PE(12:0_20:3)+Na,708.4575178,665.4153178,567.4384235,465.2378378,359.1595378,164.00888
PE(12:0_20:4)+Na,706.4418178,663.3996178,565.4227235,463.2221378,359.1595378,164.00888
PE(12:0_20:5)+Na,704.4262178,661.3840178,563.4071235,461.2065378,359.1595378,164.00888
PE(12:0_21:0)+Na,728.5201178,685.4779178,587.5010235,485.3004378,359.1595378,164.00888
PE(12:0_22:0)+Na,742.5357178,699.4935178,601.5166235,499.3160378,359.1595378,164.00888
PE(12:0_22:1)+Na,740.5201178,697.4779178,599.5010235,497.3004378,359.1595378,164.00888
PE(12:0_22:2)+Na,738.5044178,695.4622178,597.4853235,495.2847378,359.1595378,164.00888
PE(12:0_22:3)+Na,736.4888178,693.4466178,595.4697235,493.2691378,359.1595378,164.00888
PE(12:0_22:4)+Na,734.4731178,691.4309178,593.4540235,491.2534378,359.1595378,164.00888
PE(12:0_22:5)+Na,732.4575178,689.4153178,591.4384235,489.2378378,359.1595378,164.00888
PE(12:0_22:6)+Na,730.4418178,687.3996178,589.4227235,487.2221378,359.1595378,164.00888
PE(12:0_23:0)+Na,756.5514178,713.5092178,615.5323235,513.3317378,359.1595378,164.00888
PE(12:0_24:0)+Na,770.5670178,727.5248178,629.5479235,527.3473378,359.1595378,164.00888
PE(12:0_24:1)+Na,768.5514178,725.5092178,627.5323235,525.3317378,359.1595378,164.00888
PE(12:0_25:0)+Na,784.5827178,741.5405178,643.5636235,541.3630378,359.1595378,164.00888
PE(12:0_26:0)+Na,798.5983178,755.5561178,657.5792235,555.3786378,359.1595378,164.00888
PE(13:0_13:0)+Na,630.4106178,587.3684178,489.3915235,373.1752378,373.1752378,164.00888
PE(13:0_14:0)+Na,644.4262178,601.3840178,503.4071235,387.1908378,373.1752378,164.00888
PE(13:0_14:1)+Na,642.4106178,599.3684178,501.3915235,385.1752378,373.1752378,164.00888
PE(13:0_15:0)+Na,658.4419178,615.3997178,517.4228235,401.2065378,373.1752378,164.00888
PE(13:0_15:1)+Na,656.4262178,613.3840178,515.4071235,399.1908378,373.1752378,164.00888
PE(13:0_16:0)+Na,672.4575178,629.4153178,531.4384235,415.2221378,373.1752378,164.00888
PE(13:0_16:1)+Na,670.4419178,627.3997178,529.4228235,413.2065378,373.1752378,164.00888
PE(13:0_17:0)+Na,686.4732178,643.4310178,545.4541235,429.2378378,373.1752378,164.00888
PE(13:0_17:1)+Na,684.4575178,641.4153178,543.4384235,427.2221378,373.1752378,164.00888
PE(13:0_17:2)+Na,682.4419178,639.3997178,541.4228235,425.2065378,373.1752378,164.00888
PE(13:0_18:0)+Na,700.4888178,657.4466178,559.4697235,443.2534378,373.1752378,164.00888
PE(13:0_18:1)+Na,698.4732178,655.4310178,557.4541235,441.2378378,373.1752378,164.00888
PE(13:0_18:2)+Na,696.4575178,653.4153178,555.4384235,439.2221378,373.1752378,164.00888
PE(13:0_18:3)+Na,694.4419178,651.3997178,553.4228235,437.2065378,373.1752378,164.00888
PE(13:0_18:4)+Na,692.4262178,649.3840178,551.4071235,435.1908378,373.1752378,164.00888
PE(13:0_19:0)+Na,714.5045178,671.4623178,573.4854235,457.2691378,373.1752378,164.00888
PE(13:0_20:0)+Na,728.5201178,685.4779178,587.5010235,471.2847378,373.1752378,164.00888
PE(13:0_20:1)+Na,726.5045178,683.4623178,585.4854235,469.2691378,373.1752378,164.00888
PE(13:0_20:2)+Na,724.4888178,681.4466178,583.4697235,467.2534378,373.1752378,164.00888
PE(13:0_20:3)+Na,722.4732178,679.4310178,581.4541235,465.2378378,373.1752378,164.00888
PE(13:0_20:4)+Na,720.4575178,677.4153178,579.4384235,463.2221378,373.1752378,164.00888
PE(13:0_20:5)+Na,718.4419178,675.3997178,577.4228235,461.2065378,373.1752378,164.00888
PE(13:0_21:0)+Na,742.5358178,699.4936178,601.5167235,485.3004378,373.1752378,164.00888
PE(13:0_22:0)+Na,756.5514178,713.5092178,615.5323235,499.3160378,373.1752378,164.00888
PE(13:0_22:1)+Na,754.5358178,711.4936178,613.5167235,497.3004378,373.1752378,164.00888
PE(13:0_22:2)+Na,752.5201178,709.4779178,611.5010235,495.2847378,373.1752378,164.00888
PE(13:0_22:3)+Na,750.5045178,707.4623178,609.4854235,493.2691378,373.1752378,164.00888
PE(13:0_22:4)+Na,748.4888178,705.4466178,607.4697235,491.2534378,373.1752378,164.00888
PE(13:0_22:5)+Na,746.4732178,703.4310178,605.4541235,489.2378378,373.1752378,164.00888
PE(13:0_22:6)+Na,744.4575178,701.4153178,603.4384235,487.2221378,373.1752378,164.00888
PE(13:0_23:0)+Na,770.5671178,727.5249178,629.5480235,513.3317378,373.1752378,164.00888
PE(13:0_24:0)+Na,784.5827178,741.5405178,643.5636235,527.3473378,373.1752378,164.00888
PE(13:0_24:1)+Na,782.5671178,739.5249178,641.5480235,525.3317378,373.1752378,164.00888
PE(13:0_25:0)+Na,798.5984178,755.5562178,657.5793235,541.3630378,373.1752378,164.00888
PE(13:0_26:0)+Na,812.6140178,769.5718178,671.5949235,555.3786378,373.1752378,164.00888
PE(14:0_14:0)+Na,658.4418178,615.3996178,517.4227235,387.1908378,387.1908378,164.00888
PE(14:0_14:1)+Na,656.4262178,613.3840178,515.4071235,385.1752378,387.1908378,164.00888
PE(14:0_15:0)+Na,672.4575178,629.4153178,531.4384235,401.2065378,387.1908378,164.00888
PE(14:0_15:1)+Na,670.4418178,627.3996178,529.4227235,399.1908378,387.1908378,164.00888
PE(14:0_16:0)+Na,686.4731178,643.4309178,545.4540235,415.2221378,387.1908378,164.00888
PE(14:0_16:1)+Na,684.4575178,641.4153178,543.4384235,413.2065378,387.1908378,164.00888
PE(14:0_17:0)+Na,700.4888178,657.4466178,559.4697235,429.2378378,387.1908378,164.00888
PE(14:0_17:1)+Na,698.4731178,655.4309178,557.4540235,427.2221378,387.1908378,164.00888
PE(14:0_17:2)+Na,696.4575178,653.4153178,555.4384235,425.2065378,387.1908378,164.00888
PE(14:0_18:0)+Na,714.5044178,671.4622178,573.4853235,443.2534378,387.1908378,164.00888
PE(14:0_18:1)+Na,712.4888178,669.4466178,571.4697235,441.2378378,387.1908378,164.00888
PE(14:0_18:2)+Na,710.4731178,667.4309178,569.4540235,439.2221378,387.1908378,164.00888
PE(14:0_18:3)+Na,708.4575178,665.4153178,567.4384235,437.2065378,387.1908378,164.00888
PE(14:0_18:4)+Na,706.4418178,663.3996178,565.4227235,435.1908378,387.1908378,164.00888
PE(14:0_19:0)+Na,728.5201178,685.4779178,587.5010235,457.2691378,387.1908378,164.00888
PE(14:0_20:0)+Na,742.5357178,699.4935178,601.5166235,471.2847378,387.1908378,164.00888
PE(14:0_20:1)+Na,740.5201178,697.4779178,599.5010235,469.2691378,387.1908378,164.00888
PE(14:0_20:2)+Na,738.5044178,695.4622178,597.4853235,467.2534378,387.1908378,164.00888
PE(14:0_20:3)+Na,736.4888178,693.4466178,595.4697235,465.2378378,387.1908378,164.00888
PE(14:0_20:4)+Na,734.4731178,691.4309178,593.4540235,463.2221378,387.1908378,164.00888
PE(14:0_20:5)+Na,732.4575178,689.4153178,591.4384235,461.2065378,387.1908378,164.00888
PE(14:0_21:0)+Na,756.5514178,713.5092178,615.5323235,485.3004378,387.1908378,164.00888
PE(14:0_22:0)+Na,770.5670178,727.5248178,629.5479235,499.3160378,387.1908378,164.00888
PE(14:0_22:1)+Na,768.5514178,725.5092178,627.5323235,497.3004378,387.1908378,164.00888
PE(14:0_22:2)+Na,766.5357178,723.4935178,625.5166235,495.2847378,387.1908378,164.00888
PE(14:0_22:3)+Na,764.5201178,721.4779178,623.5010235,493.2691378,387.1908378,164.00888
PE(14:0_22:4)+Na,762.5044178,719.4622178,621.4853235,491.2534378,387.1908378,164.00888
PE(14:0_22:5)+Na,760.4888178,717.4466178,619.4697235,489.2378378,387.1908378,164.00888
PE(14:0_22:6)+Na,758.4731178,715.4309178,617.4540235,487.2221378,387.1908378,164.00888
PE(14:0_23:0)+Na,784.5827178,741.5405178,643.5636235,513.3317378,387.1908378,164.00888
PE(14:0_24:0)+Na,798.5983178,755.5561178,657.5792235,527.3473378,387.1908378,164.00888
PE(14:0_24:1)+Na,796.5827178,753.5405178,655.5636235,525.3317378,387.1908378,164.00888
PE(14:0_25:0)+Na,812.6140178,769.5718178,671.5949235,541.3630378,387.1908378,164.00888
PE(14:0_26:0)+Na,826.6296178,783.5874178,685.6105235,555.3786378,387.1908378,164.00888
PE(14:1_14:1)+Na,654.4106178,611.3684178,513.3915235,385.1752378,385.1752378,164.00888
PE(14:1_15:0)+Na,670.4419178,627.3997178,529.4228235,401.2065378,385.1752378,164.00888
PE(14:1_15:1)+Na,668.4262178,625.3840178,527.4071235,399.1908378,385.1752378,164.00888
PE(14:1_16:0)+Na,684.4575178,641.4153178,543.4384235,415.2221378,385.1752378,164.00888
PE(14:1_16:1)+Na,682.4419178,639.3997178,541.4228235,413.2065378,385.1752378,164.00888
PE(14:1_17:0)+Na,698.4732178,655.4310178,557.4541235,429.2378378,385.1752378,164.00888
PE(14:1_17:1)+Na,696.4575178,653.4153178,555.4384235,427.2221378,385.1752378,164.00888
PE(14:1_17:2)+Na,694.4419178,651.3997178,553.4228235,425.2065378,385.1752378,164.00888
PE(14:1_18:0)+Na,712.4888178,669.4466178,571.4697235,443.2534378,385.1752378,164.00888
PE(14:1_18:1)+Na,710.4732178,667.4310178,569.4541235,441.2378378,385.1752378,164.00888
PE(14:1_18:2)+Na,708.4575178,665.4153178,567.4384235,439.2221378,385.1752378,164.00888
PE(14:1_18:3)+Na,706.4419178,663.3997178,565.4228235,437.2065378,385.1752378,164.00888
PE(14:1_18:4)+Na,704.4262178,661.3840178,563.4071235,435.1908378,385.1752378,164.00888
PE(14:1_19:0)+Na,726.5045178,683.4623178,585.4854235,457.2691378,385.1752378,164.00888
PE(14:1_20:0)+Na,740.5201178,697.4779178,599.5010235,471.2847378,385.1752378,164.00888
PE(14:1_20:1)+Na,738.5045178,695.4623178,597.4854235,469.2691378,385.1752378,164.00888
PE(14:1_20:2)+Na,736.4888178,693.4466178,595.4697235,467.2534378,385.1752378,164.00888
PE(14:1_20:3)+Na,734.4732178,691.4310178,593.4541235,465.2378378,385.1752378,164.00888
PE(14:1_20:4)+Na,732.4575178,689.4153178,591.4384235,463.2221378,385.1752378,164.00888
PE(14:1_20:5)+Na,730.4419178,687.3997178,589.4228235,461.2065378,385.1752378,164.00888
PE(14:1_21:0)+Na,754.5358178,711.4936178,613.5167235,485.3004378,385.1752378,164.00888
PE(14:1_22:0)+Na,768.5514178,725.5092178,627.5323235,499.3160378,385.1752378,164.00888
PE(14:1_22:1)+Na,766.5358178,723.4936178,625.5167235,497.3004378,385.1752378,164.00888
PE(14:1_22:2)+Na,764.5201178,721.4779178,623.5010235,495.2847378,385.1752378,164.00888
PE(14:1_22:3)+Na,762.5045178,719.4623178,621.4854235,493.2691378,385.1752378,164.00888
PE(14:1_22:4)+Na,760.4888178,717.4466178,619.4697235,491.2534378,385.1752378,164.00888
PE(14:1_22:5)+Na,758.4732178,715.4310178,617.4541235,489.2378378,385.1752378,164.00888
PE(14:1_22:6)+Na,756.4575178,713.4153178,615.4384235,487.2221378,385.1752378,164.00888
PE(14:1_23:0)+Na,782.5671178,739.5249178,641.5480235,513.3317378,385.1752378,164.00888
PE(14:1_24:0)+Na,796.5827178,753.5405178,655.5636235,527.3473378,385.1752378,164.00888
PE(14:1_24:1)+Na,794.5671178,751.5249178,653.5480235,525.3317378,385.1752378,164.00888
PE(14:1_25:0)+Na,810.5984178,767.5562178,669.5793235,541.3630378,385.1752378,164.00888
PE(14:1_26:0)+Na,824.6140178,781.5718178,683.5949235,555.3786378,385.1752378,164.00888
PE(15:0_15:0)+Na,686.4732178,643.4310178,545.4541235,401.2065378,401.2065378,164.00888
PE(15:0_15:1)+Na,684.4575178,641.4153178,543.4384235,399.1908378,401.2065378,164.00888
PE(15:0_16:0)+Na,700.4888178,657.4466178,559.4697235,415.2221378,401.2065378,164.00888
PE(15:0_16:1)+Na,698.4732178,655.4310178,557.4541235,413.2065378,401.2065378,164.00888
PE(15:0_17:0)+Na,714.5045178,671.4623178,573.4854235,429.2378378,401.2065378,164.00888
PE(15:0_17:1)+Na,712.4888178,669.4466178,571.4697235,427.2221378,401.2065378,164.00888
PE(15:0_17:2)+Na,710.4732178,667.4310178,569.4541235,425.2065378,401.2065378,164.00888
PE(15:0_18:0)+Na,728.5201178,685.4779178,587.5010235,443.2534378,401.2065378,164.00888
PE(15:0_18:1)+Na,726.5045178,683.4623178,585.4854235,441.2378378,401.2065378,164.00888
PE(15:0_18:2)+Na,724.4888178,681.4466178,583.4697235,439.2221378,401.2065378,164.00888
PE(15:0_18:3)+Na,722.4732178,679.4310178,581.4541235,437.2065378,401.2065378,164.00888
PE(15:0_18:4)+Na,720.4575178,677.4153178,579.4384235,435.1908378,401.2065378,164.00888
PE(15:0_19:0)+Na,742.5358178,699.4936178,601.5167235,457.2691378,401.2065378,164.00888
PE(15:0_20:0)+Na,756.5514178,713.5092178,615.5323235,471.2847378,401.2065378,164.00888
PE(15:0_20:1)+Na,754.5358178,711.4936178,613.5167235,469.2691378,401.2065378,164.00888
PE(15:0_20:2)+Na,752.5201178,709.4779178,611.5010235,467.2534378,401.2065378,164.00888
PE(15:0_20:3)+Na,750.5045178,707.4623178,609.4854235,465.2378378,401.2065378,164.00888
PE(15:0_20:4)+Na,748.4888178,705.4466178,607.4697235,463.2221378,401.2065378,164.00888
PE(15:0_20:5)+Na,746.4732178,703.4310178,605.4541235,461.2065378,401.2065378,164.00888
PE(15:0_21:0)+Na,770.5671178,727.5249178,629.5480235,485.3004378,401.2065378,164.00888
PE(15:0_22:0)+Na,784.5827178,741.5405178,643.5636235,499.3160378,401.2065378,164.00888
PE(15:0_22:1)+Na,782.5671178,739.5249178,641.5480235,497.3004378,401.2065378,164.00888
PE(15:0_22:2)+Na,780.5514178,737.5092178,639.5323235,495.2847378,401.2065378,164.00888
PE(15:0_22:3)+Na,778.5358178,735.4936178,637.5167235,493.2691378,401.2065378,164.00888
PE(15:0_22:4)+Na,776.5201178,733.4779178,635.5010235,491.2534378,401.2065378,164.00888
PE(15:0_22:5)+Na,774.5045178,731.4623178,633.4854235,489.2378378,401.2065378,164.00888
PE(15:0_22:6)+Na,772.4888178,729.4466178,631.4697235,487.2221378,401.2065378,164.00888
PE(15:0_23:0)+Na,798.5984178,755.5562178,657.5793235,513.3317378,401.2065378,164.00888
PE(15:0_24:0)+Na,812.6140178,769.5718178,671.5949235,527.3473378,401.2065378,164.00888
PE(15:0_24:1)+Na,810.5984178,767.5562178,669.5793235,525.3317378,401.2065378,164.00888
PE(15:0_25:0)+Na,826.6297178,783.5875178,685.6106235,541.3630378,401.2065378,164.00888
PE(15:0_26:0)+Na,840.6453178,797.6031178,699.6262235,555.3786378,401.2065378,164.00888
PE(15:1_15:1)+Na,682.4418178,639.3996178,541.4227235,399.1908378,399.1908378,164.00888
PE(15:1_16:0)+Na,698.4731178,655.4309178,557.4540235,415.2221378,399.1908378,164.00888
PE(15:1_16:1)+Na,696.4575178,653.4153178,555.4384235,413.2065378,399.1908378,164.00888
PE(15:1_17:0)+Na,712.4888178,669.4466178,571.4697235,429.2378378,399.1908378,164.00888
PE(15:1_17:1)+Na,710.4731178,667.4309178,569.4540235,427.2221378,399.1908378,164.00888
PE(15:1_17:2)+Na,708.4575178,665.4153178,567.4384235,425.2065378,399.1908378,164.00888
PE(15:1_18:0)+Na,726.5044178,683.4622178,585.4853235,443.2534378,399.1908378,164.00888
PE(15:1_18:1)+Na,724.4888178,681.4466178,583.4697235,441.2378378,399.1908378,164.00888
PE(15:1_18:2)+Na,722.4731178,679.4309178,581.4540235,439.2221378,399.1908378,164.00888
PE(15:1_18:3)+Na,720.4575178,677.4153178,579.4384235,437.2065378,399.1908378,164.00888
PE(15:1_18:4)+Na,718.4418178,675.3996178,577.4227235,435.1908378,399.1908378,164.00888
PE(15:1_19:0)+Na,740.5201178,697.4779178,599.5010235,457.2691378,399.1908378,164.00888
PE(15:1_20:0)+Na,754.5357178,711.4935178,613.5166235,471.2847378,399.1908378,164.00888
PE(15:1_20:1)+Na,752.5201178,709.4779178,611.5010235,469.2691378,399.1908378,164.00888
PE(15:1_20:2)+Na,750.5044178,707.4622178,609.4853235,467.2534378,399.1908378,164.00888
PE(15:1_20:3)+Na,748.4888178,705.4466178,607.4697235,465.2378378,399.1908378,164.00888
PE(15:1_20:4)+Na,746.4731178,703.4309178,605.4540235,463.2221378,399.1908378,164.00888
PE(15:1_20:5)+Na,744.4575178,701.4153178,603.4384235,461.2065378,399.1908378,164.00888
PE(15:1_21:0)+Na,768.5514178,725.5092178,627.5323235,485.3004378,399.1908378,164.00888
PE(15:1_22:0)+Na,782.5670178,739.5248178,641.5479235,499.3160378,399.1908378,164.00888
PE(15:1_22:1)+Na,780.5514178,737.5092178,639.5323235,497.3004378,399.1908378,164.00888
PE(15:1_22:2)+Na,778.5357178,735.4935178,637.5166235,495.2847378,399.1908378,164.00888
PE(15:1_22:3)+Na,776.5201178,733.4779178,635.5010235,493.2691378,399.1908378,164.00888
PE(15:1_22:4)+Na,774.5044178,731.4622178,633.4853235,491.2534378,399.1908378,164.00888
PE(15:1_22:5)+Na,772.4888178,729.4466178,631.4697235,489.2378378,399.1908378,164.00888
PE(15:1_22:6)+Na,770.4731178,727.4309178,629.4540235,487.2221378,399.1908378,164.00888
PE(15:1_23:0)+Na,796.5827178,753.5405178,655.5636235,513.3317378,399.1908378,164.00888
PE(15:1_24:0)+Na,810.5983178,767.5561178,669.5792235,527.3473378,399.1908378,164.00888
PE(15:1_24:1)+Na,808.5827178,765.5405178,667.5636235,525.3317378,399.1908378,164.00888
PE(15:1_25:0)+Na,824.6140178,781.5718178,683.5949235,541.3630378,399.1908378,164.00888
PE(15:1_26:0)+Na,838.6296178,795.5874178,697.6105235,555.3786378,399.1908378,164.00888
PE(16:0_16:0)+Na,714.5044178,671.4622178,573.4853235,415.2221378,415.2221378,164.00888
PE(16:0_16:1)+Na,712.4888178,669.4466178,571.4697235,413.2065378,415.2221378,164.00888
PE(16:0_17:0)+Na,728.5201178,685.4779178,587.5010235,429.2378378,415.2221378,164.00888
PE(16:0_17:1)+Na,726.5044178,683.4622178,585.4853235,427.2221378,415.2221378,164.00888
PE(16:0_17:2)+Na,724.4888178,681.4466178,583.4697235,425.2065378,415.2221378,164.00888
PE(16:0_18:0)+Na,742.5357178,699.4935178,601.5166235,443.2534378,415.2221378,164.00888
PE(16:0_18:1)+Na,740.5201178,697.4779178,599.5010235,441.2378378,415.2221378,164.00888
PE(16:0_18:2)+Na,738.5044178,695.4622178,597.4853235,439.2221378,415.2221378,164.00888
PE(16:0_18:3)+Na,736.4888178,693.4466178,595.4697235,437.2065378,415.2221378,164.00888
PE(16:0_18:4)+Na,734.4731178,691.4309178,593.4540235,435.1908378,415.2221378,164.00888
PE(16:0_19:0)+Na,756.5514178,713.5092178,615.5323235,457.2691378,415.2221378,164.00888
PE(16:0_20:0)+Na,770.5670178,727.5248178,629.5479235,471.2847378,415.2221378,164.00888
PE(16:0_20:1)+Na,768.5514178,725.5092178,627.5323235,469.2691378,415.2221378,164.00888
PE(16:0_20:2)+Na,766.5357178,723.4935178,625.5166235,467.2534378,415.2221378,164.00888
PE(16:0_20:3)+Na,764.5201178,721.4779178,623.5010235,465.2378378,415.2221378,164.00888
PE(16:0_20:4)+Na,762.5044178,719.4622178,621.4853235,463.2221378,415.2221378,164.00888
PE(16:0_20:5)+Na,760.4888178,717.4466178,619.4697235,461.2065378,415.2221378,164.00888
PE(16:0_21:0)+Na,784.5827178,741.5405178,643.5636235,485.3004378,415.2221378,164.00888
PE(16:0_22:0)+Na,798.5983178,755.5561178,657.5792235,499.3160378,415.2221378,164.00888
PE(16:0_22:1)+Na,796.5827178,753.5405178,655.5636235,497.3004378,415.2221378,164.00888
PE(16:0_22:2)+Na,794.5670178,751.5248178,653.5479235,495.2847378,415.2221378,164.00888
PE(16:0_22:3)+Na,792.5514178,749.5092178,651.5323235,493.2691378,415.2221378,164.00888
PE(16:0_22:4)+Na,790.5357178,747.4935178,649.5166235,491.2534378,415.2221378,164.00888
PE(16:0_22:5)+Na,788.5201178,745.4779178,647.5010235,489.2378378,415.2221378,164.00888
PE(16:0_22:6)+Na,786.5044178,743.4622178,645.4853235,487.2221378,415.2221378,164.00888
PE(16:0_23:0)+Na,812.6140178,769.5718178,671.5949235,513.3317378,415.2221378,164.00888
PE(16:0_24:0)+Na,826.6296178,783.5874178,685.6105235,527.3473378,415.2221378,164.00888
PE(16:0_24:1)+Na,824.6140178,781.5718178,683.5949235,525.3317378,415.2221378,164.00888
PE(16:0_25:0)+Na,840.6453178,797.6031178,699.6262235,541.3630378,415.2221378,164.00888
PE(16:0_26:0)+Na,854.6609178,811.6187178,713.6418235,555.3786378,415.2221378,164.00888
PE(16:1_16:1)+Na,710.4732178,667.4310178,569.4541235,413.2065378,413.2065378,164.00888
PE(16:1_17:0)+Na,726.5045178,683.4623178,585.4854235,429.2378378,413.2065378,164.00888
PE(16:1_17:1)+Na,724.4888178,681.4466178,583.4697235,427.2221378,413.2065378,164.00888
PE(16:1_17:2)+Na,722.4732178,679.4310178,581.4541235,425.2065378,413.2065378,164.00888
PE(16:1_18:0)+Na,740.5201178,697.4779178,599.5010235,443.2534378,413.2065378,164.00888
PE(16:1_18:1)+Na,738.5045178,695.4623178,597.4854235,441.2378378,413.2065378,164.00888
PE(16:1_18:2)+Na,736.4888178,693.4466178,595.4697235,439.2221378,413.2065378,164.00888
PE(16:1_18:3)+Na,734.4732178,691.4310178,593.4541235,437.2065378,413.2065378,164.00888
PE(16:1_18:4)+Na,732.4575178,689.4153178,591.4384235,435.1908378,413.2065378,164.00888
PE(16:1_19:0)+Na,754.5358178,711.4936178,613.5167235,457.2691378,413.2065378,164.00888
PE(16:1_20:0)+Na,768.5514178,725.5092178,627.5323235,471.2847378,413.2065378,164.00888
PE(16:1_20:1)+Na,766.5358178,723.4936178,625.5167235,469.2691378,413.2065378,164.00888
PE(16:1_20:2)+Na,764.5201178,721.4779178,623.5010235,467.2534378,413.2065378,164.00888
PE(16:1_20:3)+Na,762.5045178,719.4623178,621.4854235,465.2378378,413.2065378,164.00888
PE(16:1_20:4)+Na,760.4888178,717.4466178,619.4697235,463.2221378,413.2065378,164.00888
PE(16:1_20:5)+Na,758.4732178,715.4310178,617.4541235,461.2065378,413.2065378,164.00888
PE(16:1_21:0)+Na,782.5671178,739.5249178,641.5480235,485.3004378,413.2065378,164.00888
PE(16:1_22:0)+Na,796.5827178,753.5405178,655.5636235,499.3160378,413.2065378,164.00888
PE(16:1_22:1)+Na,794.5671178,751.5249178,653.5480235,497.3004378,413.2065378,164.00888
PE(16:1_22:2)+Na,792.5514178,749.5092178,651.5323235,495.2847378,413.2065378,164.00888
PE(16:1_22:3)+Na,790.5358178,747.4936178,649.5167235,493.2691378,413.2065378,164.00888
PE(16:1_22:4)+Na,788.5201178,745.4779178,647.5010235,491.2534378,413.2065378,164.00888
PE(16:1_22:5)+Na,786.5045178,743.4623178,645.4854235,489.2378378,413.2065378,164.00888
PE(16:1_22:6)+Na,784.4888178,741.4466178,643.4697235,487.2221378,413.2065378,164.00888
PE(16:1_23:0)+Na,810.5984178,767.5562178,669.5793235,513.3317378,413.2065378,164.00888
PE(16:1_24:0)+Na,824.6140178,781.5718178,683.5949235,527.3473378,413.2065378,164.00888
PE(16:1_24:1)+Na,822.5984178,779.5562178,681.5793235,525.3317378,413.2065378,164.00888
PE(16:1_25:0)+Na,838.6297178,795.5875178,697.6106235,541.3630378,413.2065378,164.00888
PE(16:1_26:0)+Na,852.6453178,809.6031178,711.6262235,555.3786378,413.2065378,164.00888
PE(17:0_17:0)+Na,742.5358178,699.4936178,601.5167235,429.2378378,429.2378378,164.00888
PE(17:0_17:1)+Na,740.5201178,697.4779178,599.5010235,427.2221378,429.2378378,164.00888
PE(17:0_17:2)+Na,738.5045178,695.4623178,597.4854235,425.2065378,429.2378378,164.00888
PE(17:0_18:0)+Na,756.5514178,713.5092178,615.5323235,443.2534378,429.2378378,164.00888
PE(17:0_18:1)+Na,754.5358178,711.4936178,613.5167235,441.2378378,429.2378378,164.00888
PE(17:0_18:2)+Na,752.5201178,709.4779178,611.5010235,439.2221378,429.2378378,164.00888
PE(17:0_18:3)+Na,750.5045178,707.4623178,609.4854235,437.2065378,429.2378378,164.00888
PE(17:0_18:4)+Na,748.4888178,705.4466178,607.4697235,435.1908378,429.2378378,164.00888
PE(17:0_19:0)+Na,770.5671178,727.5249178,629.5480235,457.2691378,429.2378378,164.00888
PE(17:0_20:0)+Na,784.5827178,741.5405178,643.5636235,471.2847378,429.2378378,164.00888
PE(17:0_20:1)+Na,782.5671178,739.5249178,641.5480235,469.2691378,429.2378378,164.00888
PE(17:0_20:2)+Na,780.5514178,737.5092178,639.5323235,467.2534378,429.2378378,164.00888
PE(17:0_20:3)+Na,778.5358178,735.4936178,637.5167235,465.2378378,429.2378378,164.00888
PE(17:0_20:4)+Na,776.5201178,733.4779178,635.5010235,463.2221378,429.2378378,164.00888
PE(17:0_20:5)+Na,774.5045178,731.4623178,633.4854235,461.2065378,429.2378378,164.00888
PE(17:0_21:0)+Na,798.5984178,755.5562178,657.5793235,485.3004378,429.2378378,164.00888
PE(17:0_22:0)+Na,812.6140178,769.5718178,671.5949235,499.3160378,429.2378378,164.00888
PE(17:0_22:1)+Na,810.5984178,767.5562178,669.5793235,497.3004378,429.2378378,164.00888
PE(17:0_22:2)+Na,808.5827178,765.5405178,667.5636235,495.2847378,429.2378378,164.00888
PE(17:0_22:3)+Na,806.5671178,763.5249178,665.5480235,493.2691378,429.2378378,164.00888
PE(17:0_22:4)+Na,804.5514178,761.5092178,663.5323235,491.2534378,429.2378378,164.00888
PE(17:0_22:5)+Na,802.5358178,759.4936178,661.5167235,489.2378378,429.2378378,164.00888
PE(17:0_22:6)+Na,800.5201178,757.4779178,659.5010235,487.2221378,429.2378378,164.00888
PE(17:0_23:0)+Na,826.6297178,783.5875178,685.6106235,513.3317378,429.2378378,164.00888
PE(17:0_24:0)+Na,840.6453178,797.6031178,699.6262235,527.3473378,429.2378378,164.00888
PE(17:0_24:1)+Na,838.6297178,795.5875178,697.6106235,525.3317378,429.2378378,164.00888
PE(17:0_25:0)+Na,854.6610178,811.6188178,713.6419235,541.3630378,429.2378378,164.00888
PE(17:0_26:0)+Na,868.6766178,825.6344178,727.6575235,555.3786378,429.2378378,164.00888
PE(17:1_17:1)+Na,738.5044178,695.4622178,597.4853235,427.2221378,427.2221378,164.00888
PE(17:1_17:2)+Na,736.4888178,693.4466178,595.4697235,425.2065378,427.2221378,164.00888
PE(17:1_18:0)+Na,754.5357178,711.4935178,613.5166235,443.2534378,427.2221378,164.00888
PE(17:1_18:1)+Na,752.5201178,709.4779178,611.5010235,441.2378378,427.2221378,164.00888
PE(17:1_18:2)+Na,750.5044178,707.4622178,609.4853235,439.2221378,427.2221378,164.00888
PE(17:1_18:3)+Na,748.4888178,705.4466178,607.4697235,437.2065378,427.2221378,164.00888
PE(17:1_18:4)+Na,746.4731178,703.4309178,605.4540235,435.1908378,427.2221378,164.00888
PE(17:1_19:0)+Na,768.5514178,725.5092178,627.5323235,457.2691378,427.2221378,164.00888
PE(17:1_20:0)+Na,782.5670178,739.5248178,641.5479235,471.2847378,427.2221378,164.00888
PE(17:1_20:1)+Na,780.5514178,737.5092178,639.5323235,469.2691378,427.2221378,164.00888
PE(17:1_20:2)+Na,778.5357178,735.4935178,637.5166235,467.2534378,427.2221378,164.00888
PE(17:1_20:3)+Na,776.5201178,733.4779178,635.5010235,465.2378378,427.2221378,164.00888
PE(17:1_20:4)+Na,774.5044178,731.4622178,633.4853235,463.2221378,427.2221378,164.00888
PE(17:1_20:5)+Na,772.4888178,729.4466178,631.4697235,461.2065378,427.2221378,164.00888
PE(17:1_21:0)+Na,796.5827178,753.5405178,655.5636235,485.3004378,427.2221378,164.00888
PE(17:1_22:0)+Na,810.5983178,767.5561178,669.5792235,499.3160378,427.2221378,164.00888
PE(17:1_22:1)+Na,808.5827178,765.5405178,667.5636235,497.3004378,427.2221378,164.00888
PE(17:1_22:2)+Na,806.5670178,763.5248178,665.5479235,495.2847378,427.2221378,164.00888
PE(17:1_22:3)+Na,804.5514178,761.5092178,663.5323235,493.2691378,427.2221378,164.00888
PE(17:1_22:4)+Na,802.5357178,759.4935178,661.5166235,491.2534378,427.2221378,164.00888
PE(17:1_22:5)+Na,800.5201178,757.4779178,659.5010235,489.2378378,427.2221378,164.00888
PE(17:1_22:6)+Na,798.5044178,755.4622178,657.4853235,487.2221378,427.2221378,164.00888
PE(17:1_23:0)+Na,824.6140178,781.5718178,683.5949235,513.3317378,427.2221378,164.00888
PE(17:1_24:0)+Na,838.6296178,795.5874178,697.6105235,527.3473378,427.2221378,164.00888
PE(17:1_24:1)+Na,836.6140178,793.5718178,695.5949235,525.3317378,427.2221378,164.00888
PE(17:1_25:0)+Na,852.6453178,809.6031178,711.6262235,541.3630378,427.2221378,164.00888
PE(17:1_26:0)+Na,866.6609178,823.6187178,725.6418235,555.3786378,427.2221378,164.00888
PE(17:2_17:2)+Na,734.4732178,691.4310178,593.4541235,425.2065378,425.2065378,164.00888
PE(17:2_18:0)+Na,752.5201178,709.4779178,611.5010235,443.2534378,425.2065378,164.00888
PE(17:2_18:1)+Na,750.5045178,707.4623178,609.4854235,441.2378378,425.2065378,164.00888
PE(17:2_18:2)+Na,748.4888178,705.4466178,607.4697235,439.2221378,425.2065378,164.00888
PE(17:2_18:3)+Na,746.4732178,703.4310178,605.4541235,437.2065378,425.2065378,164.00888
PE(17:2_18:4)+Na,744.4575178,701.4153178,603.4384235,435.1908378,425.2065378,164.00888
PE(17:2_19:0)+Na,766.5358178,723.4936178,625.5167235,457.2691378,425.2065378,164.00888
PE(17:2_20:0)+Na,780.5514178,737.5092178,639.5323235,471.2847378,425.2065378,164.00888
PE(17:2_20:1)+Na,778.5358178,735.4936178,637.5167235,469.2691378,425.2065378,164.00888
PE(17:2_20:2)+Na,776.5201178,733.4779178,635.5010235,467.2534378,425.2065378,164.00888
PE(17:2_20:3)+Na,774.5045178,731.4623178,633.4854235,465.2378378,425.2065378,164.00888
PE(17:2_20:4)+Na,772.4888178,729.4466178,631.4697235,463.2221378,425.2065378,164.00888
PE(17:2_20:5)+Na,770.4732178,727.4310178,629.4541235,461.2065378,425.2065378,164.00888
PE(17:2_21:0)+Na,794.5671178,751.5249178,653.5480235,485.3004378,425.2065378,164.00888
PE(17:2_22:0)+Na,808.5827178,765.5405178,667.5636235,499.3160378,425.2065378,164.00888
PE(17:2_22:1)+Na,806.5671178,763.5249178,665.5480235,497.3004378,425.2065378,164.00888
PE(17:2_22:2)+Na,804.5514178,761.5092178,663.5323235,495.2847378,425.2065378,164.00888
PE(17:2_22:3)+Na,802.5358178,759.4936178,661.5167235,493.2691378,425.2065378,164.00888
PE(17:2_22:4)+Na,800.5201178,757.4779178,659.5010235,491.2534378,425.2065378,164.00888
PE(17:2_22:5)+Na,798.5045178,755.4623178,657.4854235,489.2378378,425.2065378,164.00888
PE(17:2_22:6)+Na,796.4888178,753.4466178,655.4697235,487.2221378,425.2065378,164.00888
PE(17:2_23:0)+Na,822.5984178,779.5562178,681.5793235,513.3317378,425.2065378,164.00888
PE(17:2_24:0)+Na,836.6140178,793.5718178,695.5949235,527.3473378,425.2065378,164.00888
PE(17:2_24:1)+Na,834.5984178,791.5562178,693.5793235,525.3317378,425.2065378,164.00888
PE(17:2_25:0)+Na,850.6297178,807.5875178,709.6106235,541.3630378,425.2065378,164.00888
PE(17:2_26:0)+Na,864.6453178,821.6031178,723.6262235,555.3786378,425.2065378,164.00888
PE(18:0_18:0)+Na,770.5670178,727.5248178,629.5479235,443.2534378,443.2534378,164.00888
PE(18:0_18:1)+Na,768.5514178,725.5092178,627.5323235,441.2378378,443.2534378,164.00888
PE(18:0_18:2)+Na,766.5357178,723.4935178,625.5166235,439.2221378,443.2534378,164.00888
PE(18:0_18:3)+Na,764.5201178,721.4779178,623.5010235,437.2065378,443.2534378,164.00888
PE(18:0_18:4)+Na,762.5044178,719.4622178,621.4853235,435.1908378,443.2534378,164.00888
PE(18:0_19:0)+Na,784.5827178,741.5405178,643.5636235,457.2691378,443.2534378,164.00888
PE(18:0_20:0)+Na,798.5983178,755.5561178,657.5792235,471.2847378,443.2534378,164.00888
PE(18:0_20:1)+Na,796.5827178,753.5405178,655.5636235,469.2691378,443.2534378,164.00888
PE(18:0_20:2)+Na,794.5670178,751.5248178,653.5479235,467.2534378,443.2534378,164.00888
PE(18:0_20:3)+Na,792.5514178,749.5092178,651.5323235,465.2378378,443.2534378,164.00888
PE(18:0_20:4)+Na,790.5357178,747.4935178,649.5166235,463.2221378,443.2534378,164.00888
PE(18:0_20:5)+Na,788.5201178,745.4779178,647.5010235,461.2065378,443.2534378,164.00888
PE(18:0_21:0)+Na,812.6140178,769.5718178,671.5949235,485.3004378,443.2534378,164.00888
PE(18:0_22:0)+Na,826.6296178,783.5874178,685.6105235,499.3160378,443.2534378,164.00888
PE(18:0_22:1)+Na,824.6140178,781.5718178,683.5949235,497.3004378,443.2534378,164.00888
PE(18:0_22:2)+Na,822.5983178,779.5561178,681.5792235,495.2847378,443.2534378,164.00888
PE(18:0_22:3)+Na,820.5827178,777.5405178,679.5636235,493.2691378,443.2534378,164.00888
PE(18:0_22:4)+Na,818.5670178,775.5248178,677.5479235,491.2534378,443.2534378,164.00888
PE(18:0_22:5)+Na,816.5514178,773.5092178,675.5323235,489.2378378,443.2534378,164.00888
PE(18:0_22:6)+Na,814.5357178,771.4935178,673.5166235,487.2221378,443.2534378,164.00888
PE(18:0_23:0)+Na,840.6453178,797.6031178,699.6262235,513.3317378,443.2534378,164.00888
PE(18:0_24:0)+Na,854.6609178,811.6187178,713.6418235,527.3473378,443.2534378,164.00888
PE(18:0_24:1)+Na,852.6453178,809.6031178,711.6262235,525.3317378,443.2534378,164.00888
PE(18:0_25:0)+Na,868.6766178,825.6344178,727.6575235,541.3630378,443.2534378,164.00888
PE(18:0_26:0)+Na,882.6922178,839.6500178,741.6731235,555.3786378,443.2534378,164.00888
PE(18:1_18:1)+Na,766.5358178,723.4936178,625.5167235,441.2378378,441.2378378,164.00888
PE(18:1_18:2)+Na,764.5201178,721.4779178,623.5010235,439.2221378,441.2378378,164.00888
PE(18:1_18:3)+Na,762.5045178,719.4623178,621.4854235,437.2065378,441.2378378,164.00888
PE(18:1_18:4)+Na,760.4888178,717.4466178,619.4697235,435.1908378,441.2378378,164.00888
PE(18:1_19:0)+Na,782.5671178,739.5249178,641.5480235,457.2691378,441.2378378,164.00888
PE(18:1_20:0)+Na,796.5827178,753.5405178,655.5636235,471.2847378,441.2378378,164.00888
PE(18:1_20:1)+Na,794.5671178,751.5249178,653.5480235,469.2691378,441.2378378,164.00888
PE(18:1_20:2)+Na,792.5514178,749.5092178,651.5323235,467.2534378,441.2378378,164.00888
PE(18:1_20:3)+Na,790.5358178,747.4936178,649.5167235,465.2378378,441.2378378,164.00888
PE(18:1_20:4)+Na,788.5201178,745.4779178,647.5010235,463.2221378,441.2378378,164.00888
PE(18:1_20:5)+Na,786.5045178,743.4623178,645.4854235,461.2065378,441.2378378,164.00888
PE(18:1_21:0)+Na,810.5984178,767.5562178,669.5793235,485.3004378,441.2378378,164.00888
PE(18:1_22:0)+Na,824.6140178,781.5718178,683.5949235,499.3160378,441.2378378,164.00888
PE(18:1_22:1)+Na,822.5984178,779.5562178,681.5793235,497.3004378,441.2378378,164.00888
PE(18:1_22:2)+Na,820.5827178,777.5405178,679.5636235,495.2847378,441.2378378,164.00888
PE(18:1_22:3)+Na,818.5671178,775.5249178,677.5480235,493.2691378,441.2378378,164.00888
PE(18:1_22:4)+Na,816.5514178,773.5092178,675.5323235,491.2534378,441.2378378,164.00888
PE(18:1_22:5)+Na,814.5358178,771.4936178,673.5167235,489.2378378,441.2378378,164.00888
PE(18:1_22:6)+Na,812.5201178,769.4779178,671.5010235,487.2221378,441.2378378,164.00888
PE(18:1_23:0)+Na,838.6297178,795.5875178,697.6106235,513.3317378,441.2378378,164.00888
PE(18:1_24:0)+Na,852.6453178,809.6031178,711.6262235,527.3473378,441.2378378,164.00888
PE(18:1_24:1)+Na,850.6297178,807.5875178,709.6106235,525.3317378,441.2378378,164.00888
PE(18:1_25:0)+Na,866.6610178,823.6188178,725.6419235,541.3630378,441.2378378,164.00888
PE(18:1_26:0)+Na,880.6766178,837.6344178,739.6575235,555.3786378,441.2378378,164.00888
PE(18:2_18:2)+Na,762.5044178,719.4622178,621.4853235,439.2221378,439.2221378,164.00888
PE(18:2_18:3)+Na,760.4888178,717.4466178,619.4697235,437.2065378,439.2221378,164.00888
PE(18:2_18:4)+Na,758.4731178,715.4309178,617.4540235,435.1908378,439.2221378,164.00888
PE(18:2_19:0)+Na,780.5514178,737.5092178,639.5323235,457.2691378,439.2221378,164.00888
PE(18:2_20:0)+Na,794.5670178,751.5248178,653.5479235,471.2847378,439.2221378,164.00888
PE(18:2_20:1)+Na,792.5514178,749.5092178,651.5323235,469.2691378,439.2221378,164.00888
PE(18:2_20:2)+Na,790.5357178,747.4935178,649.5166235,467.2534378,439.2221378,164.00888
PE(18:2_20:3)+Na,788.5201178,745.4779178,647.5010235,465.2378378,439.2221378,164.00888
PE(18:2_20:4)+Na,786.5044178,743.4622178,645.4853235,463.2221378,439.2221378,164.00888
PE(18:2_20:5)+Na,784.4888178,741.4466178,643.4697235,461.2065378,439.2221378,164.00888
PE(18:2_21:0)+Na,808.5827178,765.5405178,667.5636235,485.3004378,439.2221378,164.00888
PE(18:2_22:0)+Na,822.5983178,779.5561178,681.5792235,499.3160378,439.2221378,164.00888
PE(18:2_22:1)+Na,820.5827178,777.5405178,679.5636235,497.3004378,439.2221378,164.00888
PE(18:2_22:2)+Na,818.5670178,775.5248178,677.5479235,495.2847378,439.2221378,164.00888
PE(18:2_22:3)+Na,816.5514178,773.5092178,675.5323235,493.2691378,439.2221378,164.00888
PE(18:2_22:4)+Na,814.5357178,771.4935178,673.5166235,491.2534378,439.2221378,164.00888
PE(18:2_22:5)+Na,812.5201178,769.4779178,671.5010235,489.2378378,439.2221378,164.00888
PE(18:2_22:6)+Na,810.5044178,767.4622178,669.4853235,487.2221378,439.2221378,164.00888
PE(18:2_23:0)+Na,836.6140178,793.5718178,695.5949235,513.3317378,439.2221378,164.00888
PE(18:2_24:0)+Na,850.6296178,807.5874178,709.6105235,527.3473378,439.2221378,164.00888
PE(18:2_24:1)+Na,848.6140178,805.5718178,707.5949235,525.3317378,439.2221378,164.00888
PE(18:2_25:0)+Na,864.6453178,821.6031178,723.6262235,541.3630378,439.2221378,164.00888
PE(18:2_26:0)+Na,878.6609178,835.6187178,737.6418235,555.3786378,439.2221378,164.00888
PE(18:3_18:3)+Na,758.4732178,715.4310178,617.4541235,437.2065378,437.2065378,164.00888
PE(18:3_18:4)+Na,756.4575178,713.4153178,615.4384235,435.1908378,437.2065378,164.00888
PE(18:3_19:0)+Na,778.5358178,735.4936178,637.5167235,457.2691378,437.2065378,164.00888
PE(18:3_20:0)+Na,792.5514178,749.5092178,651.5323235,471.2847378,437.2065378,164.00888
PE(18:3_20:1)+Na,790.5358178,747.4936178,649.5167235,469.2691378,437.2065378,164.00888
PE(18:3_20:2)+Na,788.5201178,745.4779178,647.5010235,467.2534378,437.2065378,164.00888
PE(18:3_20:3)+Na,786.5045178,743.4623178,645.4854235,465.2378378,437.2065378,164.00888
PE(18:3_20:4)+Na,784.4888178,741.4466178,643.4697235,463.2221378,437.2065378,164.00888
PE(18:3_20:5)+Na,782.4732178,739.4310178,641.4541235,461.2065378,437.2065378,164.00888
PE(18:3_21:0)+Na,806.5671178,763.5249178,665.5480235,485.3004378,437.2065378,164.00888
PE(18:3_22:0)+Na,820.5827178,777.5405178,679.5636235,499.3160378,437.2065378,164.00888
PE(18:3_22:1)+Na,818.5671178,775.5249178,677.5480235,497.3004378,437.2065378,164.00888
PE(18:3_22:2)+Na,816.5514178,773.5092178,675.5323235,495.2847378,437.2065378,164.00888
PE(18:3_22:3)+Na,814.5358178,771.4936178,673.5167235,493.2691378,437.2065378,164.00888
PE(18:3_22:4)+Na,812.5201178,769.4779178,671.5010235,491.2534378,437.2065378,164.00888
PE(18:3_22:5)+Na,810.5045178,767.4623178,669.4854235,489.2378378,437.2065378,164.00888
PE(18:3_22:6)+Na,808.4888178,765.4466178,667.4697235,487.2221378,437.2065378,164.00888
PE(18:3_23:0)+Na,834.5984178,791.5562178,693.5793235,513.3317378,437.2065378,164.00888
PE(18:3_24:0)+Na,848.6140178,805.5718178,707.5949235,527.3473378,437.2065378,164.00888
PE(18:3_24:1)+Na,846.5984178,803.5562178,705.5793235,525.3317378,437.2065378,164.00888
PE(18:3_25:0)+Na,862.6297178,819.5875178,721.6106235,541.3630378,437.2065378,164.00888
PE(18:3_26:0)+Na,876.6453178,833.6031178,735.6262235,555.3786378,437.2065378,164.00888
PE(18:4_18:4)+Na,754.4418178,711.3996178,613.4227235,435.1908378,435.1908378,164.00888
PE(18:4_19:0)+Na,776.5201178,733.4779178,635.5010235,457.2691378,435.1908378,164.00888
PE(18:4_20:0)+Na,790.5357178,747.4935178,649.5166235,471.2847378,435.1908378,164.00888
PE(18:4_20:1)+Na,788.5201178,745.4779178,647.5010235,469.2691378,435.1908378,164.00888
PE(18:4_20:2)+Na,786.5044178,743.4622178,645.4853235,467.2534378,435.1908378,164.00888
PE(18:4_20:3)+Na,784.4888178,741.4466178,643.4697235,465.2378378,435.1908378,164.00888
PE(18:4_20:4)+Na,782.4731178,739.4309178,641.4540235,463.2221378,435.1908378,164.00888
PE(18:4_20:5)+Na,780.4575178,737.4153178,639.4384235,461.2065378,435.1908378,164.00888
PE(18:4_21:0)+Na,804.5514178,761.5092178,663.5323235,485.3004378,435.1908378,164.00888
PE(18:4_22:0)+Na,818.5670178,775.5248178,677.5479235,499.3160378,435.1908378,164.00888
PE(18:4_22:1)+Na,816.5514178,773.5092178,675.5323235,497.3004378,435.1908378,164.00888
PE(18:4_22:2)+Na,814.5357178,771.4935178,673.5166235,495.2847378,435.1908378,164.00888
PE(18:4_22:3)+Na,812.5201178,769.4779178,671.5010235,493.2691378,435.1908378,164.00888
PE(18:4_22:4)+Na,810.5044178,767.4622178,669.4853235,491.2534378,435.1908378,164.00888
PE(18:4_22:5)+Na,808.4888178,765.4466178,667.4697235,489.2378378,435.1908378,164.00888
PE(18:4_22:6)+Na,806.4731178,763.4309178,665.4540235,487.2221378,435.1908378,164.00888
PE(18:4_23:0)+Na,832.5827178,789.5405178,691.5636235,513.3317378,435.1908378,164.00888
PE(18:4_24:0)+Na,846.5983178,803.5561178,705.5792235,527.3473378,435.1908378,164.00888
PE(18:4_24:1)+Na,844.5827178,801.5405178,703.5636235,525.3317378,435.1908378,164.00888
PE(18:4_25:0)+Na,860.6140178,817.5718178,719.5949235,541.3630378,435.1908378,164.00888
PE(18:4_26:0)+Na,874.6296178,831.5874178,733.6105235,555.3786378,435.1908378,164.00888
PE(19:0_19:0)+Na,798.5984178,755.5562178,657.5793235,457.2691378,457.2691378,164.00888
PE(19:0_20:0)+Na,812.6140178,769.5718178,671.5949235,471.2847378,457.2691378,164.00888
PE(19:0_20:1)+Na,810.5984178,767.5562178,669.5793235,469.2691378,457.2691378,164.00888
PE(19:0_20:2)+Na,808.5827178,765.5405178,667.5636235,467.2534378,457.2691378,164.00888
PE(19:0_20:3)+Na,806.5671178,763.5249178,665.5480235,465.2378378,457.2691378,164.00888
PE(19:0_20:4)+Na,804.5514178,761.5092178,663.5323235,463.2221378,457.2691378,164.00888
PE(19:0_20:5)+Na,802.5358178,759.4936178,661.5167235,461.2065378,457.2691378,164.00888
PE(19:0_21:0)+Na,826.6297178,783.5875178,685.6106235,485.3004378,457.2691378,164.00888
PE(19:0_22:0)+Na,840.6453178,797.6031178,699.6262235,499.3160378,457.2691378,164.00888
PE(19:0_22:1)+Na,838.6297178,795.5875178,697.6106235,497.3004378,457.2691378,164.00888
PE(19:0_22:2)+Na,836.6140178,793.5718178,695.5949235,495.2847378,457.2691378,164.00888
PE(19:0_22:3)+Na,834.5984178,791.5562178,693.5793235,493.2691378,457.2691378,164.00888
PE(19:0_22:4)+Na,832.5827178,789.5405178,691.5636235,491.2534378,457.2691378,164.00888
PE(19:0_22:5)+Na,830.5671178,787.5249178,689.5480235,489.2378378,457.2691378,164.00888
PE(19:0_22:6)+Na,828.5514178,785.5092178,687.5323235,487.2221378,457.2691378,164.00888
PE(19:0_23:0)+Na,854.6610178,811.6188178,713.6419235,513.3317378,457.2691378,164.00888
PE(19:0_24:0)+Na,868.6766178,825.6344178,727.6575235,527.3473378,457.2691378,164.00888
PE(19:0_24:1)+Na,866.6610178,823.6188178,725.6419235,525.3317378,457.2691378,164.00888
PE(19:0_25:0)+Na,882.6923178,839.6501178,741.6732235,541.3630378,457.2691378,164.00888
PE(19:0_26:0)+Na,896.7079178,853.6657178,755.6888235,555.3786378,457.2691378,164.00888
PE(20:0_20:0)+Na,826.6296178,783.5874178,685.6105235,471.2847378,471.2847378,164.00888
PE(20:0_20:1)+Na,824.6140178,781.5718178,683.5949235,469.2691378,471.2847378,164.00888
PE(20:0_20:2)+Na,822.5983178,779.5561178,681.5792235,467.2534378,471.2847378,164.00888
PE(20:0_20:3)+Na,820.5827178,777.5405178,679.5636235,465.2378378,471.2847378,164.00888
PE(20:0_20:4)+Na,818.5670178,775.5248178,677.5479235,463.2221378,471.2847378,164.00888
PE(20:0_20:5)+Na,816.5514178,773.5092178,675.5323235,461.2065378,471.2847378,164.00888
PE(20:0_21:0)+Na,840.6453178,797.6031178,699.6262235,485.3004378,471.2847378,164.00888
PE(20:0_22:0)+Na,854.6609178,811.6187178,713.6418235,499.3160378,471.2847378,164.00888
PE(20:0_22:1)+Na,852.6453178,809.6031178,711.6262235,497.3004378,471.2847378,164.00888
PE(20:0_22:2)+Na,850.6296178,807.5874178,709.6105235,495.2847378,471.2847378,164.00888
PE(20:0_22:3)+Na,848.6140178,805.5718178,707.5949235,493.2691378,471.2847378,164.00888
PE(20:0_22:4)+Na,846.5983178,803.5561178,705.5792235,491.2534378,471.2847378,164.00888
PE(20:0_22:5)+Na,844.5827178,801.5405178,703.5636235,489.2378378,471.2847378,164.00888
PE(20:0_22:6)+Na,842.5670178,799.5248178,701.5479235,487.2221378,471.2847378,164.00888
PE(20:0_23:0)+Na,868.6766178,825.6344178,727.6575235,513.3317378,471.2847378,164.00888
PE(20:0_24:0)+Na,882.6922178,839.6500178,741.6731235,527.3473378,471.2847378,164.00888
PE(20:0_24:1)+Na,880.6766178,837.6344178,739.6575235,525.3317378,471.2847378,164.00888
PE(20:0_25:0)+Na,896.7079178,853.6657178,755.6888235,541.3630378,471.2847378,164.00888
PE(20:0_26:0)+Na,910.7235178,867.6813178,769.7044235,555.3786378,471.2847378,164.00888
PE(20:1_20:1)+Na,822.5984178,779.5562178,681.5793235,469.2691378,469.2691378,164.00888
PE(20:1_20:2)+Na,820.5827178,777.5405178,679.5636235,467.2534378,469.2691378,164.00888
PE(20:1_20:3)+Na,818.5671178,775.5249178,677.5480235,465.2378378,469.2691378,164.00888
PE(20:1_20:4)+Na,816.5514178,773.5092178,675.5323235,463.2221378,469.2691378,164.00888
PE(20:1_20:5)+Na,814.5358178,771.4936178,673.5167235,461.2065378,469.2691378,164.00888
PE(20:1_21:0)+Na,838.6297178,795.5875178,697.6106235,485.3004378,469.2691378,164.00888
PE(20:1_22:0)+Na,852.6453178,809.6031178,711.6262235,499.3160378,469.2691378,164.00888
PE(20:1_22:1)+Na,850.6297178,807.5875178,709.6106235,497.3004378,469.2691378,164.00888
PE(20:1_22:2)+Na,848.6140178,805.5718178,707.5949235,495.2847378,469.2691378,164.00888
PE(20:1_22:3)+Na,846.5984178,803.5562178,705.5793235,493.2691378,469.2691378,164.00888
PE(20:1_22:4)+Na,844.5827178,801.5405178,703.5636235,491.2534378,469.2691378,164.00888
PE(20:1_22:5)+Na,842.5671178,799.5249178,701.5480235,489.2378378,469.2691378,164.00888
PE(20:1_22:6)+Na,840.5514178,797.5092178,699.5323235,487.2221378,469.2691378,164.00888
PE(20:1_23:0)+Na,866.6610178,823.6188178,725.6419235,513.3317378,469.2691378,164.00888
PE(20:1_24:0)+Na,880.6766178,837.6344178,739.6575235,527.3473378,469.2691378,164.00888
PE(20:1_24:1)+Na,878.6610178,835.6188178,737.6419235,525.3317378,469.2691378,164.00888
PE(20:1_25:0)+Na,894.6923178,851.6501178,753.6732235,541.3630378,469.2691378,164.00888
PE(20:1_26:0)+Na,908.7079178,865.6657178,767.6888235,555.3786378,469.2691378,164.00888
PE(20:2_20:2)+Na,818.5670178,775.5248178,677.5479235,467.2534378,467.2534378,164.00888
PE(20:2_20:3)+Na,816.5514178,773.5092178,675.5323235,465.2378378,467.2534378,164.00888
PE(20:2_20:4)+Na,814.5357178,771.4935178,673.5166235,463.2221378,467.2534378,164.00888
PE(20:2_20:5)+Na,812.5201178,769.4779178,671.5010235,461.2065378,467.2534378,164.00888
PE(20:2_21:0)+Na,836.6140178,793.5718178,695.5949235,485.3004378,467.2534378,164.00888
PE(20:2_22:0)+Na,850.6296178,807.5874178,709.6105235,499.3160378,467.2534378,164.00888
PE(20:2_22:1)+Na,848.6140178,805.5718178,707.5949235,497.3004378,467.2534378,164.00888
PE(20:2_22:2)+Na,846.5983178,803.5561178,705.5792235,495.2847378,467.2534378,164.00888
PE(20:2_22:3)+Na,844.5827178,801.5405178,703.5636235,493.2691378,467.2534378,164.00888
PE(20:2_22:4)+Na,842.5670178,799.5248178,701.5479235,491.2534378,467.2534378,164.00888
PE(20:2_22:5)+Na,840.5514178,797.5092178,699.5323235,489.2378378,467.2534378,164.00888
PE(20:2_22:6)+Na,838.5357178,795.4935178,697.5166235,487.2221378,467.2534378,164.00888
PE(20:2_23:0)+Na,864.6453178,821.6031178,723.6262235,513.3317378,467.2534378,164.00888
PE(20:2_24:0)+Na,878.6609178,835.6187178,737.6418235,527.3473378,467.2534378,164.00888
PE(20:2_24:1)+Na,876.6453178,833.6031178,735.6262235,525.3317378,467.2534378,164.00888
PE(20:2_25:0)+Na,892.6766178,849.6344178,751.6575235,541.3630378,467.2534378,164.00888
PE(20:2_26:0)+Na,906.6922178,863.6500178,765.6731235,555.3786378,467.2534378,164.00888
PE(20:3_20:3)+Na,814.5358178,771.4936178,673.5167235,465.2378378,465.2378378,164.00888
PE(20:3_20:4)+Na,812.5201178,769.4779178,671.5010235,463.2221378,465.2378378,164.00888
PE(20:3_20:5)+Na,810.5045178,767.4623178,669.4854235,461.2065378,465.2378378,164.00888
PE(20:3_21:0)+Na,834.5984178,791.5562178,693.5793235,485.3004378,465.2378378,164.00888
PE(20:3_22:0)+Na,848.6140178,805.5718178,707.5949235,499.3160378,465.2378378,164.00888
PE(20:3_22:1)+Na,846.5984178,803.5562178,705.5793235,497.3004378,465.2378378,164.00888
PE(20:3_22:2)+Na,844.5827178,801.5405178,703.5636235,495.2847378,465.2378378,164.00888
PE(20:3_22:3)+Na,842.5671178,799.5249178,701.5480235,493.2691378,465.2378378,164.00888
PE(20:3_22:4)+Na,840.5514178,797.5092178,699.5323235,491.2534378,465.2378378,164.00888
PE(20:3_22:5)+Na,838.5358178,795.4936178,697.5167235,489.2378378,465.2378378,164.00888
PE(20:3_22:6)+Na,836.5201178,793.4779178,695.5010235,487.2221378,465.2378378,164.00888
PE(20:3_23:0)+Na,862.6297178,819.5875178,721.6106235,513.3317378,465.2378378,164.00888
PE(20:3_24:0)+Na,876.6453178,833.6031178,735.6262235,527.3473378,465.2378378,164.00888
PE(20:3_24:1)+Na,874.6297178,831.5875178,733.6106235,525.3317378,465.2378378,164.00888
PE(20:3_25:0)+Na,890.6610178,847.6188178,749.6419235,541.3630378,465.2378378,164.00888
PE(20:3_26:0)+Na,904.6766178,861.6344178,763.6575235,555.3786378,465.2378378,164.00888
PE(20:4_20:4)+Na,810.5044178,767.4622178,669.4853235,463.2221378,463.2221378,164.00888
PE(20:4_20:5)+Na,808.4888178,765.4466178,667.4697235,461.2065378,463.2221378,164.00888
PE(20:4_21:0)+Na,832.5827178,789.5405178,691.5636235,485.3004378,463.2221378,164.00888
PE(20:4_22:0)+Na,846.5983178,803.5561178,705.5792235,499.3160378,463.2221378,164.00888
PE(20:4_22:1)+Na,844.5827178,801.5405178,703.5636235,497.3004378,463.2221378,164.00888
PE(20:4_22:2)+Na,842.5670178,799.5248178,701.5479235,495.2847378,463.2221378,164.00888
PE(20:4_22:3)+Na,840.5514178,797.5092178,699.5323235,493.2691378,463.2221378,164.00888
PE(20:4_22:4)+Na,838.5357178,795.4935178,697.5166235,491.2534378,463.2221378,164.00888
PE(20:4_22:5)+Na,836.5201178,793.4779178,695.5010235,489.2378378,463.2221378,164.00888
PE(20:4_22:6)+Na,834.5044178,791.4622178,693.4853235,487.2221378,463.2221378,164.00888
PE(20:4_23:0)+Na,860.6140178,817.5718178,719.5949235,513.3317378,463.2221378,164.00888
PE(20:4_24:0)+Na,874.6296178,831.5874178,733.6105235,527.3473378,463.2221378,164.00888
PE(20:4_24:1)+Na,872.6140178,829.5718178,731.5949235,525.3317378,463.2221378,164.00888
PE(20:4_25:0)+Na,888.6453178,845.6031178,747.6262235,541.3630378,463.2221378,164.00888
PE(20:4_26:0)+Na,902.6609178,859.6187178,761.6418235,555.3786378,463.2221378,164.00888
PE(20:5_20:5)+Na,806.4732178,763.4310178,665.4541235,461.2065378,461.2065378,164.00888
PE(20:5_21:0)+Na,830.5671178,787.5249178,689.5480235,485.3004378,461.2065378,164.00888
PE(20:5_22:0)+Na,844.5827178,801.5405178,703.5636235,499.3160378,461.2065378,164.00888
PE(20:5_22:1)+Na,842.5671178,799.5249178,701.5480235,497.3004378,461.2065378,164.00888
PE(20:5_22:2)+Na,840.5514178,797.5092178,699.5323235,495.2847378,461.2065378,164.00888
PE(20:5_22:3)+Na,838.5358178,795.4936178,697.5167235,493.2691378,461.2065378,164.00888
PE(20:5_22:4)+Na,836.5201178,793.4779178,695.5010235,491.2534378,461.2065378,164.00888
PE(20:5_22:5)+Na,834.5045178,791.4623178,693.4854235,489.2378378,461.2065378,164.00888
PE(20:5_22:6)+Na,832.4888178,789.4466178,691.4697235,487.2221378,461.2065378,164.00888
PE(20:5_23:0)+Na,858.5984178,815.5562178,717.5793235,513.3317378,461.2065378,164.00888
PE(20:5_24:0)+Na,872.6140178,829.5718178,731.5949235,527.3473378,461.2065378,164.00888
PE(20:5_24:1)+Na,870.5984178,827.5562178,729.5793235,525.3317378,461.2065378,164.00888
PE(20:5_25:0)+Na,886.6297178,843.5875178,745.6106235,541.3630378,461.2065378,164.00888
PE(20:5_26:0)+Na,900.6453178,857.6031178,759.6262235,555.3786378,461.2065378,164.00888
PE(21:0_21:0)+Na,854.6610178,811.6188178,713.6419235,485.3004378,485.3004378,164.00888
PE(21:0_22:0)+Na,868.6766178,825.6344178,727.6575235,499.3160378,485.3004378,164.00888
PE(21:0_22:1)+Na,866.6610178,823.6188178,725.6419235,497.3004378,485.3004378,164.00888
PE(21:0_22:2)+Na,864.6453178,821.6031178,723.6262235,495.2847378,485.3004378,164.00888
PE(21:0_22:3)+Na,862.6297178,819.5875178,721.6106235,493.2691378,485.3004378,164.00888
PE(21:0_22:4)+Na,860.6140178,817.5718178,719.5949235,491.2534378,485.3004378,164.00888
PE(21:0_22:5)+Na,858.5984178,815.5562178,717.5793235,489.2378378,485.3004378,164.00888
PE(21:0_22:6)+Na,856.5827178,813.5405178,715.5636235,487.2221378,485.3004378,164.00888
PE(21:0_23:0)+Na,882.6923178,839.6501178,741.6732235,513.3317378,485.3004378,164.00888
PE(21:0_24:0)+Na,896.7079178,853.6657178,755.6888235,527.3473378,485.3004378,164.00888
PE(21:0_24:1)+Na,894.6923178,851.6501178,753.6732235,525.3317378,485.3004378,164.00888
PE(21:0_25:0)+Na,910.7236178,867.6814178,769.7045235,541.3630378,485.3004378,164.00888
PE(21:0_26:0)+Na,924.7392178,881.6970178,783.7201235,555.3786378,485.3004378,164.00888
PE(22:0_22:0)+Na,882.6922178,839.6500178,741.6731235,499.3160378,499.3160378,164.00888
PE(22:0_22:1)+Na,880.6766178,837.6344178,739.6575235,497.3004378,499.3160378,164.00888
PE(22:0_22:2)+Na,878.6609178,835.6187178,737.6418235,495.2847378,499.3160378,164.00888
PE(22:0_22:3)+Na,876.6453178,833.6031178,735.6262235,493.2691378,499.3160378,164.00888
PE(22:0_22:4)+Na,874.6296178,831.5874178,733.6105235,491.2534378,499.3160378,164.00888
PE(22:0_22:5)+Na,872.6140178,829.5718178,731.5949235,489.2378378,499.3160378,164.00888
PE(22:0_22:6)+Na,870.5983178,827.5561178,729.5792235,487.2221378,499.3160378,164.00888
PE(22:0_23:0)+Na,896.7079178,853.6657178,755.6888235,513.3317378,499.3160378,164.00888
PE(22:0_24:0)+Na,910.7235178,867.6813178,769.7044235,527.3473378,499.3160378,164.00888
PE(22:0_24:1)+Na,908.7079178,865.6657178,767.6888235,525.3317378,499.3160378,164.00888
PE(22:0_25:0)+Na,924.7392178,881.6970178,783.7201235,541.3630378,499.3160378,164.00888
PE(22:0_26:0)+Na,938.7548178,895.7126178,797.7357235,555.3786378,499.3160378,164.00888
PE(22:1_22:1)+Na,878.6610178,835.6188178,737.6419235,497.3004378,497.3004378,164.00888
PE(22:1_22:2)+Na,876.6453178,833.6031178,735.6262235,495.2847378,497.3004378,164.00888
PE(22:1_22:3)+Na,874.6297178,831.5875178,733.6106235,493.2691378,497.3004378,164.00888
PE(22:1_22:4)+Na,872.6140178,829.5718178,731.5949235,491.2534378,497.3004378,164.00888
PE(22:1_22:5)+Na,870.5984178,827.5562178,729.5793235,489.2378378,497.3004378,164.00888
PE(22:1_22:6)+Na,868.5827178,825.5405178,727.5636235,487.2221378,497.3004378,164.00888
PE(22:1_23:0)+Na,894.6923178,851.6501178,753.6732235,513.3317378,497.3004378,164.00888
PE(22:1_24:0)+Na,908.7079178,865.6657178,767.6888235,527.3473378,497.3004378,164.00888
PE(22:1_24:1)+Na,906.6923178,863.6501178,765.6732235,525.3317378,497.3004378,164.00888
PE(22:1_25:0)+Na,922.7236178,879.6814178,781.7045235,541.3630378,497.3004378,164.00888
PE(22:1_26:0)+Na,936.7392178,893.6970178,795.7201235,555.3786378,497.3004378,164.00888
PE(22:2_22:2)+Na,874.6296178,831.5874178,733.6105235,495.2847378,495.2847378,164.00888
PE(22:2_22:3)+Na,872.6140178,829.5718178,731.5949235,493.2691378,495.2847378,164.00888
PE(22:2_22:4)+Na,870.5983178,827.5561178,729.5792235,491.2534378,495.2847378,164.00888
PE(22:2_22:5)+Na,868.5827178,825.5405178,727.5636235,489.2378378,495.2847378,164.00888
PE(22:2_22:6)+Na,866.5670178,823.5248178,725.5479235,487.2221378,495.2847378,164.00888
PE(22:2_23:0)+Na,892.6766178,849.6344178,751.6575235,513.3317378,495.2847378,164.00888
PE(22:2_24:0)+Na,906.6922178,863.6500178,765.6731235,527.3473378,495.2847378,164.00888
PE(22:2_24:1)+Na,904.6766178,861.6344178,763.6575235,525.3317378,495.2847378,164.00888
PE(22:2_25:0)+Na,920.7079178,877.6657178,779.6888235,541.3630378,495.2847378,164.00888
PE(22:2_26:0)+Na,934.7235178,891.6813178,793.7044235,555.3786378,495.2847378,164.00888
PE(22:3_22:3)+Na,870.5984178,827.5562178,729.5793235,493.2691378,493.2691378,164.00888
PE(22:3_22:4)+Na,868.5827178,825.5405178,727.5636235,491.2534378,493.2691378,164.00888
PE(22:3_22:5)+Na,866.5671178,823.5249178,725.5480235,489.2378378,493.2691378,164.00888
PE(22:3_22:6)+Na,864.5514178,821.5092178,723.5323235,487.2221378,493.2691378,164.00888
PE(22:3_23:0)+Na,890.6610178,847.6188178,749.6419235,513.3317378,493.2691378,164.00888
PE(22:3_24:0)+Na,904.6766178,861.6344178,763.6575235,527.3473378,493.2691378,164.00888
PE(22:3_24:1)+Na,902.6610178,859.6188178,761.6419235,525.3317378,493.2691378,164.00888
PE(22:3_25:0)+Na,918.6923178,875.6501178,777.6732235,541.3630378,493.2691378,164.00888
PE(22:3_26:0)+Na,932.7079178,889.6657178,791.6888235,555.3786378,493.2691378,164.00888
PE(22:4_22:4)+Na,866.5670178,823.5248178,725.5479235,491.2534378,491.2534378,164.00888
PE(22:4_22:5)+Na,864.5514178,821.5092178,723.5323235,489.2378378,491.2534378,164.00888
PE(22:4_22:6)+Na,862.5357178,819.4935178,721.5166235,487.2221378,491.2534378,164.00888
PE(22:4_23:0)+Na,888.6453178,845.6031178,747.6262235,513.3317378,491.2534378,164.00888
PE(22:4_24:0)+Na,902.6609178,859.6187178,761.6418235,527.3473378,491.2534378,164.00888
PE(22:4_24:1)+Na,900.6453178,857.6031178,759.6262235,525.3317378,491.2534378,164.00888
PE(22:4_25:0)+Na,916.6766178,873.6344178,775.6575235,541.3630378,491.2534378,164.00888
PE(22:4_26:0)+Na,930.6922178,887.6500178,789.6731235,555.3786378,491.2534378,164.00888
PE(22:5_22:5)+Na,862.5358178,819.4936178,721.5167235,489.2378378,489.2378378,164.00888
PE(22:5_22:6)+Na,860.5201178,817.4779178,719.5010235,487.2221378,489.2378378,164.00888
PE(22:5_23:0)+Na,886.6297178,843.5875178,745.6106235,513.3317378,489.2378378,164.00888
PE(22:5_24:0)+Na,900.6453178,857.6031178,759.6262235,527.3473378,489.2378378,164.00888
PE(22:5_24:1)+Na,898.6297178,855.5875178,757.6106235,525.3317378,489.2378378,164.00888
PE(22:5_25:0)+Na,914.6610178,871.6188178,773.6419235,541.3630378,489.2378378,164.00888
PE(22:5_26:0)+Na,928.6766178,885.6344178,787.6575235,555.3786378,489.2378378,164.00888
PE(22:6_22:6)+Na,858.5044178,815.4622178,717.4853235,487.2221378,487.2221378,164.00888
PE(22:6_23:0)+Na,884.6140178,841.5718178,743.5949235,513.3317378,487.2221378,164.00888
PE(22:6_24:0)+Na,898.6296178,855.5874178,757.6105235,527.3473378,487.2221378,164.00888
PE(22:6_24:1)+Na,896.6140178,853.5718178,755.5949235,525.3317378,487.2221378,164.00888
PE(22:6_25:0)+Na,912.6453178,869.6031178,771.6262235,541.3630378,487.2221378,164.00888
PE(22:6_26:0)+Na,926.6609178,883.6187178,785.6418235,555.3786378,487.2221378,164.00888
PE(23:0_23:0)+Na,910.7236178,867.6814178,769.7045235,513.3317378,513.3317378,164.00888
PE(23:0_24:0)+Na,924.7392178,881.6970178,783.7201235,527.3473378,513.3317378,164.00888
PE(23:0_24:1)+Na,922.7236178,879.6814178,781.7045235,525.3317378,513.3317378,164.00888
PE(23:0_25:0)+Na,938.7549178,895.7127178,797.7358235,541.3630378,513.3317378,164.00888
PE(23:0_26:0)+Na,952.7705178,909.7283178,811.7514235,555.3786378,513.3317378,164.00888
PE(24:0_24:0)+Na,938.7548178,895.7126178,797.7357235,527.3473378,527.3473378,164.00888
PE(24:0_24:1)+Na,936.7392178,893.6970178,795.7201235,525.3317378,527.3473378,164.00888
PE(24:0_25:0)+Na,952.7705178,909.7283178,811.7514235,541.3630378,527.3473378,164.00888
PE(24:0_26:0)+Na,966.7861178,923.7439178,825.7670235,555.3786378,527.3473378,164.00888
PE(24:1_24:1)+Na,934.7236178,891.6814178,793.7045235,525.3317378,525.3317378,164.00888
PE(24:1_25:0)+Na,950.7549178,907.7127178,809.7358235,541.3630378,525.3317378,164.00888
PE(24:1_26:0)+Na,964.7705178,921.7283178,823.7514235,555.3786378,525.3317378,164.00888
PE(25:0_25:0)+Na,966.7862178,923.7440178,825.7671235,541.3630378,541.3630378,164.00888
PE(25:0_26:0)+Na,980.8018178,937.7596178,839.7827235,555.3786378,541.3630378,164.00888
PE(26:0_26:0)+Na,994.8174178,951.7752178,853.7983235,555.3786378,555.3786378,164.00888
