ether-PC,[M+HCO2]-,NL_CH3&HCO2,NL_Choline&HCO2,NL_T2Ketene&CH3&HCO3,NL_T2RCOOH&CH3&HCO3,NL_T2RCOOH_Choline_HCO3*,GlyceroPC_NLCH3&H2O,T2_RCOO-,PC_NLCH3, Glycerol-3-phosphate_NLH2O,H2PO4-,PO3-
Plasmanyl-PC(O-16:0/10:0)+HCO2,680.48722,620.46608,549.39258,466.33031,448.31975,377.24626,224.06881,171.13905,168.04314,152.99586,96.96964,78.95852
Plasmanyl-PC(O-16:0/12:0)+HCO2,708.51852,648.49738,577.42388,466.33031,448.31975,377.24626,224.06881,199.17035,168.04314,152.99586,96.96964,78.95852
Plasmanyl-PC(O-16:0/13:0)+HCO2,722.53422,662.51308,591.43958,466.33031,448.31975,377.24626,224.06881,213.18605,168.04314,152.99586,96.96964,78.95852
Plasmanyl-PC(O-16:0/14:0)+HCO2,736.54982,676.52868,605.45518,466.33031,448.31975,377.24626,224.06881,227.20165,168.04314,152.99586,96.96964,78.95852
Plasmanyl-PC(O-16:0/14:1)+HCO2,734.53422,674.51308,603.43958,466.33031,448.31975,377.24626,224.06881,225.18605,168.04314,152.99586,96.96964,78.95852
Plasmanyl-PC(O-16:0/15:0)+HCO2,750.56552,690.54438,619.47088,466.33031,448.31975,377.24626,224.06881,241.21735,168.04314,152.99586,96.96964,78.95852
Plasmanyl-PC(O-16:0/15:1)+HCO2,748.54982,688.52868,617.45518,466.33031,448.31975,377.24626,224.06881,239.20165,168.04314,152.99586,96.96964,78.95852
Plasmanyl-PC(O-16:0/16:0)+HCO2,764.58112,704.55998,633.48648,466.33031,448.31975,377.24626,224.06881,255.23295,168.04314,152.99586,96.96964,78.95852
Plasmanyl-PC(O-16:0/16:1)+HCO2,762.56552,702.54438,631.47088,466.33031,448.31975,377.24626,224.06881,253.21735,168.04314,152.99586,96.96964,78.95852
Plasmanyl-PC(O-16:0/17:0)+HCO2,778.59682,718.57568,647.50218,466.33031,448.31975,377.24626,224.06881,269.24865,168.04314,152.99586,96.96964,78.95852
Plasmanyl-PC(O-16:0/17:1)+HCO2,776.58112,716.55998,645.48648,466.33031,448.31975,377.24626,224.06881,267.23295,168.04314,152.99586,96.96964,78.95852
Plasmanyl-PC(O-16:0/17:2)+HCO2,774.56552,714.54438,643.47088,466.33031,448.31975,377.24626,224.06881,265.21735,168.04314,152.99586,96.96964,78.95852
Plasmanyl-PC(O-16:0/18:0)+HCO2,792.61242,732.59128,661.51778,466.33031,448.31975,377.24626,224.06881,283.26425,168.04314,152.99586,96.96964,78.95852
Plasmanyl-PC(O-16:0/18:1)+HCO2,790.59682,730.57568,659.50218,466.33031,448.31975,377.24626,224.06881,281.24865,168.04314,152.99586,96.96964,78.95852
Plasmanyl-PC(O-16:0/18:2)+HCO2,788.58112,728.55998,657.48648,466.33031,448.31975,377.24626,224.06881,279.23295,168.04314,152.99586,96.96964,78.95852
Plasmanyl-PC(O-16:0/18:3)+HCO2,786.56552,726.54438,655.47088,466.33031,448.31975,377.24626,224.06881,277.21735,168.04314,152.99586,96.96964,78.95852
Plasmanyl-PC(O-16:0/18:4)+HCO2,784.54982,724.52868,653.45518,466.33031,448.31975,377.24626,224.06881,275.20165,168.04314,152.99586,96.96964,78.95852
Plasmanyl-PC(O-16:0/19:0)+HCO2,806.62812,746.60698,675.53348,466.33031,448.31975,377.24626,224.06881,297.27995,168.04314,152.99586,96.96964,78.95852
Plasmanyl-PC(O-16:0/20:0)+HCO2,820.64372,760.62258,689.54908,466.33031,448.31975,377.24626,224.06881,311.29555,168.04314,152.99586,96.96964,78.95852
Plasmanyl-PC(O-16:0/20:1)+HCO2,818.62812,758.60698,687.53348,466.33031,448.31975,377.24626,224.06881,309.27995,168.04314,152.99586,96.96964,78.95852
Plasmanyl-PC(O-16:0/20:2)+HCO2,816.61242,756.59128,685.51778,466.33031,448.31975,377.24626,224.06881,307.26425,168.04314,152.99586,96.96964,78.95852
Plasmanyl-PC(O-16:0/20:3)+HCO2,814.59682,754.57568,683.50218,466.33031,448.31975,377.24626,224.06881,305.24865,168.04314,152.99586,96.96964,78.95852
Plasmanyl-PC(O-16:0/20:4)+HCO2,812.58112,752.55998,681.48648,466.33031,448.31975,377.24626,224.06881,303.23295,168.04314,152.99586,96.96964,78.95852
Plasmanyl-PC(O-16:0/20:5)+HCO2,810.56552,750.54438,679.47088,466.33031,448.31975,377.24626,224.06881,301.21735,168.04314,152.99586,96.96964,78.95852
Plasmanyl-PC(O-16:0/21:0)+HCO2,834.65942,774.63828,703.56478,466.33031,448.31975,377.24626,224.06881,325.31125,168.04314,152.99586,96.96964,78.95852
Plasmanyl-PC(O-16:0/22:0)+HCO2,848.67502,788.65388,717.58038,466.33031,448.31975,377.24626,224.06881,339.32685,168.04314,152.99586,96.96964,78.95852
Plasmanyl-PC(O-16:0/22:1)+HCO2,846.65942,786.63828,715.56478,466.33031,448.31975,377.24626,224.06881,337.31125,168.04314,152.99586,96.96964,78.95852
Plasmanyl-PC(O-16:0/22:2)+HCO2,844.64372,784.62258,713.54908,466.33031,448.31975,377.24626,224.06881,335.29555,168.04314,152.99586,96.96964,78.95852
Plasmanyl-PC(O-16:0/22:3)+HCO2,842.62812,782.60698,711.53348,466.33031,448.31975,377.24626,224.06881,333.27995,168.04314,152.99586,96.96964,78.95852
Plasmanyl-PC(O-16:0/22:4)+HCO2,840.61242,780.59128,709.51778,466.33031,448.31975,377.24626,224.06881,331.26425,168.04314,152.99586,96.96964,78.95852
Plasmanyl-PC(O-16:0/22:5)+HCO2,838.59682,778.57568,707.50218,466.33031,448.31975,377.24626,224.06881,329.24865,168.04314,152.99586,96.96964,78.95852
Plasmanyl-PC(O-16:0/22:6)+HCO2,836.58112,776.55998,705.48648,466.33031,448.31975,377.24626,224.06881,327.23295,168.04314,152.99586,96.96964,78.95852
Plasmanyl-PC(O-16:0/23:0)+HCO2,862.69072,802.66958,731.59608,466.33031,448.31975,377.24626,224.06881,353.34255,168.04314,152.99586,96.96964,78.95852
Plasmanyl-PC(O-16:0/24:0)+HCO2,876.70632,816.68518,745.61168,466.33031,448.31975,377.24626,224.06881,367.35815,168.04314,152.99586,96.96964,78.95852
Plasmanyl-PC(O-16:0/24:1)+HCO2,874.69072,814.66958,743.59608,466.33031,448.31975,377.24626,224.06881,365.34255,168.04314,152.99586,96.96964,78.95852
Plasmanyl-PC(O-16:0/25:0)+HCO2,890.72202,830.70088,759.62738,466.33031,448.31975,377.24626,224.06881,381.37385,168.04314,152.99586,96.96964,78.95852
Plasmanyl-PC(O-16:0/26:0)+HCO2,904.73762,844.71648,773.64298,466.33031,448.31975,377.24626,224.06881,395.38945,168.04314,152.99586,96.96964,78.95852
Plasmanyl-PC(O-16:0/8:0)+HCO2,652.45592,592.43478,521.36128,466.33031,448.31975,377.24626,224.06881,143.10775,168.04314,152.99586,96.96964,78.95852
Plasmanyl-PC(O-16:1/10:0)+HCO2,678.47162,618.45048,547.37698,464.31471,446.30415,375.23066,224.06881,171.13905,168.04314,152.99586,96.96964,78.95852
Plasmanyl-PC(O-16:1/12:0)+HCO2,706.50292,646.48178,575.40828,464.31471,446.30415,375.23066,224.06881,199.17035,168.04314,152.99586,96.96964,78.95852
Plasmanyl-PC(O-16:1/13:0)+HCO2,720.51862,660.49748,589.42398,464.31471,446.30415,375.23066,224.06881,213.18605,168.04314,152.99586,96.96964,78.95852
Plasmanyl-PC(O-16:1/14:0)+HCO2,734.53422,674.51308,603.43958,464.31471,446.30415,375.23066,224.06881,227.20165,168.04314,152.99586,96.96964,78.95852
Plasmanyl-PC(O-16:1/14:1)+HCO2,732.51862,672.49748,601.42398,464.31471,446.30415,375.23066,224.06881,225.18605,168.04314,152.99586,96.96964,78.95852
Plasmanyl-PC(O-16:1/15:0)+HCO2,748.54992,688.52878,617.45528,464.31471,446.30415,375.23066,224.06881,241.21735,168.04314,152.99586,96.96964,78.95852
Plasmanyl-PC(O-16:1/15:1)+HCO2,746.53422,686.51308,615.43958,464.31471,446.30415,375.23066,224.06881,239.20165,168.04314,152.99586,96.96964,78.95852
Plasmanyl-PC(O-16:1/16:0)+HCO2,762.56552,702.54438,631.47088,464.31471,446.30415,375.23066,224.06881,255.23295,168.04314,152.99586,96.96964,78.95852
Plasmanyl-PC(O-16:1/16:1)+HCO2,760.54992,700.52878,629.45528,464.31471,446.30415,375.23066,224.06881,253.21735,168.04314,152.99586,96.96964,78.95852
Plasmanyl-PC(O-16:1/17:0)+HCO2,776.58122,716.56008,645.48658,464.31471,446.30415,375.23066,224.06881,269.24865,168.04314,152.99586,96.96964,78.95852
Plasmanyl-PC(O-16:1/17:1)+HCO2,774.56552,714.54438,643.47088,464.31471,446.30415,375.23066,224.06881,267.23295,168.04314,152.99586,96.96964,78.95852
Plasmanyl-PC(O-16:1/17:2)+HCO2,772.54992,712.52878,641.45528,464.31471,446.30415,375.23066,224.06881,265.21735,168.04314,152.99586,96.96964,78.95852
Plasmanyl-PC(O-16:1/18:0)+HCO2,790.59682,730.57568,659.50218,464.31471,446.30415,375.23066,224.06881,283.26425,168.04314,152.99586,96.96964,78.95852
Plasmanyl-PC(O-16:1/18:1)+HCO2,788.58122,728.56008,657.48658,464.31471,446.30415,375.23066,224.06881,281.24865,168.04314,152.99586,96.96964,78.95852
Plasmanyl-PC(O-16:1/18:2)+HCO2,786.56552,726.54438,655.47088,464.31471,446.30415,375.23066,224.06881,279.23295,168.04314,152.99586,96.96964,78.95852
Plasmanyl-PC(O-16:1/18:3)+HCO2,784.54992,724.52878,653.45528,464.31471,446.30415,375.23066,224.06881,277.21735,168.04314,152.99586,96.96964,78.95852
Plasmanyl-PC(O-16:1/18:4)+HCO2,782.53422,722.51308,651.43958,464.31471,446.30415,375.23066,224.06881,275.20165,168.04314,152.99586,96.96964,78.95852
Plasmanyl-PC(O-16:1/19:0)+HCO2,804.61252,744.59138,673.51788,464.31471,446.30415,375.23066,224.06881,297.27995,168.04314,152.99586,96.96964,78.95852
Plasmanyl-PC(O-16:1/20:0)+HCO2,818.62812,758.60698,687.53348,464.31471,446.30415,375.23066,224.06881,311.29555,168.04314,152.99586,96.96964,78.95852
Plasmanyl-PC(O-16:1/20:1)+HCO2,816.61252,756.59138,685.51788,464.31471,446.30415,375.23066,224.06881,309.27995,168.04314,152.99586,96.96964,78.95852
Plasmanyl-PC(O-16:1/20:2)+HCO2,814.59682,754.57568,683.50218,464.31471,446.30415,375.23066,224.06881,307.26425,168.04314,152.99586,96.96964,78.95852
Plasmanyl-PC(O-16:1/20:3)+HCO2,812.58122,752.56008,681.48658,464.31471,446.30415,375.23066,224.06881,305.24865,168.04314,152.99586,96.96964,78.95852
Plasmanyl-PC(O-16:1/20:4)+HCO2,810.56552,750.54438,679.47088,464.31471,446.30415,375.23066,224.06881,303.23295,168.04314,152.99586,96.96964,78.95852
Plasmanyl-PC(O-16:1/20:5)+HCO2,808.54992,748.52878,677.45528,464.31471,446.30415,375.23066,224.06881,301.21735,168.04314,152.99586,96.96964,78.95852
Plasmanyl-PC(O-16:1/21:0)+HCO2,832.64382,772.62268,701.54918,464.31471,446.30415,375.23066,224.06881,325.31125,168.04314,152.99586,96.96964,78.95852
Plasmanyl-PC(O-16:1/22:0)+HCO2,846.65942,786.63828,715.56478,464.31471,446.30415,375.23066,224.06881,339.32685,168.04314,152.99586,96.96964,78.95852
Plasmanyl-PC(O-16:1/22:1)+HCO2,844.64382,784.62268,713.54918,464.31471,446.30415,375.23066,224.06881,337.31125,168.04314,152.99586,96.96964,78.95852
Plasmanyl-PC(O-16:1/22:2)+HCO2,842.62812,782.60698,711.53348,464.31471,446.30415,375.23066,224.06881,335.29555,168.04314,152.99586,96.96964,78.95852
Plasmanyl-PC(O-16:1/22:3)+HCO2,840.61252,780.59138,709.51788,464.31471,446.30415,375.23066,224.06881,333.27995,168.04314,152.99586,96.96964,78.95852
Plasmanyl-PC(O-16:1/22:4)+HCO2,838.59682,778.57568,707.50218,464.31471,446.30415,375.23066,224.06881,331.26425,168.04314,152.99586,96.96964,78.95852
Plasmanyl-PC(O-16:1/22:5)+HCO2,836.58122,776.56008,705.48658,464.31471,446.30415,375.23066,224.06881,329.24865,168.04314,152.99586,96.96964,78.95852
Plasmanyl-PC(O-16:1/22:6)+HCO2,834.56552,774.54438,703.47088,464.31471,446.30415,375.23066,224.06881,327.23295,168.04314,152.99586,96.96964,78.95852
Plasmanyl-PC(O-16:1/23:0)+HCO2,860.67512,800.65398,729.58048,464.31471,446.30415,375.23066,224.06881,353.34255,168.04314,152.99586,96.96964,78.95852
Plasmanyl-PC(O-16:1/24:0)+HCO2,874.69072,814.66958,743.59608,464.31471,446.30415,375.23066,224.06881,367.35815,168.04314,152.99586,96.96964,78.95852
Plasmanyl-PC(O-16:1/24:1)+HCO2,872.67512,812.65398,741.58048,464.31471,446.30415,375.23066,224.06881,365.34255,168.04314,152.99586,96.96964,78.95852
Plasmanyl-PC(O-16:1/25:0)+HCO2,888.70642,828.68528,757.61178,464.31471,446.30415,375.23066,224.06881,381.37385,168.04314,152.99586,96.96964,78.95852
Plasmanyl-PC(O-16:1/26:0)+HCO2,902.72202,842.70088,771.62738,464.31471,446.30415,375.23066,224.06881,395.38945,168.04314,152.99586,96.96964,78.95852
Plasmanyl-PC(O-16:1/8:0)+HCO2,650.44032,590.41918,519.34568,464.31471,446.30415,375.23066,224.06881,143.10775,168.04314,152.99586,96.96964,78.95852
Plasmanyl-PC(O-18:0/10:0)+HCO2,708.51852,648.49738,577.42388,494.36161,476.35105,405.27756,224.06881,171.13905,168.04314,152.99586,96.96964,78.95852
Plasmanyl-PC(O-18:0/12:0)+HCO2,736.54982,676.52868,605.45518,494.36161,476.35105,405.27756,224.06881,199.17035,168.04314,152.99586,96.96964,78.95852
Plasmanyl-PC(O-18:0/13:0)+HCO2,750.56552,690.54438,619.47088,494.36161,476.35105,405.27756,224.06881,213.18605,168.04314,152.99586,96.96964,78.95852
Plasmanyl-PC(O-18:0/14:0)+HCO2,764.58112,704.55998,633.48648,494.36161,476.35105,405.27756,224.06881,227.20165,168.04314,152.99586,96.96964,78.95852
Plasmanyl-PC(O-18:0/14:1)+HCO2,762.56552,702.54438,631.47088,494.36161,476.35105,405.27756,224.06881,225.18605,168.04314,152.99586,96.96964,78.95852
Plasmanyl-PC(O-18:0/15:0)+HCO2,778.59682,718.57568,647.50218,494.36161,476.35105,405.27756,224.06881,241.21735,168.04314,152.99586,96.96964,78.95852
Plasmanyl-PC(O-18:0/15:1)+HCO2,776.58112,716.55998,645.48648,494.36161,476.35105,405.27756,224.06881,239.20165,168.04314,152.99586,96.96964,78.95852
Plasmanyl-PC(O-18:0/16:0)+HCO2,792.61242,732.59128,661.51778,494.36161,476.35105,405.27756,224.06881,255.23295,168.04314,152.99586,96.96964,78.95852
Plasmanyl-PC(O-18:0/16:1)+HCO2,790.59682,730.57568,659.50218,494.36161,476.35105,405.27756,224.06881,253.21735,168.04314,152.99586,96.96964,78.95852
Plasmanyl-PC(O-18:0/17:0)+HCO2,806.62812,746.60698,675.53348,494.36161,476.35105,405.27756,224.06881,269.24865,168.04314,152.99586,96.96964,78.95852
Plasmanyl-PC(O-18:0/17:1)+HCO2,804.61242,744.59128,673.51778,494.36161,476.35105,405.27756,224.06881,267.23295,168.04314,152.99586,96.96964,78.95852
Plasmanyl-PC(O-18:0/17:2)+HCO2,802.59682,742.57568,671.50218,494.36161,476.35105,405.27756,224.06881,265.21735,168.04314,152.99586,96.96964,78.95852
Plasmanyl-PC(O-18:0/18:0)+HCO2,820.64372,760.62258,689.54908,494.36161,476.35105,405.27756,224.06881,283.26425,168.04314,152.99586,96.96964,78.95852
Plasmanyl-PC(O-18:0/18:1)+HCO2,818.62812,758.60698,687.53348,494.36161,476.35105,405.27756,224.06881,281.24865,168.04314,152.99586,96.96964,78.95852
Plasmanyl-PC(O-18:0/18:2)+HCO2,816.61242,756.59128,685.51778,494.36161,476.35105,405.27756,224.06881,279.23295,168.04314,152.99586,96.96964,78.95852
Plasmanyl-PC(O-18:0/18:3)+HCO2,814.59682,754.57568,683.50218,494.36161,476.35105,405.27756,224.06881,277.21735,168.04314,152.99586,96.96964,78.95852
Plasmanyl-PC(O-18:0/18:4)+HCO2,812.58112,752.55998,681.48648,494.36161,476.35105,405.27756,224.06881,275.20165,168.04314,152.99586,96.96964,78.95852
Plasmanyl-PC(O-18:0/19:0)+HCO2,834.65942,774.63828,703.56478,494.36161,476.35105,405.27756,224.06881,297.27995,168.04314,152.99586,96.96964,78.95852
Plasmanyl-PC(O-18:0/20:0)+HCO2,848.67502,788.65388,717.58038,494.36161,476.35105,405.27756,224.06881,311.29555,168.04314,152.99586,96.96964,78.95852
Plasmanyl-PC(O-18:0/20:1)+HCO2,846.65942,786.63828,715.56478,494.36161,476.35105,405.27756,224.06881,309.27995,168.04314,152.99586,96.96964,78.95852
Plasmanyl-PC(O-18:0/20:2)+HCO2,844.64372,784.62258,713.54908,494.36161,476.35105,405.27756,224.06881,307.26425,168.04314,152.99586,96.96964,78.95852
Plasmanyl-PC(O-18:0/20:3)+HCO2,842.62812,782.60698,711.53348,494.36161,476.35105,405.27756,224.06881,305.24865,168.04314,152.99586,96.96964,78.95852
Plasmanyl-PC(O-18:0/20:4)+HCO2,840.61242,780.59128,709.51778,494.36161,476.35105,405.27756,224.06881,303.23295,168.04314,152.99586,96.96964,78.95852
Plasmanyl-PC(O-18:0/20:5)+HCO2,838.59682,778.57568,707.50218,494.36161,476.35105,405.27756,224.06881,301.21735,168.04314,152.99586,96.96964,78.95852
Plasmanyl-PC(O-18:0/21:0)+HCO2,862.69072,802.66958,731.59608,494.36161,476.35105,405.27756,224.06881,325.31125,168.04314,152.99586,96.96964,78.95852
Plasmanyl-PC(O-18:0/22:0)+HCO2,876.70632,816.68518,745.61168,494.36161,476.35105,405.27756,224.06881,339.32685,168.04314,152.99586,96.96964,78.95852
Plasmanyl-PC(O-18:0/22:1)+HCO2,874.69072,814.66958,743.59608,494.36161,476.35105,405.27756,224.06881,337.31125,168.04314,152.99586,96.96964,78.95852
Plasmanyl-PC(O-18:0/22:2)+HCO2,872.67502,812.65388,741.58038,494.36161,476.35105,405.27756,224.06881,335.29555,168.04314,152.99586,96.96964,78.95852
Plasmanyl-PC(O-18:0/22:3)+HCO2,870.65942,810.63828,739.56478,494.36161,476.35105,405.27756,224.06881,333.27995,168.04314,152.99586,96.96964,78.95852
Plasmanyl-PC(O-18:0/22:4)+HCO2,868.64372,808.62258,737.54908,494.36161,476.35105,405.27756,224.06881,331.26425,168.04314,152.99586,96.96964,78.95852
Plasmanyl-PC(O-18:0/22:5)+HCO2,866.62812,806.60698,735.53348,494.36161,476.35105,405.27756,224.06881,329.24865,168.04314,152.99586,96.96964,78.95852
Plasmanyl-PC(O-18:0/22:6)+HCO2,864.61242,804.59128,733.51778,494.36161,476.35105,405.27756,224.06881,327.23295,168.04314,152.99586,96.96964,78.95852
Plasmanyl-PC(O-18:0/23:0)+HCO2,890.72202,830.70088,759.62738,494.36161,476.35105,405.27756,224.06881,353.34255,168.04314,152.99586,96.96964,78.95852
Plasmanyl-PC(O-18:0/24:0)+HCO2,904.73762,844.71648,773.64298,494.36161,476.35105,405.27756,224.06881,367.35815,168.04314,152.99586,96.96964,78.95852
Plasmanyl-PC(O-18:0/24:1)+HCO2,902.72202,842.70088,771.62738,494.36161,476.35105,405.27756,224.06881,365.34255,168.04314,152.99586,96.96964,78.95852
Plasmanyl-PC(O-18:0/25:0)+HCO2,918.75332,858.73218,787.65868,494.36161,476.35105,405.27756,224.06881,381.37385,168.04314,152.99586,96.96964,78.95852
Plasmanyl-PC(O-18:0/26:0)+HCO2,932.76892,872.74778,801.67428,494.36161,476.35105,405.27756,224.06881,395.38945,168.04314,152.99586,96.96964,78.95852
Plasmanyl-PC(O-18:0/8:0)+HCO2,680.48722,620.46608,549.39258,494.36161,476.35105,405.27756,224.06881,143.10775,168.04314,152.99586,96.96964,78.95852
Plasmanyl-PC(O-18:1/10:0)+HCO2,706.50292,646.48178,575.40828,492.34601,474.33545,403.26196,224.06881,171.13905,168.04314,152.99586,96.96964,78.95852
Plasmanyl-PC(O-18:1/12:0)+HCO2,734.53422,674.51308,603.43958,492.34601,474.33545,403.26196,224.06881,199.17035,168.04314,152.99586,96.96964,78.95852
Plasmanyl-PC(O-18:1/13:0)+HCO2,748.54992,688.52878,617.45528,492.34601,474.33545,403.26196,224.06881,213.18605,168.04314,152.99586,96.96964,78.95852
Plasmanyl-PC(O-18:1/14:0)+HCO2,762.56552,702.54438,631.47088,492.34601,474.33545,403.26196,224.06881,227.20165,168.04314,152.99586,96.96964,78.95852
Plasmanyl-PC(O-18:1/14:1)+HCO2,760.54992,700.52878,629.45528,492.34601,474.33545,403.26196,224.06881,225.18605,168.04314,152.99586,96.96964,78.95852
Plasmanyl-PC(O-18:1/15:0)+HCO2,776.58122,716.56008,645.48658,492.34601,474.33545,403.26196,224.06881,241.21735,168.04314,152.99586,96.96964,78.95852
Plasmanyl-PC(O-18:1/15:1)+HCO2,774.56552,714.54438,643.47088,492.34601,474.33545,403.26196,224.06881,239.20165,168.04314,152.99586,96.96964,78.95852
Plasmanyl-PC(O-18:1/16:0)+HCO2,790.59682,730.57568,659.50218,492.34601,474.33545,403.26196,224.06881,255.23295,168.04314,152.99586,96.96964,78.95852
Plasmanyl-PC(O-18:1/16:1)+HCO2,788.58122,728.56008,657.48658,492.34601,474.33545,403.26196,224.06881,253.21735,168.04314,152.99586,96.96964,78.95852
Plasmanyl-PC(O-18:1/17:0)+HCO2,804.61252,744.59138,673.51788,492.34601,474.33545,403.26196,224.06881,269.24865,168.04314,152.99586,96.96964,78.95852
Plasmanyl-PC(O-18:1/17:1)+HCO2,802.59682,742.57568,671.50218,492.34601,474.33545,403.26196,224.06881,267.23295,168.04314,152.99586,96.96964,78.95852
Plasmanyl-PC(O-18:1/17:2)+HCO2,800.58122,740.56008,669.48658,492.34601,474.33545,403.26196,224.06881,265.21735,168.04314,152.99586,96.96964,78.95852
Plasmanyl-PC(O-18:1/18:0)+HCO2,818.62812,758.60698,687.53348,492.34601,474.33545,403.26196,224.06881,283.26425,168.04314,152.99586,96.96964,78.95852
Plasmanyl-PC(O-18:1/18:1)+HCO2,816.61252,756.59138,685.51788,492.34601,474.33545,403.26196,224.06881,281.24865,168.04314,152.99586,96.96964,78.95852
Plasmanyl-PC(O-18:1/18:2)+HCO2,814.59682,754.57568,683.50218,492.34601,474.33545,403.26196,224.06881,279.23295,168.04314,152.99586,96.96964,78.95852
Plasmanyl-PC(O-18:1/18:3)+HCO2,812.58122,752.56008,681.48658,492.34601,474.33545,403.26196,224.06881,277.21735,168.04314,152.99586,96.96964,78.95852
Plasmanyl-PC(O-18:1/18:4)+HCO2,810.56552,750.54438,679.47088,492.34601,474.33545,403.26196,224.06881,275.20165,168.04314,152.99586,96.96964,78.95852
Plasmanyl-PC(O-18:1/19:0)+HCO2,832.64382,772.62268,701.54918,492.34601,474.33545,403.26196,224.06881,297.27995,168.04314,152.99586,96.96964,78.95852
Plasmanyl-PC(O-18:1/20:0)+HCO2,846.65942,786.63828,715.56478,492.34601,474.33545,403.26196,224.06881,311.29555,168.04314,152.99586,96.96964,78.95852
Plasmanyl-PC(O-18:1/20:1)+HCO2,844.64382,784.62268,713.54918,492.34601,474.33545,403.26196,224.06881,309.27995,168.04314,152.99586,96.96964,78.95852
Plasmanyl-PC(O-18:1/20:2)+HCO2,842.62812,782.60698,711.53348,492.34601,474.33545,403.26196,224.06881,307.26425,168.04314,152.99586,96.96964,78.95852
Plasmanyl-PC(O-18:1/20:3)+HCO2,840.61252,780.59138,709.51788,492.34601,474.33545,403.26196,224.06881,305.24865,168.04314,152.99586,96.96964,78.95852
Plasmanyl-PC(O-18:1/20:4)+HCO2,838.59682,778.57568,707.50218,492.34601,474.33545,403.26196,224.06881,303.23295,168.04314,152.99586,96.96964,78.95852
Plasmanyl-PC(O-18:1/20:5)+HCO2,836.58122,776.56008,705.48658,492.34601,474.33545,403.26196,224.06881,301.21735,168.04314,152.99586,96.96964,78.95852
Plasmanyl-PC(O-18:1/21:0)+HCO2,860.67512,800.65398,729.58048,492.34601,474.33545,403.26196,224.06881,325.31125,168.04314,152.99586,96.96964,78.95852
Plasmanyl-PC(O-18:1/22:0)+HCO2,874.69072,814.66958,743.59608,492.34601,474.33545,403.26196,224.06881,339.32685,168.04314,152.99586,96.96964,78.95852
Plasmanyl-PC(O-18:1/22:1)+HCO2,872.67512,812.65398,741.58048,492.34601,474.33545,403.26196,224.06881,337.31125,168.04314,152.99586,96.96964,78.95852
Plasmanyl-PC(O-18:1/22:2)+HCO2,870.65942,810.63828,739.56478,492.34601,474.33545,403.26196,224.06881,335.29555,168.04314,152.99586,96.96964,78.95852
Plasmanyl-PC(O-18:1/22:3)+HCO2,868.64382,808.62268,737.54918,492.34601,474.33545,403.26196,224.06881,333.27995,168.04314,152.99586,96.96964,78.95852
Plasmanyl-PC(O-18:1/22:4)+HCO2,866.62812,806.60698,735.53348,492.34601,474.33545,403.26196,224.06881,331.26425,168.04314,152.99586,96.96964,78.95852
Plasmanyl-PC(O-18:1/22:5)+HCO2,864.61252,804.59138,733.51788,492.34601,474.33545,403.26196,224.06881,329.24865,168.04314,152.99586,96.96964,78.95852
Plasmanyl-PC(O-18:1/22:6)+HCO2,862.59682,802.57568,731.50218,492.34601,474.33545,403.26196,224.06881,327.23295,168.04314,152.99586,96.96964,78.95852
Plasmanyl-PC(O-18:1/23:0)+HCO2,888.70642,828.68528,757.61178,492.34601,474.33545,403.26196,224.06881,353.34255,168.04314,152.99586,96.96964,78.95852
Plasmanyl-PC(O-18:1/24:0)+HCO2,902.72202,842.70088,771.62738,492.34601,474.33545,403.26196,224.06881,367.35815,168.04314,152.99586,96.96964,78.95852
Plasmanyl-PC(O-18:1/24:1)+HCO2,900.70642,840.68528,769.61178,492.34601,474.33545,403.26196,224.06881,365.34255,168.04314,152.99586,96.96964,78.95852
Plasmanyl-PC(O-18:1/25:0)+HCO2,916.73772,856.71658,785.64308,492.34601,474.33545,403.26196,224.06881,381.37385,168.04314,152.99586,96.96964,78.95852
Plasmanyl-PC(O-18:1/26:0)+HCO2,930.75332,870.73218,799.65868,492.34601,474.33545,403.26196,224.06881,395.38945,168.04314,152.99586,96.96964,78.95852
Plasmanyl-PC(O-18:1/8:0)+HCO2,678.47162,618.45048,547.37698,492.34601,474.33545,403.26196,224.06881,143.10775,168.04314,152.99586,96.96964,78.95852
Plasmanyl-PC(O-20:0/10:0)+HCO2,736.54982,676.52868,605.45518,522.39291,504.38235,433.30886,224.06881,171.13905,168.04314,152.99586,96.96964,78.95852
Plasmanyl-PC(O-20:0/12:0)+HCO2,764.58112,704.55998,633.48648,522.39291,504.38235,433.30886,224.06881,199.17035,168.04314,152.99586,96.96964,78.95852
Plasmanyl-PC(O-20:0/13:0)+HCO2,778.59682,718.57568,647.50218,522.39291,504.38235,433.30886,224.06881,213.18605,168.04314,152.99586,96.96964,78.95852
Plasmanyl-PC(O-20:0/14:0)+HCO2,792.61242,732.59128,661.51778,522.39291,504.38235,433.30886,224.06881,227.20165,168.04314,152.99586,96.96964,78.95852
Plasmanyl-PC(O-20:0/14:1)+HCO2,790.59682,730.57568,659.50218,522.39291,504.38235,433.30886,224.06881,225.18605,168.04314,152.99586,96.96964,78.95852
Plasmanyl-PC(O-20:0/15:0)+HCO2,806.62812,746.60698,675.53348,522.39291,504.38235,433.30886,224.06881,241.21735,168.04314,152.99586,96.96964,78.95852
Plasmanyl-PC(O-20:0/15:1)+HCO2,804.61242,744.59128,673.51778,522.39291,504.38235,433.30886,224.06881,239.20165,168.04314,152.99586,96.96964,78.95852
Plasmanyl-PC(O-20:0/16:0)+HCO2,820.64372,760.62258,689.54908,522.39291,504.38235,433.30886,224.06881,255.23295,168.04314,152.99586,96.96964,78.95852
Plasmanyl-PC(O-20:0/16:1)+HCO2,818.62812,758.60698,687.53348,522.39291,504.38235,433.30886,224.06881,253.21735,168.04314,152.99586,96.96964,78.95852
Plasmanyl-PC(O-20:0/17:0)+HCO2,834.65942,774.63828,703.56478,522.39291,504.38235,433.30886,224.06881,269.24865,168.04314,152.99586,96.96964,78.95852
Plasmanyl-PC(O-20:0/17:1)+HCO2,832.64372,772.62258,701.54908,522.39291,504.38235,433.30886,224.06881,267.23295,168.04314,152.99586,96.96964,78.95852
Plasmanyl-PC(O-20:0/17:2)+HCO2,830.62812,770.60698,699.53348,522.39291,504.38235,433.30886,224.06881,265.21735,168.04314,152.99586,96.96964,78.95852
Plasmanyl-PC(O-20:0/18:0)+HCO2,848.67502,788.65388,717.58038,522.39291,504.38235,433.30886,224.06881,283.26425,168.04314,152.99586,96.96964,78.95852
Plasmanyl-PC(O-20:0/18:1)+HCO2,846.65942,786.63828,715.56478,522.39291,504.38235,433.30886,224.06881,281.24865,168.04314,152.99586,96.96964,78.95852
Plasmanyl-PC(O-20:0/18:2)+HCO2,844.64372,784.62258,713.54908,522.39291,504.38235,433.30886,224.06881,279.23295,168.04314,152.99586,96.96964,78.95852
Plasmanyl-PC(O-20:0/18:3)+HCO2,842.62812,782.60698,711.53348,522.39291,504.38235,433.30886,224.06881,277.21735,168.04314,152.99586,96.96964,78.95852
Plasmanyl-PC(O-20:0/18:4)+HCO2,840.61242,780.59128,709.51778,522.39291,504.38235,433.30886,224.06881,275.20165,168.04314,152.99586,96.96964,78.95852
Plasmanyl-PC(O-20:0/19:0)+HCO2,862.69072,802.66958,731.59608,522.39291,504.38235,433.30886,224.06881,297.27995,168.04314,152.99586,96.96964,78.95852
Plasmanyl-PC(O-20:0/20:0)+HCO2,876.70632,816.68518,745.61168,522.39291,504.38235,433.30886,224.06881,311.29555,168.04314,152.99586,96.96964,78.95852
Plasmanyl-PC(O-20:0/20:1)+HCO2,874.69072,814.66958,743.59608,522.39291,504.38235,433.30886,224.06881,309.27995,168.04314,152.99586,96.96964,78.95852
Plasmanyl-PC(O-20:0/20:2)+HCO2,872.67502,812.65388,741.58038,522.39291,504.38235,433.30886,224.06881,307.26425,168.04314,152.99586,96.96964,78.95852
Plasmanyl-PC(O-20:0/20:3)+HCO2,870.65942,810.63828,739.56478,522.39291,504.38235,433.30886,224.06881,305.24865,168.04314,152.99586,96.96964,78.95852
Plasmanyl-PC(O-20:0/20:4)+HCO2,868.64372,808.62258,737.54908,522.39291,504.38235,433.30886,224.06881,303.23295,168.04314,152.99586,96.96964,78.95852
Plasmanyl-PC(O-20:0/20:5)+HCO2,866.62812,806.60698,735.53348,522.39291,504.38235,433.30886,224.06881,301.21735,168.04314,152.99586,96.96964,78.95852
Plasmanyl-PC(O-20:0/21:0)+HCO2,890.72202,830.70088,759.62738,522.39291,504.38235,433.30886,224.06881,325.31125,168.04314,152.99586,96.96964,78.95852
Plasmanyl-PC(O-20:0/22:0)+HCO2,904.73762,844.71648,773.64298,522.39291,504.38235,433.30886,224.06881,339.32685,168.04314,152.99586,96.96964,78.95852
Plasmanyl-PC(O-20:0/22:1)+HCO2,902.72202,842.70088,771.62738,522.39291,504.38235,433.30886,224.06881,337.31125,168.04314,152.99586,96.96964,78.95852
Plasmanyl-PC(O-20:0/22:2)+HCO2,900.70632,840.68518,769.61168,522.39291,504.38235,433.30886,224.06881,335.29555,168.04314,152.99586,96.96964,78.95852
Plasmanyl-PC(O-20:0/22:3)+HCO2,898.69072,838.66958,767.59608,522.39291,504.38235,433.30886,224.06881,333.27995,168.04314,152.99586,96.96964,78.95852
Plasmanyl-PC(O-20:0/22:4)+HCO2,896.67502,836.65388,765.58038,522.39291,504.38235,433.30886,224.06881,331.26425,168.04314,152.99586,96.96964,78.95852
Plasmanyl-PC(O-20:0/22:5)+HCO2,894.65942,834.63828,763.56478,522.39291,504.38235,433.30886,224.06881,329.24865,168.04314,152.99586,96.96964,78.95852
Plasmanyl-PC(O-20:0/22:6)+HCO2,892.64372,832.62258,761.54908,522.39291,504.38235,433.30886,224.06881,327.23295,168.04314,152.99586,96.96964,78.95852
Plasmanyl-PC(O-20:0/23:0)+HCO2,918.75332,858.73218,787.65868,522.39291,504.38235,433.30886,224.06881,353.34255,168.04314,152.99586,96.96964,78.95852
Plasmanyl-PC(O-20:0/24:0)+HCO2,932.76892,872.74778,801.67428,522.39291,504.38235,433.30886,224.06881,367.35815,168.04314,152.99586,96.96964,78.95852
Plasmanyl-PC(O-20:0/24:1)+HCO2,930.75332,870.73218,799.65868,522.39291,504.38235,433.30886,224.06881,365.34255,168.04314,152.99586,96.96964,78.95852
Plasmanyl-PC(O-20:0/25:0)+HCO2,946.78462,886.76348,815.68998,522.39291,504.38235,433.30886,224.06881,381.37385,168.04314,152.99586,96.96964,78.95852
Plasmanyl-PC(O-20:0/26:0)+HCO2,960.80022,900.77908,829.70558,522.39291,504.38235,433.30886,224.06881,395.38945,168.04314,152.99586,96.96964,78.95852
Plasmanyl-PC(O-20:0/8:0)+HCO2,708.51852,648.49738,577.42388,522.39291,504.38235,433.30886,224.06881,143.10775,168.04314,152.99586,96.96964,78.95852
Plasmanyl-PC(O-20:1/10:0)+HCO2,734.53422,674.51308,603.43958,520.37731,502.36675,431.29326,224.06881,171.13905,168.04314,152.99586,96.96964,78.95852
Plasmanyl-PC(O-20:1/12:0)+HCO2,762.56552,702.54438,631.47088,520.37731,502.36675,431.29326,224.06881,199.17035,168.04314,152.99586,96.96964,78.95852
Plasmanyl-PC(O-20:1/13:0)+HCO2,776.58122,716.56008,645.48658,520.37731,502.36675,431.29326,224.06881,213.18605,168.04314,152.99586,96.96964,78.95852
Plasmanyl-PC(O-20:1/14:0)+HCO2,790.59682,730.57568,659.50218,520.37731,502.36675,431.29326,224.06881,227.20165,168.04314,152.99586,96.96964,78.95852
Plasmanyl-PC(O-20:1/14:1)+HCO2,788.58122,728.56008,657.48658,520.37731,502.36675,431.29326,224.06881,225.18605,168.04314,152.99586,96.96964,78.95852
Plasmanyl-PC(O-20:1/15:0)+HCO2,804.61252,744.59138,673.51788,520.37731,502.36675,431.29326,224.06881,241.21735,168.04314,152.99586,96.96964,78.95852
Plasmanyl-PC(O-20:1/15:1)+HCO2,802.59682,742.57568,671.50218,520.37731,502.36675,431.29326,224.06881,239.20165,168.04314,152.99586,96.96964,78.95852
Plasmanyl-PC(O-20:1/16:0)+HCO2,818.62812,758.60698,687.53348,520.37731,502.36675,431.29326,224.06881,255.23295,168.04314,152.99586,96.96964,78.95852
Plasmanyl-PC(O-20:1/16:1)+HCO2,816.61252,756.59138,685.51788,520.37731,502.36675,431.29326,224.06881,253.21735,168.04314,152.99586,96.96964,78.95852
Plasmanyl-PC(O-20:1/17:0)+HCO2,832.64382,772.62268,701.54918,520.37731,502.36675,431.29326,224.06881,269.24865,168.04314,152.99586,96.96964,78.95852
Plasmanyl-PC(O-20:1/17:1)+HCO2,830.62812,770.60698,699.53348,520.37731,502.36675,431.29326,224.06881,267.23295,168.04314,152.99586,96.96964,78.95852
Plasmanyl-PC(O-20:1/17:2)+HCO2,828.61252,768.59138,697.51788,520.37731,502.36675,431.29326,224.06881,265.21735,168.04314,152.99586,96.96964,78.95852
Plasmanyl-PC(O-20:1/18:0)+HCO2,846.65942,786.63828,715.56478,520.37731,502.36675,431.29326,224.06881,283.26425,168.04314,152.99586,96.96964,78.95852
Plasmanyl-PC(O-20:1/18:1)+HCO2,844.64382,784.62268,713.54918,520.37731,502.36675,431.29326,224.06881,281.24865,168.04314,152.99586,96.96964,78.95852
Plasmanyl-PC(O-20:1/18:2)+HCO2,842.62812,782.60698,711.53348,520.37731,502.36675,431.29326,224.06881,279.23295,168.04314,152.99586,96.96964,78.95852
Plasmanyl-PC(O-20:1/18:3)+HCO2,840.61252,780.59138,709.51788,520.37731,502.36675,431.29326,224.06881,277.21735,168.04314,152.99586,96.96964,78.95852
Plasmanyl-PC(O-20:1/18:4)+HCO2,838.59682,778.57568,707.50218,520.37731,502.36675,431.29326,224.06881,275.20165,168.04314,152.99586,96.96964,78.95852
Plasmanyl-PC(O-20:1/19:0)+HCO2,860.67512,800.65398,729.58048,520.37731,502.36675,431.29326,224.06881,297.27995,168.04314,152.99586,96.96964,78.95852
Plasmanyl-PC(O-20:1/20:0)+HCO2,874.69072,814.66958,743.59608,520.37731,502.36675,431.29326,224.06881,311.29555,168.04314,152.99586,96.96964,78.95852
Plasmanyl-PC(O-20:1/20:1)+HCO2,872.67512,812.65398,741.58048,520.37731,502.36675,431.29326,224.06881,309.27995,168.04314,152.99586,96.96964,78.95852
Plasmanyl-PC(O-20:1/20:2)+HCO2,870.65942,810.63828,739.56478,520.37731,502.36675,431.29326,224.06881,307.26425,168.04314,152.99586,96.96964,78.95852
Plasmanyl-PC(O-20:1/20:3)+HCO2,868.64382,808.62268,737.54918,520.37731,502.36675,431.29326,224.06881,305.24865,168.04314,152.99586,96.96964,78.95852
Plasmanyl-PC(O-20:1/20:4)+HCO2,866.62812,806.60698,735.53348,520.37731,502.36675,431.29326,224.06881,303.23295,168.04314,152.99586,96.96964,78.95852
Plasmanyl-PC(O-20:1/20:5)+HCO2,864.61252,804.59138,733.51788,520.37731,502.36675,431.29326,224.06881,301.21735,168.04314,152.99586,96.96964,78.95852
Plasmanyl-PC(O-20:1/21:0)+HCO2,888.70642,828.68528,757.61178,520.37731,502.36675,431.29326,224.06881,325.31125,168.04314,152.99586,96.96964,78.95852
Plasmanyl-PC(O-20:1/22:0)+HCO2,902.72202,842.70088,771.62738,520.37731,502.36675,431.29326,224.06881,339.32685,168.04314,152.99586,96.96964,78.95852
Plasmanyl-PC(O-20:1/22:1)+HCO2,900.70642,840.68528,769.61178,520.37731,502.36675,431.29326,224.06881,337.31125,168.04314,152.99586,96.96964,78.95852
Plasmanyl-PC(O-20:1/22:2)+HCO2,898.69072,838.66958,767.59608,520.37731,502.36675,431.29326,224.06881,335.29555,168.04314,152.99586,96.96964,78.95852
Plasmanyl-PC(O-20:1/22:3)+HCO2,896.67512,836.65398,765.58048,520.37731,502.36675,431.29326,224.06881,333.27995,168.04314,152.99586,96.96964,78.95852
Plasmanyl-PC(O-20:1/22:4)+HCO2,894.65942,834.63828,763.56478,520.37731,502.36675,431.29326,224.06881,331.26425,168.04314,152.99586,96.96964,78.95852
Plasmanyl-PC(O-20:1/22:5)+HCO2,892.64382,832.62268,761.54918,520.37731,502.36675,431.29326,224.06881,329.24865,168.04314,152.99586,96.96964,78.95852
Plasmanyl-PC(O-20:1/22:6)+HCO2,890.62812,830.60698,759.53348,520.37731,502.36675,431.29326,224.06881,327.23295,168.04314,152.99586,96.96964,78.95852
Plasmanyl-PC(O-20:1/23:0)+HCO2,916.73772,856.71658,785.64308,520.37731,502.36675,431.29326,224.06881,353.34255,168.04314,152.99586,96.96964,78.95852
Plasmanyl-PC(O-20:1/24:0)+HCO2,930.75332,870.73218,799.65868,520.37731,502.36675,431.29326,224.06881,367.35815,168.04314,152.99586,96.96964,78.95852
Plasmanyl-PC(O-20:1/24:1)+HCO2,928.73772,868.71658,797.64308,520.37731,502.36675,431.29326,224.06881,365.34255,168.04314,152.99586,96.96964,78.95852
Plasmanyl-PC(O-20:1/25:0)+HCO2,944.76902,884.74788,813.67438,520.37731,502.36675,431.29326,224.06881,381.37385,168.04314,152.99586,96.96964,78.95852
Plasmanyl-PC(O-20:1/26:0)+HCO2,958.78462,898.76348,827.68998,520.37731,502.36675,431.29326,224.06881,395.38945,168.04314,152.99586,96.96964,78.95852
Plasmanyl-PC(O-20:1/8:0)+HCO2,706.50292,646.48178,575.40828,520.37731,502.36675,431.29326,224.06881,143.10775,168.04314,152.99586,96.96964,78.95852
Plasmanyl-PC(O-22:0/8:0)+HCO2,736.54982,676.52868,605.45518,550.42421,532.41365,461.34016,224.06881,143.10775,168.04314,152.99586,96.96964,78.95852
Plasmanyl-PC(O-22:0/10:0)+HCO2,764.58112,704.55998,633.48648,550.42421,532.41365,461.34016,224.06881,171.13905,168.04314,152.99586,96.96964,78.95852
Plasmanyl-PC(O-22:0/12:0)+HCO2,792.61242,732.59128,661.51778,550.42421,532.41365,461.34016,224.06881,199.17035,168.04314,152.99586,96.96964,78.95852
Plasmanyl-PC(O-22:0/13:0)+HCO2,806.62812,746.60698,675.53348,550.42421,532.41365,461.34016,224.06881,213.18605,168.04314,152.99586,96.96964,78.95852
Plasmanyl-PC(O-22:0/14:0)+HCO2,820.64372,760.62258,689.54908,550.42421,532.41365,461.34016,224.06881,227.20165,168.04314,152.99586,96.96964,78.95852
Plasmanyl-PC(O-22:0/14:1)+HCO2,818.62812,758.60698,687.53348,550.42421,532.41365,461.34016,224.06881,225.18605,168.04314,152.99586,96.96964,78.95852
Plasmanyl-PC(O-22:0/15:0)+HCO2,834.65942,774.63828,703.56478,550.42421,532.41365,461.34016,224.06881,241.21735,168.04314,152.99586,96.96964,78.95852
Plasmanyl-PC(O-22:0/15:1)+HCO2,832.64372,772.62258,701.54908,550.42421,532.41365,461.34016,224.06881,239.20165,168.04314,152.99586,96.96964,78.95852
Plasmanyl-PC(O-22:0/16:0)+HCO2,848.67502,788.65388,717.58038,550.42421,532.41365,461.34016,224.06881,255.23295,168.04314,152.99586,96.96964,78.95852
Plasmanyl-PC(O-22:0/16:1)+HCO2,846.65942,786.63828,715.56478,550.42421,532.41365,461.34016,224.06881,253.21735,168.04314,152.99586,96.96964,78.95852
Plasmanyl-PC(O-22:0/17:0)+HCO2,862.69072,802.66958,731.59608,550.42421,532.41365,461.34016,224.06881,269.24865,168.04314,152.99586,96.96964,78.95852
Plasmanyl-PC(O-22:0/17:1)+HCO2,860.67502,800.65388,729.58038,550.42421,532.41365,461.34016,224.06881,267.23295,168.04314,152.99586,96.96964,78.95852
Plasmanyl-PC(O-22:0/17:2)+HCO2,858.65942,798.63828,727.56478,550.42421,532.41365,461.34016,224.06881,265.21735,168.04314,152.99586,96.96964,78.95852
Plasmanyl-PC(O-22:0/18:0)+HCO2,876.70632,816.68518,745.61168,550.42421,532.41365,461.34016,224.06881,283.26425,168.04314,152.99586,96.96964,78.95852
Plasmanyl-PC(O-22:0/18:1)+HCO2,874.69072,814.66958,743.59608,550.42421,532.41365,461.34016,224.06881,281.24865,168.04314,152.99586,96.96964,78.95852
Plasmanyl-PC(O-22:0/18:2)+HCO2,872.67502,812.65388,741.58038,550.42421,532.41365,461.34016,224.06881,279.23295,168.04314,152.99586,96.96964,78.95852
Plasmanyl-PC(O-22:0/18:3)+HCO2,870.65942,810.63828,739.56478,550.42421,532.41365,461.34016,224.06881,277.21735,168.04314,152.99586,96.96964,78.95852
Plasmanyl-PC(O-22:0/18:4)+HCO2,868.64372,808.62258,737.54908,550.42421,532.41365,461.34016,224.06881,275.20165,168.04314,152.99586,96.96964,78.95852
Plasmanyl-PC(O-22:0/19:0)+HCO2,890.72202,830.70088,759.62738,550.42421,532.41365,461.34016,224.06881,297.27995,168.04314,152.99586,96.96964,78.95852
Plasmanyl-PC(O-22:0/20:0)+HCO2,904.73762,844.71648,773.64298,550.42421,532.41365,461.34016,224.06881,311.29555,168.04314,152.99586,96.96964,78.95852
Plasmanyl-PC(O-22:0/20:1)+HCO2,902.72202,842.70088,771.62738,550.42421,532.41365,461.34016,224.06881,309.27995,168.04314,152.99586,96.96964,78.95852
Plasmanyl-PC(O-22:0/20:2)+HCO2,900.70632,840.68518,769.61168,550.42421,532.41365,461.34016,224.06881,307.26425,168.04314,152.99586,96.96964,78.95852
Plasmanyl-PC(O-22:0/20:3)+HCO2,898.69072,838.66958,767.59608,550.42421,532.41365,461.34016,224.06881,305.24865,168.04314,152.99586,96.96964,78.95852
Plasmanyl-PC(O-22:0/20:4)+HCO2,896.67502,836.65388,765.58038,550.42421,532.41365,461.34016,224.06881,303.23295,168.04314,152.99586,96.96964,78.95852
Plasmanyl-PC(O-22:0/20:5)+HCO2,894.65942,834.63828,763.56478,550.42421,532.41365,461.34016,224.06881,301.21735,168.04314,152.99586,96.96964,78.95852
Plasmanyl-PC(O-22:0/21:0)+HCO2,918.75332,858.73218,787.65868,550.42421,532.41365,461.34016,224.06881,325.31125,168.04314,152.99586,96.96964,78.95852
Plasmanyl-PC(O-22:0/22:0)+HCO2,932.76892,872.74778,801.67428,550.42421,532.41365,461.34016,224.06881,339.32685,168.04314,152.99586,96.96964,78.95852
Plasmanyl-PC(O-22:0/22:1)+HCO2,930.75332,870.73218,799.65868,550.42421,532.41365,461.34016,224.06881,337.31125,168.04314,152.99586,96.96964,78.95852
Plasmanyl-PC(O-22:0/22:2)+HCO2,928.73762,868.71648,797.64298,550.42421,532.41365,461.34016,224.06881,335.29555,168.04314,152.99586,96.96964,78.95852
Plasmanyl-PC(O-22:0/22:3)+HCO2,926.72202,866.70088,795.62738,550.42421,532.41365,461.34016,224.06881,333.27995,168.04314,152.99586,96.96964,78.95852
Plasmanyl-PC(O-22:0/22:4)+HCO2,924.70632,864.68518,793.61168,550.42421,532.41365,461.34016,224.06881,331.26425,168.04314,152.99586,96.96964,78.95852
Plasmanyl-PC(O-22:0/22:5)+HCO2,922.69072,862.66958,791.59608,550.42421,532.41365,461.34016,224.06881,329.24865,168.04314,152.99586,96.96964,78.95852
Plasmanyl-PC(O-22:0/22:6)+HCO2,920.67502,860.65388,789.58038,550.42421,532.41365,461.34016,224.06881,327.23295,168.04314,152.99586,96.96964,78.95852
Plasmanyl-PC(O-22:0/23:0)+HCO2,946.78462,886.76348,815.68998,550.42421,532.41365,461.34016,224.06881,353.34255,168.04314,152.99586,96.96964,78.95852
Plasmanyl-PC(O-22:0/24:0)+HCO2,960.80022,900.77908,829.70558,550.42421,532.41365,461.34016,224.06881,367.35815,168.04314,152.99586,96.96964,78.95852
Plasmanyl-PC(O-22:0/24:1)+HCO2,958.78462,898.76348,827.68998,550.42421,532.41365,461.34016,224.06881,365.34255,168.04314,152.99586,96.96964,78.95852
Plasmanyl-PC(O-22:0/25:0)+HCO2,974.81592,914.79478,843.72128,550.42421,532.41365,461.34016,224.06881,381.37385,168.04314,152.99586,96.96964,78.95852
Plasmanyl-PC(O-22:0/26:0)+HCO2,988.83152,928.81038,857.73688,550.42421,532.41365,461.34016,224.06881,395.38945,168.04314,152.99586,96.96964,78.95852
Plasmanyl-PC(O-22:1/8:0)+HCO2,734.53422,674.51308,603.43958,548.40861,530.39805,459.32456,224.06881,143.10775,168.04314,152.99586,96.96964,78.95852
Plasmanyl-PC(O-22:1/10:0)+HCO2,762.56552,702.54438,631.47088,548.40861,530.39805,459.32456,224.06881,171.13905,168.04314,152.99586,96.96964,78.95852
Plasmanyl-PC(O-22:1/12:0)+HCO2,790.59682,730.57568,659.50218,548.40861,530.39805,459.32456,224.06881,199.17035,168.04314,152.99586,96.96964,78.95852
Plasmanyl-PC(O-22:1/13:0)+HCO2,804.61252,744.59138,673.51788,548.40861,530.39805,459.32456,224.06881,213.18605,168.04314,152.99586,96.96964,78.95852
Plasmanyl-PC(O-22:1/14:0)+HCO2,818.62812,758.60698,687.53348,548.40861,530.39805,459.32456,224.06881,227.20165,168.04314,152.99586,96.96964,78.95852
Plasmanyl-PC(O-22:1/14:1)+HCO2,816.61252,756.59138,685.51788,548.40861,530.39805,459.32456,224.06881,225.18605,168.04314,152.99586,96.96964,78.95852
Plasmanyl-PC(O-22:1/15:0)+HCO2,832.64382,772.62268,701.54918,548.40861,530.39805,459.32456,224.06881,241.21735,168.04314,152.99586,96.96964,78.95852
Plasmanyl-PC(O-22:1/15:1)+HCO2,830.62812,770.60698,699.53348,548.40861,530.39805,459.32456,224.06881,239.20165,168.04314,152.99586,96.96964,78.95852
Plasmanyl-PC(O-22:1/16:0)+HCO2,846.65942,786.63828,715.56478,548.40861,530.39805,459.32456,224.06881,255.23295,168.04314,152.99586,96.96964,78.95852
Plasmanyl-PC(O-22:1/16:1)+HCO2,844.64382,784.62268,713.54918,548.40861,530.39805,459.32456,224.06881,253.21735,168.04314,152.99586,96.96964,78.95852
Plasmanyl-PC(O-22:1/17:0)+HCO2,860.67512,800.65398,729.58048,548.40861,530.39805,459.32456,224.06881,269.24865,168.04314,152.99586,96.96964,78.95852
Plasmanyl-PC(O-22:1/17:1)+HCO2,858.65942,798.63828,727.56478,548.40861,530.39805,459.32456,224.06881,267.23295,168.04314,152.99586,96.96964,78.95852
Plasmanyl-PC(O-22:1/17:2)+HCO2,856.64382,796.62268,725.54918,548.40861,530.39805,459.32456,224.06881,265.21735,168.04314,152.99586,96.96964,78.95852
Plasmanyl-PC(O-22:1/18:0)+HCO2,874.69072,814.66958,743.59608,548.40861,530.39805,459.32456,224.06881,283.26425,168.04314,152.99586,96.96964,78.95852
Plasmanyl-PC(O-22:1/18:1)+HCO2,872.67512,812.65398,741.58048,548.40861,530.39805,459.32456,224.06881,281.24865,168.04314,152.99586,96.96964,78.95852
Plasmanyl-PC(O-22:1/18:2)+HCO2,870.65942,810.63828,739.56478,548.40861,530.39805,459.32456,224.06881,279.23295,168.04314,152.99586,96.96964,78.95852
Plasmanyl-PC(O-22:1/18:3)+HCO2,868.64382,808.62268,737.54918,548.40861,530.39805,459.32456,224.06881,277.21735,168.04314,152.99586,96.96964,78.95852
Plasmanyl-PC(O-22:1/18:4)+HCO2,866.62812,806.60698,735.53348,548.40861,530.39805,459.32456,224.06881,275.20165,168.04314,152.99586,96.96964,78.95852
Plasmanyl-PC(O-22:1/19:0)+HCO2,888.70642,828.68528,757.61178,548.40861,530.39805,459.32456,224.06881,297.27995,168.04314,152.99586,96.96964,78.95852
Plasmanyl-PC(O-22:1/20:0)+HCO2,902.72202,842.70088,771.62738,548.40861,530.39805,459.32456,224.06881,311.29555,168.04314,152.99586,96.96964,78.95852
Plasmanyl-PC(O-22:1/20:1)+HCO2,900.70642,840.68528,769.61178,548.40861,530.39805,459.32456,224.06881,309.27995,168.04314,152.99586,96.96964,78.95852
Plasmanyl-PC(O-22:1/20:2)+HCO2,898.69072,838.66958,767.59608,548.40861,530.39805,459.32456,224.06881,307.26425,168.04314,152.99586,96.96964,78.95852
Plasmanyl-PC(O-22:1/20:3)+HCO2,896.67512,836.65398,765.58048,548.40861,530.39805,459.32456,224.06881,305.24865,168.04314,152.99586,96.96964,78.95852
Plasmanyl-PC(O-22:1/20:4)+HCO2,894.65942,834.63828,763.56478,548.40861,530.39805,459.32456,224.06881,303.23295,168.04314,152.99586,96.96964,78.95852
Plasmanyl-PC(O-22:1/20:5)+HCO2,892.64382,832.62268,761.54918,548.40861,530.39805,459.32456,224.06881,301.21735,168.04314,152.99586,96.96964,78.95852
Plasmanyl-PC(O-22:1/21:0)+HCO2,916.73772,856.71658,785.64308,548.40861,530.39805,459.32456,224.06881,325.31125,168.04314,152.99586,96.96964,78.95852
Plasmanyl-PC(O-22:1/22:0)+HCO2,930.75332,870.73218,799.65868,548.40861,530.39805,459.32456,224.06881,339.32685,168.04314,152.99586,96.96964,78.95852
Plasmanyl-PC(O-22:1/22:1)+HCO2,928.73772,868.71658,797.64308,548.40861,530.39805,459.32456,224.06881,337.31125,168.04314,152.99586,96.96964,78.95852
Plasmanyl-PC(O-22:1/22:2)+HCO2,926.72202,866.70088,795.62738,548.40861,530.39805,459.32456,224.06881,335.29555,168.04314,152.99586,96.96964,78.95852
Plasmanyl-PC(O-22:1/22:3)+HCO2,924.70642,864.68528,793.61178,548.40861,530.39805,459.32456,224.06881,333.27995,168.04314,152.99586,96.96964,78.95852
Plasmanyl-PC(O-22:1/22:4)+HCO2,922.69072,862.66958,791.59608,548.40861,530.39805,459.32456,224.06881,331.26425,168.04314,152.99586,96.96964,78.95852
Plasmanyl-PC(O-22:1/22:5)+HCO2,920.67512,860.65398,789.58048,548.40861,530.39805,459.32456,224.06881,329.24865,168.04314,152.99586,96.96964,78.95852
Plasmanyl-PC(O-22:1/22:6)+HCO2,918.65942,858.63828,787.56478,548.40861,530.39805,459.32456,224.06881,327.23295,168.04314,152.99586,96.96964,78.95852
Plasmanyl-PC(O-22:1/23:0)+HCO2,944.76902,884.74788,813.67438,548.40861,530.39805,459.32456,224.06881,353.34255,168.04314,152.99586,96.96964,78.95852
Plasmanyl-PC(O-22:1/24:0)+HCO2,958.78462,898.76348,827.68998,548.40861,530.39805,459.32456,224.06881,367.35815,168.04314,152.99586,96.96964,78.95852
Plasmanyl-PC(O-22:1/24:1)+HCO2,956.76902,896.74788,825.67438,548.40861,530.39805,459.32456,224.06881,365.34255,168.04314,152.99586,96.96964,78.95852
Plasmanyl-PC(O-22:1/25:0)+HCO2,972.80032,912.77918,841.70568,548.40861,530.39805,459.32456,224.06881,381.37385,168.04314,152.99586,96.96964,78.95852
Plasmanyl-PC(O-22:1/26:0)+HCO2,986.81592,926.79478,855.72128,548.40861,530.39805,459.32456,224.06881,395.38945,168.04314,152.99586,96.96964,78.95852
Plasmanyl-PC(O-24:0/8:0)+HCO2,764.58112,704.55998,633.48648,578.45551,560.44495,489.37146,224.06881,143.10775,168.04314,152.99586,96.96964,78.95852
Plasmanyl-PC(O-24:0/10:0)+HCO2,792.61242,732.59128,661.51778,578.45551,560.44495,489.37146,224.06881,171.13905,168.04314,152.99586,96.96964,78.95852
Plasmanyl-PC(O-24:0/12:0)+HCO2,820.64372,760.62258,689.54908,578.45551,560.44495,489.37146,224.06881,199.17035,168.04314,152.99586,96.96964,78.95852
Plasmanyl-PC(O-24:0/13:0)+HCO2,834.65942,774.63828,703.56478,578.45551,560.44495,489.37146,224.06881,213.18605,168.04314,152.99586,96.96964,78.95852
Plasmanyl-PC(O-24:0/14:0)+HCO2,848.67502,788.65388,717.58038,578.45551,560.44495,489.37146,224.06881,227.20165,168.04314,152.99586,96.96964,78.95852
Plasmanyl-PC(O-24:0/14:1)+HCO2,846.65942,786.63828,715.56478,578.45551,560.44495,489.37146,224.06881,225.18605,168.04314,152.99586,96.96964,78.95852
Plasmanyl-PC(O-24:0/15:0)+HCO2,862.69072,802.66958,731.59608,578.45551,560.44495,489.37146,224.06881,241.21735,168.04314,152.99586,96.96964,78.95852
Plasmanyl-PC(O-24:0/15:1)+HCO2,860.67502,800.65388,729.58038,578.45551,560.44495,489.37146,224.06881,239.20165,168.04314,152.99586,96.96964,78.95852
Plasmanyl-PC(O-24:0/16:0)+HCO2,876.70632,816.68518,745.61168,578.45551,560.44495,489.37146,224.06881,255.23295,168.04314,152.99586,96.96964,78.95852
Plasmanyl-PC(O-24:0/16:1)+HCO2,874.69072,814.66958,743.59608,578.45551,560.44495,489.37146,224.06881,253.21735,168.04314,152.99586,96.96964,78.95852
Plasmanyl-PC(O-24:0/17:0)+HCO2,890.72202,830.70088,759.62738,578.45551,560.44495,489.37146,224.06881,269.24865,168.04314,152.99586,96.96964,78.95852
Plasmanyl-PC(O-24:0/17:1)+HCO2,888.70632,828.68518,757.61168,578.45551,560.44495,489.37146,224.06881,267.23295,168.04314,152.99586,96.96964,78.95852
Plasmanyl-PC(O-24:0/17:2)+HCO2,886.69072,826.66958,755.59608,578.45551,560.44495,489.37146,224.06881,265.21735,168.04314,152.99586,96.96964,78.95852
Plasmanyl-PC(O-24:0/18:0)+HCO2,904.73762,844.71648,773.64298,578.45551,560.44495,489.37146,224.06881,283.26425,168.04314,152.99586,96.96964,78.95852
Plasmanyl-PC(O-24:0/18:1)+HCO2,902.72202,842.70088,771.62738,578.45551,560.44495,489.37146,224.06881,281.24865,168.04314,152.99586,96.96964,78.95852
Plasmanyl-PC(O-24:0/18:2)+HCO2,900.70632,840.68518,769.61168,578.45551,560.44495,489.37146,224.06881,279.23295,168.04314,152.99586,96.96964,78.95852
Plasmanyl-PC(O-24:0/18:3)+HCO2,898.69072,838.66958,767.59608,578.45551,560.44495,489.37146,224.06881,277.21735,168.04314,152.99586,96.96964,78.95852
Plasmanyl-PC(O-24:0/18:4)+HCO2,896.67502,836.65388,765.58038,578.45551,560.44495,489.37146,224.06881,275.20165,168.04314,152.99586,96.96964,78.95852
Plasmanyl-PC(O-24:0/19:0)+HCO2,918.75332,858.73218,787.65868,578.45551,560.44495,489.37146,224.06881,297.27995,168.04314,152.99586,96.96964,78.95852
Plasmanyl-PC(O-24:0/20:0)+HCO2,932.76892,872.74778,801.67428,578.45551,560.44495,489.37146,224.06881,311.29555,168.04314,152.99586,96.96964,78.95852
Plasmanyl-PC(O-24:0/20:1)+HCO2,930.75332,870.73218,799.65868,578.45551,560.44495,489.37146,224.06881,309.27995,168.04314,152.99586,96.96964,78.95852
Plasmanyl-PC(O-24:0/20:2)+HCO2,928.73762,868.71648,797.64298,578.45551,560.44495,489.37146,224.06881,307.26425,168.04314,152.99586,96.96964,78.95852
Plasmanyl-PC(O-24:0/20:3)+HCO2,926.72202,866.70088,795.62738,578.45551,560.44495,489.37146,224.06881,305.24865,168.04314,152.99586,96.96964,78.95852
Plasmanyl-PC(O-24:0/20:4)+HCO2,924.70632,864.68518,793.61168,578.45551,560.44495,489.37146,224.06881,303.23295,168.04314,152.99586,96.96964,78.95852
Plasmanyl-PC(O-24:0/20:5)+HCO2,922.69072,862.66958,791.59608,578.45551,560.44495,489.37146,224.06881,301.21735,168.04314,152.99586,96.96964,78.95852
Plasmanyl-PC(O-24:0/21:0)+HCO2,946.78462,886.76348,815.68998,578.45551,560.44495,489.37146,224.06881,325.31125,168.04314,152.99586,96.96964,78.95852
Plasmanyl-PC(O-24:0/22:0)+HCO2,960.80022,900.77908,829.70558,578.45551,560.44495,489.37146,224.06881,339.32685,168.04314,152.99586,96.96964,78.95852
Plasmanyl-PC(O-24:0/22:1)+HCO2,958.78462,898.76348,827.68998,578.45551,560.44495,489.37146,224.06881,337.31125,168.04314,152.99586,96.96964,78.95852
Plasmanyl-PC(O-24:0/22:2)+HCO2,956.76892,896.74778,825.67428,578.45551,560.44495,489.37146,224.06881,335.29555,168.04314,152.99586,96.96964,78.95852
Plasmanyl-PC(O-24:0/22:3)+HCO2,954.75332,894.73218,823.65868,578.45551,560.44495,489.37146,224.06881,333.27995,168.04314,152.99586,96.96964,78.95852
Plasmanyl-PC(O-24:0/22:4)+HCO2,952.73762,892.71648,821.64298,578.45551,560.44495,489.37146,224.06881,331.26425,168.04314,152.99586,96.96964,78.95852
Plasmanyl-PC(O-24:0/22:5)+HCO2,950.72202,890.70088,819.62738,578.45551,560.44495,489.37146,224.06881,329.24865,168.04314,152.99586,96.96964,78.95852
Plasmanyl-PC(O-24:0/22:6)+HCO2,948.70632,888.68518,817.61168,578.45551,560.44495,489.37146,224.06881,327.23295,168.04314,152.99586,96.96964,78.95852
Plasmanyl-PC(O-24:0/23:0)+HCO2,974.81592,914.79478,843.72128,578.45551,560.44495,489.37146,224.06881,353.34255,168.04314,152.99586,96.96964,78.95852
Plasmanyl-PC(O-24:0/24:0)+HCO2,988.83152,928.81038,857.73688,578.45551,560.44495,489.37146,224.06881,367.35815,168.04314,152.99586,96.96964,78.95852
Plasmanyl-PC(O-24:0/24:1)+HCO2,986.81592,926.79478,855.72128,578.45551,560.44495,489.37146,224.06881,365.34255,168.04314,152.99586,96.96964,78.95852
Plasmanyl-PC(O-24:0/25:0)+HCO2,1002.84722,942.82608,871.75258,578.45551,560.44495,489.37146,224.06881,381.37385,168.04314,152.99586,96.96964,78.95852
Plasmanyl-PC(O-24:0/26:0)+HCO2,1016.86282,956.84168,885.76818,578.45551,560.44495,489.37146,224.06881,395.38945,168.04314,152.99586,96.96964,78.95852
Plasmanyl-PC(O-24:1/8:0)+HCO2,762.56552,702.54438,631.47088,576.43991,558.42935,487.35586,224.06881,143.10775,168.04314,152.99586,96.96964,78.95852
Plasmanyl-PC(O-24:1/10:0)+HCO2,790.59682,730.57568,659.50218,576.43991,558.42935,487.35586,224.06881,171.13905,168.04314,152.99586,96.96964,78.95852
Plasmanyl-PC(O-24:1/12:0)+HCO2,818.62812,758.60698,687.53348,576.43991,558.42935,487.35586,224.06881,199.17035,168.04314,152.99586,96.96964,78.95852
Plasmanyl-PC(O-24:1/13:0)+HCO2,832.64382,772.62268,701.54918,576.43991,558.42935,487.35586,224.06881,213.18605,168.04314,152.99586,96.96964,78.95852
Plasmanyl-PC(O-24:1/14:0)+HCO2,846.65942,786.63828,715.56478,576.43991,558.42935,487.35586,224.06881,227.20165,168.04314,152.99586,96.96964,78.95852
Plasmanyl-PC(O-24:1/14:1)+HCO2,844.64382,784.62268,713.54918,576.43991,558.42935,487.35586,224.06881,225.18605,168.04314,152.99586,96.96964,78.95852
Plasmanyl-PC(O-24:1/15:0)+HCO2,860.67512,800.65398,729.58048,576.43991,558.42935,487.35586,224.06881,241.21735,168.04314,152.99586,96.96964,78.95852
Plasmanyl-PC(O-24:1/15:1)+HCO2,858.65942,798.63828,727.56478,576.43991,558.42935,487.35586,224.06881,239.20165,168.04314,152.99586,96.96964,78.95852
Plasmanyl-PC(O-24:1/16:0)+HCO2,874.69072,814.66958,743.59608,576.43991,558.42935,487.35586,224.06881,255.23295,168.04314,152.99586,96.96964,78.95852
Plasmanyl-PC(O-24:1/16:1)+HCO2,872.67512,812.65398,741.58048,576.43991,558.42935,487.35586,224.06881,253.21735,168.04314,152.99586,96.96964,78.95852
Plasmanyl-PC(O-24:1/17:0)+HCO2,888.70642,828.68528,757.61178,576.43991,558.42935,487.35586,224.06881,269.24865,168.04314,152.99586,96.96964,78.95852
Plasmanyl-PC(O-24:1/17:1)+HCO2,886.69072,826.66958,755.59608,576.43991,558.42935,487.35586,224.06881,267.23295,168.04314,152.99586,96.96964,78.95852
Plasmanyl-PC(O-24:1/17:2)+HCO2,884.67512,824.65398,753.58048,576.43991,558.42935,487.35586,224.06881,265.21735,168.04314,152.99586,96.96964,78.95852
Plasmanyl-PC(O-24:1/18:0)+HCO2,902.72202,842.70088,771.62738,576.43991,558.42935,487.35586,224.06881,283.26425,168.04314,152.99586,96.96964,78.95852
Plasmanyl-PC(O-24:1/18:1)+HCO2,900.70642,840.68528,769.61178,576.43991,558.42935,487.35586,224.06881,281.24865,168.04314,152.99586,96.96964,78.95852
Plasmanyl-PC(O-24:1/18:2)+HCO2,898.69072,838.66958,767.59608,576.43991,558.42935,487.35586,224.06881,279.23295,168.04314,152.99586,96.96964,78.95852
Plasmanyl-PC(O-24:1/18:3)+HCO2,896.67512,836.65398,765.58048,576.43991,558.42935,487.35586,224.06881,277.21735,168.04314,152.99586,96.96964,78.95852
Plasmanyl-PC(O-24:1/18:4)+HCO2,894.65942,834.63828,763.56478,576.43991,558.42935,487.35586,224.06881,275.20165,168.04314,152.99586,96.96964,78.95852
Plasmanyl-PC(O-24:1/19:0)+HCO2,916.73772,856.71658,785.64308,576.43991,558.42935,487.35586,224.06881,297.27995,168.04314,152.99586,96.96964,78.95852
Plasmanyl-PC(O-24:1/20:0)+HCO2,930.75332,870.73218,799.65868,576.43991,558.42935,487.35586,224.06881,311.29555,168.04314,152.99586,96.96964,78.95852
Plasmanyl-PC(O-24:1/20:1)+HCO2,928.73772,868.71658,797.64308,576.43991,558.42935,487.35586,224.06881,309.27995,168.04314,152.99586,96.96964,78.95852
Plasmanyl-PC(O-24:1/20:2)+HCO2,926.72202,866.70088,795.62738,576.43991,558.42935,487.35586,224.06881,307.26425,168.04314,152.99586,96.96964,78.95852
Plasmanyl-PC(O-24:1/20:3)+HCO2,924.70642,864.68528,793.61178,576.43991,558.42935,487.35586,224.06881,305.24865,168.04314,152.99586,96.96964,78.95852
Plasmanyl-PC(O-24:1/20:4)+HCO2,922.69072,862.66958,791.59608,576.43991,558.42935,487.35586,224.06881,303.23295,168.04314,152.99586,96.96964,78.95852
Plasmanyl-PC(O-24:1/20:5)+HCO2,920.67512,860.65398,789.58048,576.43991,558.42935,487.35586,224.06881,301.21735,168.04314,152.99586,96.96964,78.95852
Plasmanyl-PC(O-24:1/21:0)+HCO2,944.76902,884.74788,813.67438,576.43991,558.42935,487.35586,224.06881,325.31125,168.04314,152.99586,96.96964,78.95852
Plasmanyl-PC(O-24:1/22:0)+HCO2,958.78462,898.76348,827.68998,576.43991,558.42935,487.35586,224.06881,339.32685,168.04314,152.99586,96.96964,78.95852
Plasmanyl-PC(O-24:1/22:1)+HCO2,956.76902,896.74788,825.67438,576.43991,558.42935,487.35586,224.06881,337.31125,168.04314,152.99586,96.96964,78.95852
Plasmanyl-PC(O-24:1/22:2)+HCO2,954.75332,894.73218,823.65868,576.43991,558.42935,487.35586,224.06881,335.29555,168.04314,152.99586,96.96964,78.95852
Plasmanyl-PC(O-24:1/22:3)+HCO2,952.73772,892.71658,821.64308,576.43991,558.42935,487.35586,224.06881,333.27995,168.04314,152.99586,96.96964,78.95852
Plasmanyl-PC(O-24:1/22:4)+HCO2,950.72202,890.70088,819.62738,576.43991,558.42935,487.35586,224.06881,331.26425,168.04314,152.99586,96.96964,78.95852
Plasmanyl-PC(O-24:1/22:5)+HCO2,948.70642,888.68528,817.61178,576.43991,558.42935,487.35586,224.06881,329.24865,168.04314,152.99586,96.96964,78.95852
Plasmanyl-PC(O-24:1/22:6)+HCO2,946.69072,886.66958,815.59608,576.43991,558.42935,487.35586,224.06881,327.23295,168.04314,152.99586,96.96964,78.95852
Plasmanyl-PC(O-24:1/23:0)+HCO2,972.80032,912.77918,841.70568,576.43991,558.42935,487.35586,224.06881,353.34255,168.04314,152.99586,96.96964,78.95852
Plasmanyl-PC(O-24:1/24:0)+HCO2,986.81592,926.79478,855.72128,576.43991,558.42935,487.35586,224.06881,367.35815,168.04314,152.99586,96.96964,78.95852
Plasmanyl-PC(O-24:1/24:1)+HCO2,984.80032,924.77918,853.70568,576.43991,558.42935,487.35586,224.06881,365.34255,168.04314,152.99586,96.96964,78.95852
Plasmanyl-PC(O-24:1/25:0)+HCO2,1000.83162,940.81048,869.73698,576.43991,558.42935,487.35586,224.06881,381.37385,168.04314,152.99586,96.96964,78.95852
Plasmanyl-PC(O-24:1/26:0)+HCO2,1014.84722,954.82608,883.75258,576.43991,558.42935,487.35586,224.06881,395.38945,168.04314,152.99586,96.96964,78.95852
Plasmanyl-PC(O-24:2/8:0)+HCO2,760.54992,700.52878,629.45528,574.42431,556.41375,485.34026,224.06881,143.10775,168.04314,152.99586,96.96964,78.95852
Plasmanyl-PC(O-24:2/10:0)+HCO2,788.58122,728.56008,657.48658,574.42431,556.41375,485.34026,224.06881,171.13905,168.04314,152.99586,96.96964,78.95852
Plasmanyl-PC(O-24:2/12:0)+HCO2,816.61252,756.59138,685.51788,574.42431,556.41375,485.34026,224.06881,199.17035,168.04314,152.99586,96.96964,78.95852
Plasmanyl-PC(O-24:2/13:0)+HCO2,830.62822,770.60708,699.53358,574.42431,556.41375,485.34026,224.06881,213.18605,168.04314,152.99586,96.96964,78.95852
Plasmanyl-PC(O-24:2/14:0)+HCO2,844.64382,784.62268,713.54918,574.42431,556.41375,485.34026,224.06881,227.20165,168.04314,152.99586,96.96964,78.95852
Plasmanyl-PC(O-24:2/14:1)+HCO2,842.62822,782.60708,711.53358,574.42431,556.41375,485.34026,224.06881,225.18605,168.04314,152.99586,96.96964,78.95852
Plasmanyl-PC(O-24:2/15:0)+HCO2,858.65952,798.63838,727.56488,574.42431,556.41375,485.34026,224.06881,241.21735,168.04314,152.99586,96.96964,78.95852
Plasmanyl-PC(O-24:2/15:1)+HCO2,856.64382,796.62268,725.54918,574.42431,556.41375,485.34026,224.06881,239.20165,168.04314,152.99586,96.96964,78.95852
Plasmanyl-PC(O-24:2/16:0)+HCO2,872.67512,812.65398,741.58048,574.42431,556.41375,485.34026,224.06881,255.23295,168.04314,152.99586,96.96964,78.95852
Plasmanyl-PC(O-24:2/16:1)+HCO2,870.65952,810.63838,739.56488,574.42431,556.41375,485.34026,224.06881,253.21735,168.04314,152.99586,96.96964,78.95852
Plasmanyl-PC(O-24:2/17:0)+HCO2,886.69082,826.66968,755.59618,574.42431,556.41375,485.34026,224.06881,269.24865,168.04314,152.99586,96.96964,78.95852
Plasmanyl-PC(O-24:2/17:1)+HCO2,884.67512,824.65398,753.58048,574.42431,556.41375,485.34026,224.06881,267.23295,168.04314,152.99586,96.96964,78.95852
Plasmanyl-PC(O-24:2/17:2)+HCO2,882.65952,822.63838,751.56488,574.42431,556.41375,485.34026,224.06881,265.21735,168.04314,152.99586,96.96964,78.95852
Plasmanyl-PC(O-24:2/18:0)+HCO2,900.70642,840.68528,769.61178,574.42431,556.41375,485.34026,224.06881,283.26425,168.04314,152.99586,96.96964,78.95852
Plasmanyl-PC(O-24:2/18:1)+HCO2,898.69082,838.66968,767.59618,574.42431,556.41375,485.34026,224.06881,281.24865,168.04314,152.99586,96.96964,78.95852
Plasmanyl-PC(O-24:2/18:2)+HCO2,896.67512,836.65398,765.58048,574.42431,556.41375,485.34026,224.06881,279.23295,168.04314,152.99586,96.96964,78.95852
Plasmanyl-PC(O-24:2/18:3)+HCO2,894.65952,834.63838,763.56488,574.42431,556.41375,485.34026,224.06881,277.21735,168.04314,152.99586,96.96964,78.95852
Plasmanyl-PC(O-24:2/18:4)+HCO2,892.64382,832.62268,761.54918,574.42431,556.41375,485.34026,224.06881,275.20165,168.04314,152.99586,96.96964,78.95852
Plasmanyl-PC(O-24:2/19:0)+HCO2,914.72212,854.70098,783.62748,574.42431,556.41375,485.34026,224.06881,297.27995,168.04314,152.99586,96.96964,78.95852
Plasmanyl-PC(O-24:2/20:0)+HCO2,928.73772,868.71658,797.64308,574.42431,556.41375,485.34026,224.06881,311.29555,168.04314,152.99586,96.96964,78.95852
Plasmanyl-PC(O-24:2/20:1)+HCO2,926.72212,866.70098,795.62748,574.42431,556.41375,485.34026,224.06881,309.27995,168.04314,152.99586,96.96964,78.95852
Plasmanyl-PC(O-24:2/20:2)+HCO2,924.70642,864.68528,793.61178,574.42431,556.41375,485.34026,224.06881,307.26425,168.04314,152.99586,96.96964,78.95852
Plasmanyl-PC(O-24:2/20:3)+HCO2,922.69082,862.66968,791.59618,574.42431,556.41375,485.34026,224.06881,305.24865,168.04314,152.99586,96.96964,78.95852
Plasmanyl-PC(O-24:2/20:4)+HCO2,920.67512,860.65398,789.58048,574.42431,556.41375,485.34026,224.06881,303.23295,168.04314,152.99586,96.96964,78.95852
Plasmanyl-PC(O-24:2/20:5)+HCO2,918.65952,858.63838,787.56488,574.42431,556.41375,485.34026,224.06881,301.21735,168.04314,152.99586,96.96964,78.95852
Plasmanyl-PC(O-24:2/21:0)+HCO2,942.75342,882.73228,811.65878,574.42431,556.41375,485.34026,224.06881,325.31125,168.04314,152.99586,96.96964,78.95852
Plasmanyl-PC(O-24:2/22:0)+HCO2,956.76902,896.74788,825.67438,574.42431,556.41375,485.34026,224.06881,339.32685,168.04314,152.99586,96.96964,78.95852
Plasmanyl-PC(O-24:2/22:1)+HCO2,954.75342,894.73228,823.65878,574.42431,556.41375,485.34026,224.06881,337.31125,168.04314,152.99586,96.96964,78.95852
Plasmanyl-PC(O-24:2/22:2)+HCO2,952.73772,892.71658,821.64308,574.42431,556.41375,485.34026,224.06881,335.29555,168.04314,152.99586,96.96964,78.95852
Plasmanyl-PC(O-24:2/22:3)+HCO2,950.72212,890.70098,819.62748,574.42431,556.41375,485.34026,224.06881,333.27995,168.04314,152.99586,96.96964,78.95852
Plasmanyl-PC(O-24:2/22:4)+HCO2,948.70642,888.68528,817.61178,574.42431,556.41375,485.34026,224.06881,331.26425,168.04314,152.99586,96.96964,78.95852
Plasmanyl-PC(O-24:2/22:5)+HCO2,946.69082,886.66968,815.59618,574.42431,556.41375,485.34026,224.06881,329.24865,168.04314,152.99586,96.96964,78.95852
Plasmanyl-PC(O-24:2/22:6)+HCO2,944.67512,884.65398,813.58048,574.42431,556.41375,485.34026,224.06881,327.23295,168.04314,152.99586,96.96964,78.95852
Plasmanyl-PC(O-24:2/23:0)+HCO2,970.78472,910.76358,839.69008,574.42431,556.41375,485.34026,224.06881,353.34255,168.04314,152.99586,96.96964,78.95852
Plasmanyl-PC(O-24:2/24:0)+HCO2,984.80032,924.77918,853.70568,574.42431,556.41375,485.34026,224.06881,367.35815,168.04314,152.99586,96.96964,78.95852
Plasmanyl-PC(O-24:2/24:1)+HCO2,982.78472,922.76358,851.69008,574.42431,556.41375,485.34026,224.06881,365.34255,168.04314,152.99586,96.96964,78.95852
Plasmanyl-PC(O-24:2/25:0)+HCO2,998.81602,938.79488,867.72138,574.42431,556.41375,485.34026,224.06881,381.37385,168.04314,152.99586,96.96964,78.95852
Plasmanyl-PC(O-24:2/26:0)+HCO2,1012.83162,952.81048,881.73698,574.42431,556.41375,485.34026,224.06881,395.38945,168.04314,152.99586,96.96964,78.95852
