CL,[M+NH4]+,(sn1+sn2)+,(sn1'+sn2')+
CL(28:0)(28:0)+NH4,1258.8809,495.4408872,495.4408872
CL(28:0)(30:0)+NH4,1286.9122,495.4408872,523.4721872
CL(28:0)(30:1)+NH4,1284.8965,495.4408872,521.4564872
CL(28:0)(32:0)+NH4,1314.9435,495.4408872,551.5034872
CL(28:0)(32:1)+NH4,1312.9278,495.4408872,549.4877872
CL(28:0)(32:2)+NH4,1310.9122,495.4408872,547.4721872
CL(28:0)(32:3)+NH4,1308.8965,495.4408872,545.4564872
CL(28:0)(34:0)+NH4,1342.9747,495.4408872,579.5346872
CL(28:0)(34:1)+NH4,1340.9591,495.4408872,577.5190872
CL(28:0)(34:2)+NH4,1338.9435,495.4408872,575.5034872
CL(28:0)(34:3)+NH4,1336.9278,495.4408872,573.4877872
CL(28:0)(34:4)+NH4,1334.9122,495.4408872,571.4721872
CL(28:0)(36:0)+NH4,1371.006,495.4408872,607.5659872
CL(28:0)(36:1)+NH4,1368.9904,495.4408872,605.5503872
CL(28:0)(36:2)+NH4,1366.9747,495.4408872,603.5346872
CL(28:0)(36:3)+NH4,1364.9591,495.4408872,601.5190872
CL(28:0)(36:4)+NH4,1362.9435,495.4408872,599.5034872
CL(28:0)(36:5)+NH4,1360.9278,495.4408872,597.4877872
CL(28:0)(36:6)+NH4,1358.9122,495.4408872,595.4721872
CL(28:0)(38:0)+NH4,1399.0373,495.4408872,635.5972872
CL(28:0)(38:1)+NH4,1397.0216,495.4408872,633.5815872
CL(28:0)(38:2)+NH4,1395.006,495.4408872,631.5659872
CL(28:0)(38:3)+NH4,1392.9904,495.4408872,629.5503872
CL(28:0)(38:4)+NH4,1390.9747,495.4408872,627.5346872
CL(28:0)(38:5)+NH4,1388.9591,495.4408872,625.5190872
CL(28:0)(38:6)+NH4,1386.9435,495.4408872,623.5034872
CL(28:0)(38:7)+NH4,1384.9278,495.4408872,621.4877872
CL(28:0)(40:0)+NH4,1427.0686,495.4408872,663.6285872
CL(28:0)(40:1)+NH4,1425.0529,495.4408872,661.6128872
CL(28:0)(40:2)+NH4,1423.0373,495.4408872,659.5972872
CL(28:0)(40:3)+NH4,1421.0216,495.4408872,657.5815872
CL(28:0)(40:4)+NH4,1419.006,495.4408872,655.5659872
CL(28:0)(40:5)+NH4,1416.9904,495.4408872,653.5503872
CL(28:0)(40:6)+NH4,1414.9747,495.4408872,651.5346872
CL(28:0)(40:7)+NH4,1412.9591,495.4408872,649.5190872
CL(28:0)(40:8)+NH4,1410.9435,495.4408872,647.5034872
CL(28:0)(40:9)+NH4,1408.9278,495.4408872,645.4877872
CL(28:0)(42:0)+NH4,1455.0999,495.4408872,691.6598872
CL(28:0)(42:1)+NH4,1453.0842,495.4408872,689.6441872
CL(28:0)(42:10)+NH4,1434.9435,495.4408872,671.5034872
CL(28:0)(42:2)+NH4,1451.0686,495.4408872,687.6285872
CL(28:0)(42:3)+NH4,1449.0529,495.4408872,685.6128872
CL(28:0)(42:4)+NH4,1447.0373,495.4408872,683.5972872
CL(28:0)(42:5)+NH4,1445.0216,495.4408872,681.5815872
CL(28:0)(42:6)+NH4,1443.006,495.4408872,679.5659872
CL(28:0)(42:7)+NH4,1440.9904,495.4408872,677.5503872
CL(28:0)(42:8)+NH4,1438.9747,495.4408872,675.5346872
CL(28:0)(42:9)+NH4,1436.9591,495.4408872,673.5190872
CL(28:0)(44:0)+NH4,1483.1311,495.4408872,719.6910872
CL(28:0)(44:10)+NH4,1462.9747,495.4408872,699.5346872
CL(28:0)(44:11)+NH4,1460.9591,495.4408872,697.5190872
CL(28:0)(44:12)+NH4,1458.9435,495.4408872,695.5034872
CL(28:0)(44:5)+NH4,1473.0529,495.4408872,709.6128872
CL(28:0)(44:6)+NH4,1471.0373,495.4408872,707.5972872
CL(28:0)(46:12)+NH4,1486.9736,495.4408872,723.5335872
CL(28:0)(48:12)+NH4,1515.0049,495.4408872,751.5648872
CL(30:0)(30:0)+NH4,1314.9435,523.4721872,523.4721872
CL(30:0)(30:1)+NH4,1312.9278,523.4721872,521.4564872
CL(30:0)(32:0)+NH4,1342.9748,523.4721872,551.5034872
CL(30:0)(32:1)+NH4,1340.9591,523.4721872,549.4877872
CL(30:0)(32:2)+NH4,1338.9435,523.4721872,547.4721872
CL(30:0)(32:3)+NH4,1336.9278,523.4721872,545.4564872
CL(30:0)(34:0)+NH4,1371.006,523.4721872,579.5346872
CL(30:0)(34:1)+NH4,1368.9904,523.4721872,577.5190872
CL(30:0)(34:2)+NH4,1366.9748,523.4721872,575.5034872
CL(30:0)(34:3)+NH4,1364.9591,523.4721872,573.4877872
CL(30:0)(34:4)+NH4,1362.9435,523.4721872,571.4721872
CL(30:0)(36:0)+NH4,1399.0373,523.4721872,607.5659872
CL(30:0)(36:1)+NH4,1397.0217,523.4721872,605.5503872
CL(30:0)(36:2)+NH4,1395.006,523.4721872,603.5346872
CL(30:0)(36:3)+NH4,1392.9904,523.4721872,601.5190872
CL(30:0)(36:4)+NH4,1390.9748,523.4721872,599.5034872
CL(30:0)(36:5)+NH4,1388.9591,523.4721872,597.4877872
CL(30:0)(36:6)+NH4,1386.9435,523.4721872,595.4721872
CL(30:0)(38:0)+NH4,1427.0686,523.4721872,635.5972872
CL(30:0)(38:1)+NH4,1425.0529,523.4721872,633.5815872
CL(30:0)(38:2)+NH4,1423.0373,523.4721872,631.5659872
CL(30:0)(38:3)+NH4,1421.0217,523.4721872,629.5503872
CL(30:0)(38:4)+NH4,1419.006,523.4721872,627.5346872
CL(30:0)(38:5)+NH4,1416.9904,523.4721872,625.5190872
CL(30:0)(38:6)+NH4,1414.9748,523.4721872,623.5034872
CL(30:0)(38:7)+NH4,1412.9591,523.4721872,621.4877872
CL(30:0)(40:0)+NH4,1455.0999,523.4721872,663.6285872
CL(30:0)(40:1)+NH4,1453.0842,523.4721872,661.6128872
CL(30:0)(40:2)+NH4,1451.0686,523.4721872,659.5972872
CL(30:0)(40:3)+NH4,1449.0529,523.4721872,657.5815872
CL(30:0)(40:4)+NH4,1447.0373,523.4721872,655.5659872
CL(30:0)(40:5)+NH4,1445.0217,523.4721872,653.5503872
CL(30:0)(40:6)+NH4,1443.006,523.4721872,651.5346872
CL(30:0)(40:7)+NH4,1440.9904,523.4721872,649.5190872
CL(30:0)(40:8)+NH4,1438.9748,523.4721872,647.5034872
CL(30:0)(40:9)+NH4,1436.9591,523.4721872,645.4877872
CL(30:0)(42:0)+NH4,1483.1312,523.4721872,691.6598872
CL(30:0)(42:1)+NH4,1481.1155,523.4721872,689.6441872
CL(30:0)(42:10)+NH4,1462.9748,523.4721872,671.5034872
CL(30:0)(42:2)+NH4,1479.0999,523.4721872,687.6285872
CL(30:0)(42:3)+NH4,1477.0842,523.4721872,685.6128872
CL(30:0)(42:4)+NH4,1475.0686,523.4721872,683.5972872
CL(30:0)(42:5)+NH4,1473.0529,523.4721872,681.5815872
CL(30:0)(42:6)+NH4,1471.0373,523.4721872,679.5659872
CL(30:0)(42:7)+NH4,1469.0217,523.4721872,677.5503872
CL(30:0)(42:8)+NH4,1467.006,523.4721872,675.5346872
CL(30:0)(42:9)+NH4,1464.9904,523.4721872,673.5190872
CL(30:0)(44:0)+NH4,1511.1624,523.4721872,719.6910872
CL(30:0)(44:10)+NH4,1491.006,523.4721872,699.5346872
CL(30:0)(44:11)+NH4,1488.9904,523.4721872,697.5190872
CL(30:0)(44:12)+NH4,1486.9748,523.4721872,695.5034872
CL(30:0)(44:5)+NH4,1501.0842,523.4721872,709.6128872
CL(30:0)(44:6)+NH4,1499.0686,523.4721872,707.5972872
CL(30:0)(46:12)+NH4,1515.0049,523.4721872,723.5335872
CL(30:0)(48:12)+NH4,1543.0362,523.4721872,751.5648872
CL(30:1)(30:1)+NH4,1310.9121,521.4564872,521.4564872
CL(30:1)(32:0)+NH4,1340.9591,521.4564872,551.5034872
CL(30:1)(32:1)+NH4,1338.9434,521.4564872,549.4877872
CL(30:1)(32:2)+NH4,1336.9278,521.4564872,547.4721872
CL(30:1)(32:3)+NH4,1334.9121,521.4564872,545.4564872
CL(30:1)(34:0)+NH4,1368.9903,521.4564872,579.5346872
CL(30:1)(34:1)+NH4,1366.9747,521.4564872,577.5190872
CL(30:1)(34:2)+NH4,1364.9591,521.4564872,575.5034872
CL(30:1)(34:3)+NH4,1362.9434,521.4564872,573.4877872
CL(30:1)(34:4)+NH4,1360.9278,521.4564872,571.4721872
CL(30:1)(36:0)+NH4,1397.0216,521.4564872,607.5659872
CL(30:1)(36:1)+NH4,1395.006,521.4564872,605.5503872
CL(30:1)(36:2)+NH4,1392.9903,521.4564872,603.5346872
CL(30:1)(36:3)+NH4,1390.9747,521.4564872,601.5190872
CL(30:1)(36:4)+NH4,1388.9591,521.4564872,599.5034872
CL(30:1)(36:5)+NH4,1386.9434,521.4564872,597.4877872
CL(30:1)(36:6)+NH4,1384.9278,521.4564872,595.4721872
CL(30:1)(38:0)+NH4,1425.0529,521.4564872,635.5972872
CL(30:1)(38:1)+NH4,1423.0372,521.4564872,633.5815872
CL(30:1)(38:2)+NH4,1421.0216,521.4564872,631.5659872
CL(30:1)(38:3)+NH4,1419.006,521.4564872,629.5503872
CL(30:1)(38:4)+NH4,1416.9903,521.4564872,627.5346872
CL(30:1)(38:5)+NH4,1414.9747,521.4564872,625.5190872
CL(30:1)(38:6)+NH4,1412.9591,521.4564872,623.5034872
CL(30:1)(38:7)+NH4,1410.9434,521.4564872,621.4877872
CL(30:1)(40:0)+NH4,1453.0842,521.4564872,663.6285872
CL(30:1)(40:1)+NH4,1451.0685,521.4564872,661.6128872
CL(30:1)(40:2)+NH4,1449.0529,521.4564872,659.5972872
CL(30:1)(40:3)+NH4,1447.0372,521.4564872,657.5815872
CL(30:1)(40:4)+NH4,1445.0216,521.4564872,655.5659872
CL(30:1)(40:5)+NH4,1443.006,521.4564872,653.5503872
CL(30:1)(40:6)+NH4,1440.9903,521.4564872,651.5346872
CL(30:1)(40:7)+NH4,1438.9747,521.4564872,649.5190872
CL(30:1)(40:8)+NH4,1436.9591,521.4564872,647.5034872
CL(30:1)(40:9)+NH4,1434.9434,521.4564872,645.4877872
CL(30:1)(42:0)+NH4,1481.1155,521.4564872,691.6598872
CL(30:1)(42:1)+NH4,1479.0998,521.4564872,689.6441872
CL(30:1)(42:10)+NH4,1460.9591,521.4564872,671.5034872
CL(30:1)(42:2)+NH4,1477.0842,521.4564872,687.6285872
CL(30:1)(42:3)+NH4,1475.0685,521.4564872,685.6128872
CL(30:1)(42:4)+NH4,1473.0529,521.4564872,683.5972872
CL(30:1)(42:5)+NH4,1471.0372,521.4564872,681.5815872
CL(30:1)(42:6)+NH4,1469.0216,521.4564872,679.5659872
CL(30:1)(42:7)+NH4,1467.006,521.4564872,677.5503872
CL(30:1)(42:8)+NH4,1464.9903,521.4564872,675.5346872
CL(30:1)(42:9)+NH4,1462.9747,521.4564872,673.5190872
CL(30:1)(44:0)+NH4,1509.1467,521.4564872,719.6910872
CL(30:1)(44:10)+NH4,1488.9903,521.4564872,699.5346872
CL(30:1)(44:11)+NH4,1486.9747,521.4564872,697.5190872
CL(30:1)(44:12)+NH4,1484.9591,521.4564872,695.5034872
CL(30:1)(44:5)+NH4,1499.0685,521.4564872,709.6128872
CL(30:1)(44:6)+NH4,1497.0529,521.4564872,707.5972872
CL(30:1)(46:12)+NH4,1512.9892,521.4564872,723.5335872
CL(30:1)(48:12)+NH4,1541.0205,521.4564872,751.5648872
CL(32:0)(32:0)+NH4,1371.0061,551.5034872,551.5034872
CL(32:0)(32:1)+NH4,1368.9904,551.5034872,549.4877872
CL(32:0)(32:2)+NH4,1366.9748,551.5034872,547.4721872
CL(32:0)(32:3)+NH4,1364.9591,551.5034872,545.4564872
CL(32:0)(34:0)+NH4,1399.0373,551.5034872,579.5346872
CL(32:0)(34:1)+NH4,1397.0217,551.5034872,577.5190872
CL(32:0)(34:2)+NH4,1395.0061,551.5034872,575.5034872
CL(32:0)(34:3)+NH4,1392.9904,551.5034872,573.4877872
CL(32:0)(34:4)+NH4,1390.9748,551.5034872,571.4721872
CL(32:0)(36:0)+NH4,1427.0686,551.5034872,607.5659872
CL(32:0)(36:1)+NH4,1425.053,551.5034872,605.5503872
CL(32:0)(36:2)+NH4,1423.0373,551.5034872,603.5346872
CL(32:0)(36:3)+NH4,1421.0217,551.5034872,601.5190872
CL(32:0)(36:4)+NH4,1419.0061,551.5034872,599.5034872
CL(32:0)(36:5)+NH4,1416.9904,551.5034872,597.4877872
CL(32:0)(36:6)+NH4,1414.9748,551.5034872,595.4721872
CL(32:0)(38:0)+NH4,1455.0999,551.5034872,635.5972872
CL(32:0)(38:1)+NH4,1453.0842,551.5034872,633.5815872
CL(32:0)(38:2)+NH4,1451.0686,551.5034872,631.5659872
CL(32:0)(38:3)+NH4,1449.053,551.5034872,629.5503872
CL(32:0)(38:4)+NH4,1447.0373,551.5034872,627.5346872
CL(32:0)(38:5)+NH4,1445.0217,551.5034872,625.5190872
CL(32:0)(38:6)+NH4,1443.0061,551.5034872,623.5034872
CL(32:0)(38:7)+NH4,1440.9904,551.5034872,621.4877872
CL(32:0)(40:0)+NH4,1483.1312,551.5034872,663.6285872
CL(32:0)(40:1)+NH4,1481.1155,551.5034872,661.6128872
CL(32:0)(40:2)+NH4,1479.0999,551.5034872,659.5972872
CL(32:0)(40:3)+NH4,1477.0842,551.5034872,657.5815872
CL(32:0)(40:4)+NH4,1475.0686,551.5034872,655.5659872
CL(32:0)(40:5)+NH4,1473.053,551.5034872,653.5503872
CL(32:0)(40:6)+NH4,1471.0373,551.5034872,651.5346872
CL(32:0)(40:7)+NH4,1469.0217,551.5034872,649.5190872
CL(32:0)(40:8)+NH4,1467.0061,551.5034872,647.5034872
CL(32:0)(40:9)+NH4,1464.9904,551.5034872,645.4877872
CL(32:0)(42:0)+NH4,1511.1625,551.5034872,691.6598872
CL(32:0)(42:1)+NH4,1509.1468,551.5034872,689.6441872
CL(32:0)(42:10)+NH4,1491.0061,551.5034872,671.5034872
CL(32:0)(42:2)+NH4,1507.1312,551.5034872,687.6285872
CL(32:0)(42:3)+NH4,1505.1155,551.5034872,685.6128872
CL(32:0)(42:4)+NH4,1503.0999,551.5034872,683.5972872
CL(32:0)(42:5)+NH4,1501.0842,551.5034872,681.5815872
CL(32:0)(42:6)+NH4,1499.0686,551.5034872,679.5659872
CL(32:0)(42:7)+NH4,1497.053,551.5034872,677.5503872
CL(32:0)(42:8)+NH4,1495.0373,551.5034872,675.5346872
CL(32:0)(42:9)+NH4,1493.0217,551.5034872,673.5190872
CL(32:0)(44:0)+NH4,1539.1937,551.5034872,719.6910872
CL(32:0)(44:10)+NH4,1519.0373,551.5034872,699.5346872
CL(32:0)(44:11)+NH4,1517.0217,551.5034872,697.5190872
CL(32:0)(44:12)+NH4,1515.0061,551.5034872,695.5034872
CL(32:0)(44:5)+NH4,1529.1155,551.5034872,709.6128872
CL(32:0)(44:6)+NH4,1527.0999,551.5034872,707.5972872
CL(32:0)(46:12)+NH4,1543.0362,551.5034872,723.5335872
CL(32:0)(48:12)+NH4,1571.0675,551.5034872,751.5648872
CL(32:1)(32:1)+NH4,1366.9747,549.4877872,549.4877872
CL(32:1)(32:2)+NH4,1364.9591,549.4877872,547.4721872
CL(32:1)(32:3)+NH4,1362.9434,549.4877872,545.4564872
CL(32:1)(34:0)+NH4,1397.0216,549.4877872,579.5346872
CL(32:1)(34:1)+NH4,1395.006,549.4877872,577.5190872
CL(32:1)(34:2)+NH4,1392.9904,549.4877872,575.5034872
CL(32:1)(34:3)+NH4,1390.9747,549.4877872,573.4877872
CL(32:1)(34:4)+NH4,1388.9591,549.4877872,571.4721872
CL(32:1)(36:0)+NH4,1425.0529,549.4877872,607.5659872
CL(32:1)(36:1)+NH4,1423.0373,549.4877872,605.5503872
CL(32:1)(36:2)+NH4,1421.0216,549.4877872,603.5346872
CL(32:1)(36:3)+NH4,1419.006,549.4877872,601.5190872
CL(32:1)(36:4)+NH4,1416.9904,549.4877872,599.5034872
CL(32:1)(36:5)+NH4,1414.9747,549.4877872,597.4877872
CL(32:1)(36:6)+NH4,1412.9591,549.4877872,595.4721872
CL(32:1)(38:0)+NH4,1453.0842,549.4877872,635.5972872
CL(32:1)(38:1)+NH4,1451.0685,549.4877872,633.5815872
CL(32:1)(38:2)+NH4,1449.0529,549.4877872,631.5659872
CL(32:1)(38:3)+NH4,1447.0373,549.4877872,629.5503872
CL(32:1)(38:4)+NH4,1445.0216,549.4877872,627.5346872
CL(32:1)(38:5)+NH4,1443.006,549.4877872,625.5190872
CL(32:1)(38:6)+NH4,1440.9904,549.4877872,623.5034872
CL(32:1)(38:7)+NH4,1438.9747,549.4877872,621.4877872
CL(32:1)(40:0)+NH4,1481.1155,549.4877872,663.6285872
CL(32:1)(40:1)+NH4,1479.0998,549.4877872,661.6128872
CL(32:1)(40:2)+NH4,1477.0842,549.4877872,659.5972872
CL(32:1)(40:3)+NH4,1475.0685,549.4877872,657.5815872
CL(32:1)(40:4)+NH4,1473.0529,549.4877872,655.5659872
CL(32:1)(40:5)+NH4,1471.0373,549.4877872,653.5503872
CL(32:1)(40:6)+NH4,1469.0216,549.4877872,651.5346872
CL(32:1)(40:7)+NH4,1467.006,549.4877872,649.5190872
CL(32:1)(40:8)+NH4,1464.9904,549.4877872,647.5034872
CL(32:1)(40:9)+NH4,1462.9747,549.4877872,645.4877872
CL(32:1)(42:0)+NH4,1509.1468,549.4877872,691.6598872
CL(32:1)(42:1)+NH4,1507.1311,549.4877872,689.6441872
CL(32:1)(42:10)+NH4,1488.9904,549.4877872,671.5034872
CL(32:1)(42:2)+NH4,1505.1155,549.4877872,687.6285872
CL(32:1)(42:3)+NH4,1503.0998,549.4877872,685.6128872
CL(32:1)(42:4)+NH4,1501.0842,549.4877872,683.5972872
CL(32:1)(42:5)+NH4,1499.0685,549.4877872,681.5815872
CL(32:1)(42:6)+NH4,1497.0529,549.4877872,679.5659872
CL(32:1)(42:7)+NH4,1495.0373,549.4877872,677.5503872
CL(32:1)(42:8)+NH4,1493.0216,549.4877872,675.5346872
CL(32:1)(42:9)+NH4,1491.006,549.4877872,673.5190872
CL(32:1)(44:0)+NH4,1537.178,549.4877872,719.6910872
CL(32:1)(44:10)+NH4,1517.0216,549.4877872,699.5346872
CL(32:1)(44:11)+NH4,1515.006,549.4877872,697.5190872
CL(32:1)(44:12)+NH4,1512.9904,549.4877872,695.5034872
CL(32:1)(44:5)+NH4,1527.0998,549.4877872,709.6128872
CL(32:1)(44:6)+NH4,1525.0842,549.4877872,707.5972872
CL(32:1)(46:12)+NH4,1541.0205,549.4877872,723.5335872
CL(32:1)(48:12)+NH4,1569.0518,549.4877872,751.5648872
CL(32:2)(32:2)+NH4,1362.9435,547.4721872,547.4721872
CL(32:2)(32:3)+NH4,1360.9278,547.4721872,545.4564872
CL(32:2)(34:0)+NH4,1395.006,547.4721872,579.5346872
CL(32:2)(34:1)+NH4,1392.9904,547.4721872,577.5190872
CL(32:2)(34:2)+NH4,1390.9748,547.4721872,575.5034872
CL(32:2)(34:3)+NH4,1388.9591,547.4721872,573.4877872
CL(32:2)(34:4)+NH4,1386.9435,547.4721872,571.4721872
CL(32:2)(36:0)+NH4,1423.0373,547.4721872,607.5659872
CL(32:2)(36:1)+NH4,1421.0217,547.4721872,605.5503872
CL(32:2)(36:2)+NH4,1419.006,547.4721872,603.5346872
CL(32:2)(36:3)+NH4,1416.9904,547.4721872,601.5190872
CL(32:2)(36:4)+NH4,1414.9748,547.4721872,599.5034872
CL(32:2)(36:5)+NH4,1412.9591,547.4721872,597.4877872
CL(32:2)(36:6)+NH4,1410.9435,547.4721872,595.4721872
CL(32:2)(38:0)+NH4,1451.0686,547.4721872,635.5972872
CL(32:2)(38:1)+NH4,1449.0529,547.4721872,633.5815872
CL(32:2)(38:2)+NH4,1447.0373,547.4721872,631.5659872
CL(32:2)(38:3)+NH4,1445.0217,547.4721872,629.5503872
CL(32:2)(38:4)+NH4,1443.006,547.4721872,627.5346872
CL(32:2)(38:5)+NH4,1440.9904,547.4721872,625.5190872
CL(32:2)(38:6)+NH4,1438.9748,547.4721872,623.5034872
CL(32:2)(38:7)+NH4,1436.9591,547.4721872,621.4877872
CL(32:2)(40:0)+NH4,1479.0999,547.4721872,663.6285872
CL(32:2)(40:1)+NH4,1477.0842,547.4721872,661.6128872
CL(32:2)(40:2)+NH4,1475.0686,547.4721872,659.5972872
CL(32:2)(40:3)+NH4,1473.0529,547.4721872,657.5815872
CL(32:2)(40:4)+NH4,1471.0373,547.4721872,655.5659872
CL(32:2)(40:5)+NH4,1469.0217,547.4721872,653.5503872
CL(32:2)(40:6)+NH4,1467.006,547.4721872,651.5346872
CL(32:2)(40:7)+NH4,1464.9904,547.4721872,649.5190872
CL(32:2)(40:8)+NH4,1462.9748,547.4721872,647.5034872
CL(32:2)(40:9)+NH4,1460.9591,547.4721872,645.4877872
CL(32:2)(42:0)+NH4,1507.1312,547.4721872,691.6598872
CL(32:2)(42:1)+NH4,1505.1155,547.4721872,689.6441872
CL(32:2)(42:10)+NH4,1486.9748,547.4721872,671.5034872
CL(32:2)(42:2)+NH4,1503.0999,547.4721872,687.6285872
CL(32:2)(42:3)+NH4,1501.0842,547.4721872,685.6128872
CL(32:2)(42:4)+NH4,1499.0686,547.4721872,683.5972872
CL(32:2)(42:5)+NH4,1497.0529,547.4721872,681.5815872
CL(32:2)(42:6)+NH4,1495.0373,547.4721872,679.5659872
CL(32:2)(42:7)+NH4,1493.0217,547.4721872,677.5503872
CL(32:2)(42:8)+NH4,1491.006,547.4721872,675.5346872
CL(32:2)(42:9)+NH4,1488.9904,547.4721872,673.5190872
CL(32:2)(44:0)+NH4,1535.1624,547.4721872,719.6910872
CL(32:2)(44:10)+NH4,1515.006,547.4721872,699.5346872
CL(32:2)(44:11)+NH4,1512.9904,547.4721872,697.5190872
CL(32:2)(44:12)+NH4,1510.9748,547.4721872,695.5034872
CL(32:2)(44:5)+NH4,1525.0842,547.4721872,709.6128872
CL(32:2)(44:6)+NH4,1523.0686,547.4721872,707.5972872
CL(32:2)(46:12)+NH4,1539.0049,547.4721872,723.5335872
CL(32:2)(48:12)+NH4,1567.0362,547.4721872,751.5648872
CL(32:3)(32:3)+NH4,1358.9121,545.4564872,545.4564872
CL(32:3)(34:0)+NH4,1392.9903,545.4564872,579.5346872
CL(32:3)(34:1)+NH4,1390.9747,545.4564872,577.5190872
CL(32:3)(34:2)+NH4,1388.9591,545.4564872,575.5034872
CL(32:3)(34:3)+NH4,1386.9434,545.4564872,573.4877872
CL(32:3)(34:4)+NH4,1384.9278,545.4564872,571.4721872
CL(32:3)(36:0)+NH4,1421.0216,545.4564872,607.5659872
CL(32:3)(36:1)+NH4,1419.006,545.4564872,605.5503872
CL(32:3)(36:2)+NH4,1416.9903,545.4564872,603.5346872
CL(32:3)(36:3)+NH4,1414.9747,545.4564872,601.5190872
CL(32:3)(36:4)+NH4,1412.9591,545.4564872,599.5034872
CL(32:3)(36:5)+NH4,1410.9434,545.4564872,597.4877872
CL(32:3)(36:6)+NH4,1408.9278,545.4564872,595.4721872
CL(32:3)(38:0)+NH4,1449.0529,545.4564872,635.5972872
CL(32:3)(38:1)+NH4,1447.0372,545.4564872,633.5815872
CL(32:3)(38:2)+NH4,1445.0216,545.4564872,631.5659872
CL(32:3)(38:3)+NH4,1443.006,545.4564872,629.5503872
CL(32:3)(38:4)+NH4,1440.9903,545.4564872,627.5346872
CL(32:3)(38:5)+NH4,1438.9747,545.4564872,625.5190872
CL(32:3)(38:6)+NH4,1436.9591,545.4564872,623.5034872
CL(32:3)(38:7)+NH4,1434.9434,545.4564872,621.4877872
CL(32:3)(40:0)+NH4,1477.0842,545.4564872,663.6285872
CL(32:3)(40:1)+NH4,1475.0685,545.4564872,661.6128872
CL(32:3)(40:2)+NH4,1473.0529,545.4564872,659.5972872
CL(32:3)(40:3)+NH4,1471.0372,545.4564872,657.5815872
CL(32:3)(40:4)+NH4,1469.0216,545.4564872,655.5659872
CL(32:3)(40:5)+NH4,1467.006,545.4564872,653.5503872
CL(32:3)(40:6)+NH4,1464.9903,545.4564872,651.5346872
CL(32:3)(40:7)+NH4,1462.9747,545.4564872,649.5190872
CL(32:3)(40:8)+NH4,1460.9591,545.4564872,647.5034872
CL(32:3)(40:9)+NH4,1458.9434,545.4564872,645.4877872
CL(32:3)(42:0)+NH4,1505.1155,545.4564872,691.6598872
CL(32:3)(42:1)+NH4,1503.0998,545.4564872,689.6441872
CL(32:3)(42:10)+NH4,1484.9591,545.4564872,671.5034872
CL(32:3)(42:2)+NH4,1501.0842,545.4564872,687.6285872
CL(32:3)(42:3)+NH4,1499.0685,545.4564872,685.6128872
CL(32:3)(42:4)+NH4,1497.0529,545.4564872,683.5972872
CL(32:3)(42:5)+NH4,1495.0372,545.4564872,681.5815872
CL(32:3)(42:6)+NH4,1493.0216,545.4564872,679.5659872
CL(32:3)(42:7)+NH4,1491.006,545.4564872,677.5503872
CL(32:3)(42:8)+NH4,1488.9903,545.4564872,675.5346872
CL(32:3)(42:9)+NH4,1486.9747,545.4564872,673.5190872
CL(32:3)(44:0)+NH4,1533.1467,545.4564872,719.6910872
CL(32:3)(44:10)+NH4,1512.9903,545.4564872,699.5346872
CL(32:3)(44:11)+NH4,1510.9747,545.4564872,697.5190872
CL(32:3)(44:12)+NH4,1508.9591,545.4564872,695.5034872
CL(32:3)(44:5)+NH4,1523.0685,545.4564872,709.6128872
CL(32:3)(44:6)+NH4,1521.0529,545.4564872,707.5972872
CL(32:3)(46:12)+NH4,1536.9892,545.4564872,723.5335872
CL(32:3)(48:12)+NH4,1565.0205,545.4564872,751.5648872
CL(34:0)(34:0)+NH4,1427.0685,579.5346872,579.5346872
CL(34:0)(34:1)+NH4,1425.0529,579.5346872,577.5190872
CL(34:0)(34:2)+NH4,1423.0373,579.5346872,575.5034872
CL(34:0)(34:3)+NH4,1421.0216,579.5346872,573.4877872
CL(34:0)(34:4)+NH4,1419.006,579.5346872,571.4721872
CL(34:0)(36:0)+NH4,1455.0998,579.5346872,607.5659872
CL(34:0)(36:1)+NH4,1453.0842,579.5346872,605.5503872
CL(34:0)(36:2)+NH4,1451.0685,579.5346872,603.5346872
CL(34:0)(36:3)+NH4,1449.0529,579.5346872,601.5190872
CL(34:0)(36:4)+NH4,1447.0373,579.5346872,599.5034872
CL(34:0)(36:5)+NH4,1445.0216,579.5346872,597.4877872
CL(34:0)(36:6)+NH4,1443.006,579.5346872,595.4721872
CL(34:0)(38:0)+NH4,1483.1311,579.5346872,635.5972872
CL(34:0)(38:1)+NH4,1481.1154,579.5346872,633.5815872
CL(34:0)(38:2)+NH4,1479.0998,579.5346872,631.5659872
CL(34:0)(38:3)+NH4,1477.0842,579.5346872,629.5503872
CL(34:0)(38:4)+NH4,1475.0685,579.5346872,627.5346872
CL(34:0)(38:5)+NH4,1473.0529,579.5346872,625.5190872
CL(34:0)(38:6)+NH4,1471.0373,579.5346872,623.5034872
CL(34:0)(38:7)+NH4,1469.0216,579.5346872,621.4877872
CL(34:0)(40:0)+NH4,1511.1624,579.5346872,663.6285872
CL(34:0)(40:1)+NH4,1509.1467,579.5346872,661.6128872
CL(34:0)(40:2)+NH4,1507.1311,579.5346872,659.5972872
CL(34:0)(40:3)+NH4,1505.1154,579.5346872,657.5815872
CL(34:0)(40:4)+NH4,1503.0998,579.5346872,655.5659872
CL(34:0)(40:5)+NH4,1501.0842,579.5346872,653.5503872
CL(34:0)(40:6)+NH4,1499.0685,579.5346872,651.5346872
CL(34:0)(40:7)+NH4,1497.0529,579.5346872,649.5190872
CL(34:0)(40:8)+NH4,1495.0373,579.5346872,647.5034872
CL(34:0)(40:9)+NH4,1493.0216,579.5346872,645.4877872
CL(34:0)(42:0)+NH4,1539.1937,579.5346872,691.6598872
CL(34:0)(42:1)+NH4,1537.178,579.5346872,689.6441872
CL(34:0)(42:10)+NH4,1519.0373,579.5346872,671.5034872
CL(34:0)(42:2)+NH4,1535.1624,579.5346872,687.6285872
CL(34:0)(42:3)+NH4,1533.1467,579.5346872,685.6128872
CL(34:0)(42:4)+NH4,1531.1311,579.5346872,683.5972872
CL(34:0)(42:5)+NH4,1529.1154,579.5346872,681.5815872
CL(34:0)(42:6)+NH4,1527.0998,579.5346872,679.5659872
CL(34:0)(42:7)+NH4,1525.0842,579.5346872,677.5503872
CL(34:0)(42:8)+NH4,1523.0685,579.5346872,675.5346872
CL(34:0)(42:9)+NH4,1521.0529,579.5346872,673.5190872
CL(34:0)(44:0)+NH4,1567.2249,579.5346872,719.6910872
CL(34:0)(44:10)+NH4,1547.0685,579.5346872,699.5346872
CL(34:0)(44:11)+NH4,1545.0529,579.5346872,697.5190872
CL(34:0)(44:12)+NH4,1543.0373,579.5346872,695.5034872
CL(34:0)(44:5)+NH4,1557.1467,579.5346872,709.6128872
CL(34:0)(44:6)+NH4,1555.1311,579.5346872,707.5972872
CL(34:0)(46:12)+NH4,1571.0674,579.5346872,723.5335872
CL(34:0)(48:12)+NH4,1599.0987,579.5346872,751.5648872
CL(34:1)(34:1)+NH4,1423.0373,577.5190872,577.5190872
CL(34:1)(34:2)+NH4,1421.0217,577.5190872,575.5034872
CL(34:1)(34:3)+NH4,1419.006,577.5190872,573.4877872
CL(34:1)(34:4)+NH4,1416.9904,577.5190872,571.4721872
CL(34:1)(36:0)+NH4,1453.0842,577.5190872,607.5659872
CL(34:1)(36:1)+NH4,1451.0686,577.5190872,605.5503872
CL(34:1)(36:2)+NH4,1449.0529,577.5190872,603.5346872
CL(34:1)(36:3)+NH4,1447.0373,577.5190872,601.5190872
CL(34:1)(36:4)+NH4,1445.0217,577.5190872,599.5034872
CL(34:1)(36:5)+NH4,1443.006,577.5190872,597.4877872
CL(34:1)(36:6)+NH4,1440.9904,577.5190872,595.4721872
CL(34:1)(38:0)+NH4,1481.1155,577.5190872,635.5972872
CL(34:1)(38:1)+NH4,1479.0998,577.5190872,633.5815872
CL(34:1)(38:2)+NH4,1477.0842,577.5190872,631.5659872
CL(34:1)(38:3)+NH4,1475.0686,577.5190872,629.5503872
CL(34:1)(38:4)+NH4,1473.0529,577.5190872,627.5346872
CL(34:1)(38:5)+NH4,1471.0373,577.5190872,625.5190872
CL(34:1)(38:6)+NH4,1469.0217,577.5190872,623.5034872
CL(34:1)(38:7)+NH4,1467.006,577.5190872,621.4877872
CL(34:1)(40:0)+NH4,1509.1468,577.5190872,663.6285872
CL(34:1)(40:1)+NH4,1507.1311,577.5190872,661.6128872
CL(34:1)(40:2)+NH4,1505.1155,577.5190872,659.5972872
CL(34:1)(40:3)+NH4,1503.0998,577.5190872,657.5815872
CL(34:1)(40:4)+NH4,1501.0842,577.5190872,655.5659872
CL(34:1)(40:5)+NH4,1499.0686,577.5190872,653.5503872
CL(34:1)(40:6)+NH4,1497.0529,577.5190872,651.5346872
CL(34:1)(40:7)+NH4,1495.0373,577.5190872,649.5190872
CL(34:1)(40:8)+NH4,1493.0217,577.5190872,647.5034872
CL(34:1)(40:9)+NH4,1491.006,577.5190872,645.4877872
CL(34:1)(42:0)+NH4,1537.1781,577.5190872,691.6598872
CL(34:1)(42:1)+NH4,1535.1624,577.5190872,689.6441872
CL(34:1)(42:10)+NH4,1517.0217,577.5190872,671.5034872
CL(34:1)(42:2)+NH4,1533.1468,577.5190872,687.6285872
CL(34:1)(42:3)+NH4,1531.1311,577.5190872,685.6128872
CL(34:1)(42:4)+NH4,1529.1155,577.5190872,683.5972872
CL(34:1)(42:5)+NH4,1527.0998,577.5190872,681.5815872
CL(34:1)(42:6)+NH4,1525.0842,577.5190872,679.5659872
CL(34:1)(42:7)+NH4,1523.0686,577.5190872,677.5503872
CL(34:1)(42:8)+NH4,1521.0529,577.5190872,675.5346872
CL(34:1)(42:9)+NH4,1519.0373,577.5190872,673.5190872
CL(34:1)(44:0)+NH4,1565.2093,577.5190872,719.6910872
CL(34:1)(44:10)+NH4,1545.0529,577.5190872,699.5346872
CL(34:1)(44:11)+NH4,1543.0373,577.5190872,697.5190872
CL(34:1)(44:12)+NH4,1541.0217,577.5190872,695.5034872
CL(34:1)(44:5)+NH4,1555.1311,577.5190872,709.6128872
CL(34:1)(44:6)+NH4,1553.1155,577.5190872,707.5972872
CL(34:1)(46:12)+NH4,1569.0518,577.5190872,723.5335872
CL(34:1)(48:12)+NH4,1597.0831,577.5190872,751.5648872
CL(34:2)(34:2)+NH4,1419.0061,575.5034872,575.5034872
CL(34:2)(34:3)+NH4,1416.9904,575.5034872,573.4877872
CL(34:2)(34:4)+NH4,1414.9748,575.5034872,571.4721872
CL(34:2)(36:0)+NH4,1451.0686,575.5034872,607.5659872
CL(34:2)(36:1)+NH4,1449.053,575.5034872,605.5503872
CL(34:2)(36:2)+NH4,1447.0373,575.5034872,603.5346872
CL(34:2)(36:3)+NH4,1445.0217,575.5034872,601.5190872
CL(34:2)(36:4)+NH4,1443.0061,575.5034872,599.5034872
CL(34:2)(36:5)+NH4,1440.9904,575.5034872,597.4877872
CL(34:2)(36:6)+NH4,1438.9748,575.5034872,595.4721872
CL(34:2)(38:0)+NH4,1479.0999,575.5034872,635.5972872
CL(34:2)(38:1)+NH4,1477.0842,575.5034872,633.5815872
CL(34:2)(38:2)+NH4,1475.0686,575.5034872,631.5659872
CL(34:2)(38:3)+NH4,1473.053,575.5034872,629.5503872
CL(34:2)(38:4)+NH4,1471.0373,575.5034872,627.5346872
CL(34:2)(38:5)+NH4,1469.0217,575.5034872,625.5190872
CL(34:2)(38:6)+NH4,1467.0061,575.5034872,623.5034872
CL(34:2)(38:7)+NH4,1464.9904,575.5034872,621.4877872
CL(34:2)(40:0)+NH4,1507.1312,575.5034872,663.6285872
CL(34:2)(40:1)+NH4,1505.1155,575.5034872,661.6128872
CL(34:2)(40:2)+NH4,1503.0999,575.5034872,659.5972872
CL(34:2)(40:3)+NH4,1501.0842,575.5034872,657.5815872
CL(34:2)(40:4)+NH4,1499.0686,575.5034872,655.5659872
CL(34:2)(40:5)+NH4,1497.053,575.5034872,653.5503872
CL(34:2)(40:6)+NH4,1495.0373,575.5034872,651.5346872
CL(34:2)(40:7)+NH4,1493.0217,575.5034872,649.5190872
CL(34:2)(40:8)+NH4,1491.0061,575.5034872,647.5034872
CL(34:2)(40:9)+NH4,1488.9904,575.5034872,645.4877872
CL(34:2)(42:0)+NH4,1535.1625,575.5034872,691.6598872
CL(34:2)(42:1)+NH4,1533.1468,575.5034872,689.6441872
CL(34:2)(42:10)+NH4,1515.0061,575.5034872,671.5034872
CL(34:2)(42:2)+NH4,1531.1312,575.5034872,687.6285872
CL(34:2)(42:3)+NH4,1529.1155,575.5034872,685.6128872
CL(34:2)(42:4)+NH4,1527.0999,575.5034872,683.5972872
CL(34:2)(42:5)+NH4,1525.0842,575.5034872,681.5815872
CL(34:2)(42:6)+NH4,1523.0686,575.5034872,679.5659872
CL(34:2)(42:7)+NH4,1521.053,575.5034872,677.5503872
CL(34:2)(42:8)+NH4,1519.0373,575.5034872,675.5346872
CL(34:2)(42:9)+NH4,1517.0217,575.5034872,673.5190872
CL(34:2)(44:0)+NH4,1563.1937,575.5034872,719.6910872
CL(34:2)(44:10)+NH4,1543.0373,575.5034872,699.5346872
CL(34:2)(44:11)+NH4,1541.0217,575.5034872,697.5190872
CL(34:2)(44:12)+NH4,1539.0061,575.5034872,695.5034872
CL(34:2)(44:5)+NH4,1553.1155,575.5034872,709.6128872
CL(34:2)(44:6)+NH4,1551.0999,575.5034872,707.5972872
CL(34:2)(46:12)+NH4,1567.0362,575.5034872,723.5335872
CL(34:2)(48:12)+NH4,1595.0675,575.5034872,751.5648872
CL(34:3)(34:3)+NH4,1414.9747,573.4877872,573.4877872
CL(34:3)(34:4)+NH4,1412.9591,573.4877872,571.4721872
CL(34:3)(36:0)+NH4,1449.0529,573.4877872,607.5659872
CL(34:3)(36:1)+NH4,1447.0373,573.4877872,605.5503872
CL(34:3)(36:2)+NH4,1445.0216,573.4877872,603.5346872
CL(34:3)(36:3)+NH4,1443.006,573.4877872,601.5190872
CL(34:3)(36:4)+NH4,1440.9904,573.4877872,599.5034872
CL(34:3)(36:5)+NH4,1438.9747,573.4877872,597.4877872
CL(34:3)(36:6)+NH4,1436.9591,573.4877872,595.4721872
CL(34:3)(38:0)+NH4,1477.0842,573.4877872,635.5972872
CL(34:3)(38:1)+NH4,1475.0685,573.4877872,633.5815872
CL(34:3)(38:2)+NH4,1473.0529,573.4877872,631.5659872
CL(34:3)(38:3)+NH4,1471.0373,573.4877872,629.5503872
CL(34:3)(38:4)+NH4,1469.0216,573.4877872,627.5346872
CL(34:3)(38:5)+NH4,1467.006,573.4877872,625.5190872
CL(34:3)(38:6)+NH4,1464.9904,573.4877872,623.5034872
CL(34:3)(38:7)+NH4,1462.9747,573.4877872,621.4877872
CL(34:3)(40:0)+NH4,1505.1155,573.4877872,663.6285872
CL(34:3)(40:1)+NH4,1503.0998,573.4877872,661.6128872
CL(34:3)(40:2)+NH4,1501.0842,573.4877872,659.5972872
CL(34:3)(40:3)+NH4,1499.0685,573.4877872,657.5815872
CL(34:3)(40:4)+NH4,1497.0529,573.4877872,655.5659872
CL(34:3)(40:5)+NH4,1495.0373,573.4877872,653.5503872
CL(34:3)(40:6)+NH4,1493.0216,573.4877872,651.5346872
CL(34:3)(40:7)+NH4,1491.006,573.4877872,649.5190872
CL(34:3)(40:8)+NH4,1488.9904,573.4877872,647.5034872
CL(34:3)(40:9)+NH4,1486.9747,573.4877872,645.4877872
CL(34:3)(42:0)+NH4,1533.1468,573.4877872,691.6598872
CL(34:3)(42:1)+NH4,1531.1311,573.4877872,689.6441872
CL(34:3)(42:10)+NH4,1512.9904,573.4877872,671.5034872
CL(34:3)(42:2)+NH4,1529.1155,573.4877872,687.6285872
CL(34:3)(42:3)+NH4,1527.0998,573.4877872,685.6128872
CL(34:3)(42:4)+NH4,1525.0842,573.4877872,683.5972872
CL(34:3)(42:5)+NH4,1523.0685,573.4877872,681.5815872
CL(34:3)(42:6)+NH4,1521.0529,573.4877872,679.5659872
CL(34:3)(42:7)+NH4,1519.0373,573.4877872,677.5503872
CL(34:3)(42:8)+NH4,1517.0216,573.4877872,675.5346872
CL(34:3)(42:9)+NH4,1515.006,573.4877872,673.5190872
CL(34:3)(44:0)+NH4,1561.178,573.4877872,719.6910872
CL(34:3)(44:10)+NH4,1541.0216,573.4877872,699.5346872
CL(34:3)(44:11)+NH4,1539.006,573.4877872,697.5190872
CL(34:3)(44:12)+NH4,1536.9904,573.4877872,695.5034872
CL(34:3)(44:5)+NH4,1551.0998,573.4877872,709.6128872
CL(34:3)(44:6)+NH4,1549.0842,573.4877872,707.5972872
CL(34:3)(46:12)+NH4,1565.0205,573.4877872,723.5335872
CL(34:3)(48:12)+NH4,1593.0518,573.4877872,751.5648872
CL(34:4)(34:4)+NH4,1410.9435,571.4721872,571.4721872
CL(34:4)(36:0)+NH4,1447.0373,571.4721872,607.5659872
CL(34:4)(36:1)+NH4,1445.0217,571.4721872,605.5503872
CL(34:4)(36:2)+NH4,1443.006,571.4721872,603.5346872
CL(34:4)(36:3)+NH4,1440.9904,571.4721872,601.5190872
CL(34:4)(36:4)+NH4,1438.9748,571.4721872,599.5034872
CL(34:4)(36:5)+NH4,1436.9591,571.4721872,597.4877872
CL(34:4)(36:6)+NH4,1434.9435,571.4721872,595.4721872
CL(34:4)(38:0)+NH4,1475.0686,571.4721872,635.5972872
CL(34:4)(38:1)+NH4,1473.0529,571.4721872,633.5815872
CL(34:4)(38:2)+NH4,1471.0373,571.4721872,631.5659872
CL(34:4)(38:3)+NH4,1469.0217,571.4721872,629.5503872
CL(34:4)(38:4)+NH4,1467.006,571.4721872,627.5346872
CL(34:4)(38:5)+NH4,1464.9904,571.4721872,625.5190872
CL(34:4)(38:6)+NH4,1462.9748,571.4721872,623.5034872
CL(34:4)(38:7)+NH4,1460.9591,571.4721872,621.4877872
CL(34:4)(40:0)+NH4,1503.0999,571.4721872,663.6285872
CL(34:4)(40:1)+NH4,1501.0842,571.4721872,661.6128872
CL(34:4)(40:2)+NH4,1499.0686,571.4721872,659.5972872
CL(34:4)(40:3)+NH4,1497.0529,571.4721872,657.5815872
CL(34:4)(40:4)+NH4,1495.0373,571.4721872,655.5659872
CL(34:4)(40:5)+NH4,1493.0217,571.4721872,653.5503872
CL(34:4)(40:6)+NH4,1491.006,571.4721872,651.5346872
CL(34:4)(40:7)+NH4,1488.9904,571.4721872,649.5190872
CL(34:4)(40:8)+NH4,1486.9748,571.4721872,647.5034872
CL(34:4)(40:9)+NH4,1484.9591,571.4721872,645.4877872
CL(34:4)(42:0)+NH4,1531.1312,571.4721872,691.6598872
CL(34:4)(42:1)+NH4,1529.1155,571.4721872,689.6441872
CL(34:4)(42:10)+NH4,1510.9748,571.4721872,671.5034872
CL(34:4)(42:2)+NH4,1527.0999,571.4721872,687.6285872
CL(34:4)(42:3)+NH4,1525.0842,571.4721872,685.6128872
CL(34:4)(42:4)+NH4,1523.0686,571.4721872,683.5972872
CL(34:4)(42:5)+NH4,1521.0529,571.4721872,681.5815872
CL(34:4)(42:6)+NH4,1519.0373,571.4721872,679.5659872
CL(34:4)(42:7)+NH4,1517.0217,571.4721872,677.5503872
CL(34:4)(42:8)+NH4,1515.006,571.4721872,675.5346872
CL(34:4)(42:9)+NH4,1512.9904,571.4721872,673.5190872
CL(34:4)(44:0)+NH4,1559.1624,571.4721872,719.6910872
CL(34:4)(44:10)+NH4,1539.006,571.4721872,699.5346872
CL(34:4)(44:11)+NH4,1536.9904,571.4721872,697.5190872
CL(34:4)(44:12)+NH4,1534.9748,571.4721872,695.5034872
CL(34:4)(44:5)+NH4,1549.0842,571.4721872,709.6128872
CL(34:4)(44:6)+NH4,1547.0686,571.4721872,707.5972872
CL(34:4)(46:12)+NH4,1563.0049,571.4721872,723.5335872
CL(34:4)(48:12)+NH4,1591.0362,571.4721872,751.5648872
CL(36:0)(36:0)+NH4,1483.1311,607.5659872,607.5659872
CL(36:0)(36:1)+NH4,1481.1155,607.5659872,605.5503872
CL(36:0)(36:2)+NH4,1479.0998,607.5659872,603.5346872
CL(36:0)(36:3)+NH4,1477.0842,607.5659872,601.5190872
CL(36:0)(36:4)+NH4,1475.0686,607.5659872,599.5034872
CL(36:0)(36:5)+NH4,1473.0529,607.5659872,597.4877872
CL(36:0)(36:6)+NH4,1471.0373,607.5659872,595.4721872
CL(36:0)(38:0)+NH4,1511.1624,607.5659872,635.5972872
CL(36:0)(38:1)+NH4,1509.1467,607.5659872,633.5815872
CL(36:0)(38:2)+NH4,1507.1311,607.5659872,631.5659872
CL(36:0)(38:3)+NH4,1505.1155,607.5659872,629.5503872
CL(36:0)(38:4)+NH4,1503.0998,607.5659872,627.5346872
CL(36:0)(38:5)+NH4,1501.0842,607.5659872,625.5190872
CL(36:0)(38:6)+NH4,1499.0686,607.5659872,623.5034872
CL(36:0)(38:7)+NH4,1497.0529,607.5659872,621.4877872
CL(36:0)(40:0)+NH4,1539.1937,607.5659872,663.6285872
CL(36:0)(40:1)+NH4,1537.178,607.5659872,661.6128872
CL(36:0)(40:2)+NH4,1535.1624,607.5659872,659.5972872
CL(36:0)(40:3)+NH4,1533.1467,607.5659872,657.5815872
CL(36:0)(40:4)+NH4,1531.1311,607.5659872,655.5659872
CL(36:0)(40:5)+NH4,1529.1155,607.5659872,653.5503872
CL(36:0)(40:6)+NH4,1527.0998,607.5659872,651.5346872
CL(36:0)(40:7)+NH4,1525.0842,607.5659872,649.5190872
CL(36:0)(40:8)+NH4,1523.0686,607.5659872,647.5034872
CL(36:0)(40:9)+NH4,1521.0529,607.5659872,645.4877872
CL(36:0)(42:0)+NH4,1567.225,607.5659872,691.6598872
CL(36:0)(42:1)+NH4,1565.2093,607.5659872,689.6441872
CL(36:0)(42:10)+NH4,1547.0686,607.5659872,671.5034872
CL(36:0)(42:2)+NH4,1563.1937,607.5659872,687.6285872
CL(36:0)(42:3)+NH4,1561.178,607.5659872,685.6128872
CL(36:0)(42:4)+NH4,1559.1624,607.5659872,683.5972872
CL(36:0)(42:5)+NH4,1557.1467,607.5659872,681.5815872
CL(36:0)(42:6)+NH4,1555.1311,607.5659872,679.5659872
CL(36:0)(42:7)+NH4,1553.1155,607.5659872,677.5503872
CL(36:0)(42:8)+NH4,1551.0998,607.5659872,675.5346872
CL(36:0)(42:9)+NH4,1549.0842,607.5659872,673.5190872
CL(36:0)(44:0)+NH4,1595.2562,607.5659872,719.6910872
CL(36:0)(44:10)+NH4,1575.0998,607.5659872,699.5346872
CL(36:0)(44:11)+NH4,1573.0842,607.5659872,697.5190872
CL(36:0)(44:12)+NH4,1571.0686,607.5659872,695.5034872
CL(36:0)(44:5)+NH4,1585.178,607.5659872,709.6128872
CL(36:0)(44:6)+NH4,1583.1624,607.5659872,707.5972872
CL(36:0)(46:12)+NH4,1599.0987,607.5659872,723.5335872
CL(36:0)(48:12)+NH4,1627.13,607.5659872,751.5648872
CL(36:1)(36:1)+NH4,1479.0999,605.5503872,605.5503872
CL(36:1)(36:2)+NH4,1477.0842,605.5503872,603.5346872
CL(36:1)(36:3)+NH4,1475.0686,605.5503872,601.5190872
CL(36:1)(36:4)+NH4,1473.053,605.5503872,599.5034872
CL(36:1)(36:5)+NH4,1471.0373,605.5503872,597.4877872
CL(36:1)(36:6)+NH4,1469.0217,605.5503872,595.4721872
CL(36:1)(38:0)+NH4,1509.1468,605.5503872,635.5972872
CL(36:1)(38:1)+NH4,1507.1311,605.5503872,633.5815872
CL(36:1)(38:2)+NH4,1505.1155,605.5503872,631.5659872
CL(36:1)(38:3)+NH4,1503.0999,605.5503872,629.5503872
CL(36:1)(38:4)+NH4,1501.0842,605.5503872,627.5346872
CL(36:1)(38:5)+NH4,1499.0686,605.5503872,625.5190872
CL(36:1)(38:6)+NH4,1497.053,605.5503872,623.5034872
CL(36:1)(38:7)+NH4,1495.0373,605.5503872,621.4877872
CL(36:1)(40:0)+NH4,1537.1781,605.5503872,663.6285872
CL(36:1)(40:1)+NH4,1535.1624,605.5503872,661.6128872
CL(36:1)(40:2)+NH4,1533.1468,605.5503872,659.5972872
CL(36:1)(40:3)+NH4,1531.1311,605.5503872,657.5815872
CL(36:1)(40:4)+NH4,1529.1155,605.5503872,655.5659872
CL(36:1)(40:5)+NH4,1527.0999,605.5503872,653.5503872
CL(36:1)(40:6)+NH4,1525.0842,605.5503872,651.5346872
CL(36:1)(40:7)+NH4,1523.0686,605.5503872,649.5190872
CL(36:1)(40:8)+NH4,1521.053,605.5503872,647.5034872
CL(36:1)(40:9)+NH4,1519.0373,605.5503872,645.4877872
CL(36:1)(42:0)+NH4,1565.2094,605.5503872,691.6598872
CL(36:1)(42:1)+NH4,1563.1937,605.5503872,689.6441872
CL(36:1)(42:10)+NH4,1545.053,605.5503872,671.5034872
CL(36:1)(42:2)+NH4,1561.1781,605.5503872,687.6285872
CL(36:1)(42:3)+NH4,1559.1624,605.5503872,685.6128872
CL(36:1)(42:4)+NH4,1557.1468,605.5503872,683.5972872
CL(36:1)(42:5)+NH4,1555.1311,605.5503872,681.5815872
CL(36:1)(42:6)+NH4,1553.1155,605.5503872,679.5659872
CL(36:1)(42:7)+NH4,1551.0999,605.5503872,677.5503872
CL(36:1)(42:8)+NH4,1549.0842,605.5503872,675.5346872
CL(36:1)(42:9)+NH4,1547.0686,605.5503872,673.5190872
CL(36:1)(44:0)+NH4,1593.2406,605.5503872,719.6910872
CL(36:1)(44:10)+NH4,1573.0842,605.5503872,699.5346872
CL(36:1)(44:11)+NH4,1571.0686,605.5503872,697.5190872
CL(36:1)(44:12)+NH4,1569.053,605.5503872,695.5034872
CL(36:1)(44:5)+NH4,1583.1624,605.5503872,709.6128872
CL(36:1)(44:6)+NH4,1581.1468,605.5503872,707.5972872
CL(36:1)(46:12)+NH4,1597.0831,605.5503872,723.5335872
CL(36:1)(48:12)+NH4,1625.1144,605.5503872,751.5648872
CL(36:2)(36:2)+NH4,1475.0685,603.5346872,603.5346872
CL(36:2)(36:3)+NH4,1473.0529,603.5346872,601.5190872
CL(36:2)(36:4)+NH4,1471.0373,603.5346872,599.5034872
CL(36:2)(36:5)+NH4,1469.0216,603.5346872,597.4877872
CL(36:2)(36:6)+NH4,1467.006,603.5346872,595.4721872
CL(36:2)(38:0)+NH4,1507.1311,603.5346872,635.5972872
CL(36:2)(38:1)+NH4,1505.1154,603.5346872,633.5815872
CL(36:2)(38:2)+NH4,1503.0998,603.5346872,631.5659872
CL(36:2)(38:3)+NH4,1501.0842,603.5346872,629.5503872
CL(36:2)(38:4)+NH4,1499.0685,603.5346872,627.5346872
CL(36:2)(38:5)+NH4,1497.0529,603.5346872,625.5190872
CL(36:2)(38:6)+NH4,1495.0373,603.5346872,623.5034872
CL(36:2)(38:7)+NH4,1493.0216,603.5346872,621.4877872
CL(36:2)(40:0)+NH4,1535.1624,603.5346872,663.6285872
CL(36:2)(40:1)+NH4,1533.1467,603.5346872,661.6128872
CL(36:2)(40:2)+NH4,1531.1311,603.5346872,659.5972872
CL(36:2)(40:3)+NH4,1529.1154,603.5346872,657.5815872
CL(36:2)(40:4)+NH4,1527.0998,603.5346872,655.5659872
CL(36:2)(40:5)+NH4,1525.0842,603.5346872,653.5503872
CL(36:2)(40:6)+NH4,1523.0685,603.5346872,651.5346872
CL(36:2)(40:7)+NH4,1521.0529,603.5346872,649.5190872
CL(36:2)(40:8)+NH4,1519.0373,603.5346872,647.5034872
CL(36:2)(40:9)+NH4,1517.0216,603.5346872,645.4877872
CL(36:2)(42:0)+NH4,1563.1937,603.5346872,691.6598872
CL(36:2)(42:1)+NH4,1561.178,603.5346872,689.6441872
CL(36:2)(42:10)+NH4,1543.0373,603.5346872,671.5034872
CL(36:2)(42:2)+NH4,1559.1624,603.5346872,687.6285872
CL(36:2)(42:3)+NH4,1557.1467,603.5346872,685.6128872
CL(36:2)(42:4)+NH4,1555.1311,603.5346872,683.5972872
CL(36:2)(42:5)+NH4,1553.1154,603.5346872,681.5815872
CL(36:2)(42:6)+NH4,1551.0998,603.5346872,679.5659872
CL(36:2)(42:7)+NH4,1549.0842,603.5346872,677.5503872
CL(36:2)(42:8)+NH4,1547.0685,603.5346872,675.5346872
CL(36:2)(42:9)+NH4,1545.0529,603.5346872,673.5190872
CL(36:2)(44:0)+NH4,1591.2249,603.5346872,719.6910872
CL(36:2)(44:10)+NH4,1571.0685,603.5346872,699.5346872
CL(36:2)(44:11)+NH4,1569.0529,603.5346872,697.5190872
CL(36:2)(44:12)+NH4,1567.0373,603.5346872,695.5034872
CL(36:2)(44:5)+NH4,1581.1467,603.5346872,709.6128872
CL(36:2)(44:6)+NH4,1579.1311,603.5346872,707.5972872
CL(36:2)(46:12)+NH4,1595.0674,603.5346872,723.5335872
CL(36:2)(48:12)+NH4,1623.0987,603.5346872,751.5648872
CL(36:3)(36:3)+NH4,1471.0373,601.5190872,601.5190872
CL(36:3)(36:4)+NH4,1469.0217,601.5190872,599.5034872
CL(36:3)(36:5)+NH4,1467.006,601.5190872,597.4877872
CL(36:3)(36:6)+NH4,1464.9904,601.5190872,595.4721872
CL(36:3)(38:0)+NH4,1505.1155,601.5190872,635.5972872
CL(36:3)(38:1)+NH4,1503.0998,601.5190872,633.5815872
CL(36:3)(38:2)+NH4,1501.0842,601.5190872,631.5659872
CL(36:3)(38:3)+NH4,1499.0686,601.5190872,629.5503872
CL(36:3)(38:4)+NH4,1497.0529,601.5190872,627.5346872
CL(36:3)(38:5)+NH4,1495.0373,601.5190872,625.5190872
CL(36:3)(38:6)+NH4,1493.0217,601.5190872,623.5034872
CL(36:3)(38:7)+NH4,1491.006,601.5190872,621.4877872
CL(36:3)(40:0)+NH4,1533.1468,601.5190872,663.6285872
CL(36:3)(40:1)+NH4,1531.1311,601.5190872,661.6128872
CL(36:3)(40:2)+NH4,1529.1155,601.5190872,659.5972872
CL(36:3)(40:3)+NH4,1527.0998,601.5190872,657.5815872
CL(36:3)(40:4)+NH4,1525.0842,601.5190872,655.5659872
CL(36:3)(40:5)+NH4,1523.0686,601.5190872,653.5503872
CL(36:3)(40:6)+NH4,1521.0529,601.5190872,651.5346872
CL(36:3)(40:7)+NH4,1519.0373,601.5190872,649.5190872
CL(36:3)(40:8)+NH4,1517.0217,601.5190872,647.5034872
CL(36:3)(40:9)+NH4,1515.006,601.5190872,645.4877872
CL(36:3)(42:0)+NH4,1561.1781,601.5190872,691.6598872
CL(36:3)(42:1)+NH4,1559.1624,601.5190872,689.6441872
CL(36:3)(42:10)+NH4,1541.0217,601.5190872,671.5034872
CL(36:3)(42:2)+NH4,1557.1468,601.5190872,687.6285872
CL(36:3)(42:3)+NH4,1555.1311,601.5190872,685.6128872
CL(36:3)(42:4)+NH4,1553.1155,601.5190872,683.5972872
CL(36:3)(42:5)+NH4,1551.0998,601.5190872,681.5815872
CL(36:3)(42:6)+NH4,1549.0842,601.5190872,679.5659872
CL(36:3)(42:7)+NH4,1547.0686,601.5190872,677.5503872
CL(36:3)(42:8)+NH4,1545.0529,601.5190872,675.5346872
CL(36:3)(42:9)+NH4,1543.0373,601.5190872,673.5190872
CL(36:3)(44:0)+NH4,1589.2093,601.5190872,719.6910872
CL(36:3)(44:10)+NH4,1569.0529,601.5190872,699.5346872
CL(36:3)(44:11)+NH4,1567.0373,601.5190872,697.5190872
CL(36:3)(44:12)+NH4,1565.0217,601.5190872,695.5034872
CL(36:3)(44:5)+NH4,1579.1311,601.5190872,709.6128872
CL(36:3)(44:6)+NH4,1577.1155,601.5190872,707.5972872
CL(36:3)(46:12)+NH4,1593.0518,601.5190872,723.5335872
CL(36:3)(48:12)+NH4,1621.0831,601.5190872,751.5648872
CL(36:4)(36:4)+NH4,1467.0061,599.5034872,599.5034872
CL(36:4)(36:5)+NH4,1464.9904,599.5034872,597.4877872
CL(36:4)(36:6)+NH4,1462.9748,599.5034872,595.4721872
CL(36:4)(38:0)+NH4,1503.0999,599.5034872,635.5972872
CL(36:4)(38:1)+NH4,1501.0842,599.5034872,633.5815872
CL(36:4)(38:2)+NH4,1499.0686,599.5034872,631.5659872
CL(36:4)(38:3)+NH4,1497.053,599.5034872,629.5503872
CL(36:4)(38:4)+NH4,1495.0373,599.5034872,627.5346872
CL(36:4)(38:5)+NH4,1493.0217,599.5034872,625.5190872
CL(36:4)(38:6)+NH4,1491.0061,599.5034872,623.5034872
CL(36:4)(38:7)+NH4,1488.9904,599.5034872,621.4877872
CL(36:4)(40:0)+NH4,1531.1312,599.5034872,663.6285872
CL(36:4)(40:1)+NH4,1529.1155,599.5034872,661.6128872
CL(36:4)(40:2)+NH4,1527.0999,599.5034872,659.5972872
CL(36:4)(40:3)+NH4,1525.0842,599.5034872,657.5815872
CL(36:4)(40:4)+NH4,1523.0686,599.5034872,655.5659872
CL(36:4)(40:5)+NH4,1521.053,599.5034872,653.5503872
CL(36:4)(40:6)+NH4,1519.0373,599.5034872,651.5346872
CL(36:4)(40:7)+NH4,1517.0217,599.5034872,649.5190872
CL(36:4)(40:8)+NH4,1515.0061,599.5034872,647.5034872
CL(36:4)(40:9)+NH4,1512.9904,599.5034872,645.4877872
CL(36:4)(42:0)+NH4,1559.1625,599.5034872,691.6598872
CL(36:4)(42:1)+NH4,1557.1468,599.5034872,689.6441872
CL(36:4)(42:10)+NH4,1539.0061,599.5034872,671.5034872
CL(36:4)(42:2)+NH4,1555.1312,599.5034872,687.6285872
CL(36:4)(42:3)+NH4,1553.1155,599.5034872,685.6128872
CL(36:4)(42:4)+NH4,1551.0999,599.5034872,683.5972872
CL(36:4)(42:5)+NH4,1549.0842,599.5034872,681.5815872
CL(36:4)(42:6)+NH4,1547.0686,599.5034872,679.5659872
CL(36:4)(42:7)+NH4,1545.053,599.5034872,677.5503872
CL(36:4)(42:8)+NH4,1543.0373,599.5034872,675.5346872
CL(36:4)(42:9)+NH4,1541.0217,599.5034872,673.5190872
CL(36:4)(44:0)+NH4,1587.1937,599.5034872,719.6910872
CL(36:4)(44:10)+NH4,1567.0373,599.5034872,699.5346872
CL(36:4)(44:11)+NH4,1565.0217,599.5034872,697.5190872
CL(36:4)(44:12)+NH4,1563.0061,599.5034872,695.5034872
CL(36:4)(44:5)+NH4,1577.1155,599.5034872,709.6128872
CL(36:4)(44:6)+NH4,1575.0999,599.5034872,707.5972872
CL(36:4)(46:12)+NH4,1591.0362,599.5034872,723.5335872
CL(36:4)(48:12)+NH4,1619.0675,599.5034872,751.5648872
CL(36:5)(36:5)+NH4,1462.9747,597.4877872,597.4877872
CL(36:5)(36:6)+NH4,1460.9591,597.4877872,595.4721872
CL(36:5)(38:0)+NH4,1501.0842,597.4877872,635.5972872
CL(36:5)(38:1)+NH4,1499.0685,597.4877872,633.5815872
CL(36:5)(38:2)+NH4,1497.0529,597.4877872,631.5659872
CL(36:5)(38:3)+NH4,1495.0373,597.4877872,629.5503872
CL(36:5)(38:4)+NH4,1493.0216,597.4877872,627.5346872
CL(36:5)(38:5)+NH4,1491.006,597.4877872,625.5190872
CL(36:5)(38:6)+NH4,1488.9904,597.4877872,623.5034872
CL(36:5)(38:7)+NH4,1486.9747,597.4877872,621.4877872
CL(36:5)(40:0)+NH4,1529.1155,597.4877872,663.6285872
CL(36:5)(40:1)+NH4,1527.0998,597.4877872,661.6128872
CL(36:5)(40:2)+NH4,1525.0842,597.4877872,659.5972872
CL(36:5)(40:3)+NH4,1523.0685,597.4877872,657.5815872
CL(36:5)(40:4)+NH4,1521.0529,597.4877872,655.5659872
CL(36:5)(40:5)+NH4,1519.0373,597.4877872,653.5503872
CL(36:5)(40:6)+NH4,1517.0216,597.4877872,651.5346872
CL(36:5)(40:7)+NH4,1515.006,597.4877872,649.5190872
CL(36:5)(40:8)+NH4,1512.9904,597.4877872,647.5034872
CL(36:5)(40:9)+NH4,1510.9747,597.4877872,645.4877872
CL(36:5)(42:0)+NH4,1557.1468,597.4877872,691.6598872
CL(36:5)(42:1)+NH4,1555.1311,597.4877872,689.6441872
CL(36:5)(42:10)+NH4,1536.9904,597.4877872,671.5034872
CL(36:5)(42:2)+NH4,1553.1155,597.4877872,687.6285872
CL(36:5)(42:3)+NH4,1551.0998,597.4877872,685.6128872
CL(36:5)(42:4)+NH4,1549.0842,597.4877872,683.5972872
CL(36:5)(42:5)+NH4,1547.0685,597.4877872,681.5815872
CL(36:5)(42:6)+NH4,1545.0529,597.4877872,679.5659872
CL(36:5)(42:7)+NH4,1543.0373,597.4877872,677.5503872
CL(36:5)(42:8)+NH4,1541.0216,597.4877872,675.5346872
CL(36:5)(42:9)+NH4,1539.006,597.4877872,673.5190872
CL(36:5)(44:0)+NH4,1585.178,597.4877872,719.6910872
CL(36:5)(44:10)+NH4,1565.0216,597.4877872,699.5346872
CL(36:5)(44:11)+NH4,1563.006,597.4877872,697.5190872
CL(36:5)(44:12)+NH4,1560.9904,597.4877872,695.5034872
CL(36:5)(44:5)+NH4,1575.0998,597.4877872,709.6128872
CL(36:5)(44:6)+NH4,1573.0842,597.4877872,707.5972872
CL(36:5)(46:12)+NH4,1589.0205,597.4877872,723.5335872
CL(36:5)(48:12)+NH4,1617.0518,597.4877872,751.5648872
CL(36:6)(36:6)+NH4,1458.9435,595.4721872,595.4721872
CL(36:6)(38:0)+NH4,1499.0686,595.4721872,635.5972872
CL(36:6)(38:1)+NH4,1497.0529,595.4721872,633.5815872
CL(36:6)(38:2)+NH4,1495.0373,595.4721872,631.5659872
CL(36:6)(38:3)+NH4,1493.0217,595.4721872,629.5503872
CL(36:6)(38:4)+NH4,1491.006,595.4721872,627.5346872
CL(36:6)(38:5)+NH4,1488.9904,595.4721872,625.5190872
CL(36:6)(38:6)+NH4,1486.9748,595.4721872,623.5034872
CL(36:6)(38:7)+NH4,1484.9591,595.4721872,621.4877872
CL(36:6)(40:0)+NH4,1527.0999,595.4721872,663.6285872
CL(36:6)(40:1)+NH4,1525.0842,595.4721872,661.6128872
CL(36:6)(40:2)+NH4,1523.0686,595.4721872,659.5972872
CL(36:6)(40:3)+NH4,1521.0529,595.4721872,657.5815872
CL(36:6)(40:4)+NH4,1519.0373,595.4721872,655.5659872
CL(36:6)(40:5)+NH4,1517.0217,595.4721872,653.5503872
CL(36:6)(40:6)+NH4,1515.006,595.4721872,651.5346872
CL(36:6)(40:7)+NH4,1512.9904,595.4721872,649.5190872
CL(36:6)(40:8)+NH4,1510.9748,595.4721872,647.5034872
CL(36:6)(40:9)+NH4,1508.9591,595.4721872,645.4877872
CL(36:6)(42:0)+NH4,1555.1312,595.4721872,691.6598872
CL(36:6)(42:1)+NH4,1553.1155,595.4721872,689.6441872
CL(36:6)(42:10)+NH4,1534.9748,595.4721872,671.5034872
CL(36:6)(42:2)+NH4,1551.0999,595.4721872,687.6285872
CL(36:6)(42:3)+NH4,1549.0842,595.4721872,685.6128872
CL(36:6)(42:4)+NH4,1547.0686,595.4721872,683.5972872
CL(36:6)(42:5)+NH4,1545.0529,595.4721872,681.5815872
CL(36:6)(42:6)+NH4,1543.0373,595.4721872,679.5659872
CL(36:6)(42:7)+NH4,1541.0217,595.4721872,677.5503872
CL(36:6)(42:8)+NH4,1539.006,595.4721872,675.5346872
CL(36:6)(42:9)+NH4,1536.9904,595.4721872,673.5190872
CL(36:6)(44:0)+NH4,1583.1624,595.4721872,719.6910872
CL(36:6)(44:10)+NH4,1563.006,595.4721872,699.5346872
CL(36:6)(44:11)+NH4,1560.9904,595.4721872,697.5190872
CL(36:6)(44:12)+NH4,1558.9748,595.4721872,695.5034872
CL(36:6)(44:5)+NH4,1573.0842,595.4721872,709.6128872
CL(36:6)(44:6)+NH4,1571.0686,595.4721872,707.5972872
CL(36:6)(46:12)+NH4,1587.0049,595.4721872,723.5335872
CL(36:6)(48:12)+NH4,1615.0362,595.4721872,751.5648872
CL(38:0)(38:0)+NH4,1539.1937,635.5972872,635.5972872
CL(38:0)(38:1)+NH4,1537.178,635.5972872,633.5815872
CL(38:0)(38:2)+NH4,1535.1624,635.5972872,631.5659872
CL(38:0)(38:3)+NH4,1533.1468,635.5972872,629.5503872
CL(38:0)(38:4)+NH4,1531.1311,635.5972872,627.5346872
CL(38:0)(38:5)+NH4,1529.1155,635.5972872,625.5190872
CL(38:0)(38:6)+NH4,1527.0999,635.5972872,623.5034872
CL(38:0)(38:7)+NH4,1525.0842,635.5972872,621.4877872
CL(38:0)(40:0)+NH4,1567.225,635.5972872,663.6285872
CL(38:0)(40:1)+NH4,1565.2093,635.5972872,661.6128872
CL(38:0)(40:2)+NH4,1563.1937,635.5972872,659.5972872
CL(38:0)(40:3)+NH4,1561.178,635.5972872,657.5815872
CL(38:0)(40:4)+NH4,1559.1624,635.5972872,655.5659872
CL(38:0)(40:5)+NH4,1557.1468,635.5972872,653.5503872
CL(38:0)(40:6)+NH4,1555.1311,635.5972872,651.5346872
CL(38:0)(40:7)+NH4,1553.1155,635.5972872,649.5190872
CL(38:0)(40:8)+NH4,1551.0999,635.5972872,647.5034872
CL(38:0)(40:9)+NH4,1549.0842,635.5972872,645.4877872
CL(38:0)(42:0)+NH4,1595.2563,635.5972872,691.6598872
CL(38:0)(42:1)+NH4,1593.2406,635.5972872,689.6441872
CL(38:0)(42:10)+NH4,1575.0999,635.5972872,671.5034872
CL(38:0)(42:2)+NH4,1591.225,635.5972872,687.6285872
CL(38:0)(42:3)+NH4,1589.2093,635.5972872,685.6128872
CL(38:0)(42:4)+NH4,1587.1937,635.5972872,683.5972872
CL(38:0)(42:5)+NH4,1585.178,635.5972872,681.5815872
CL(38:0)(42:6)+NH4,1583.1624,635.5972872,679.5659872
CL(38:0)(42:7)+NH4,1581.1468,635.5972872,677.5503872
CL(38:0)(42:8)+NH4,1579.1311,635.5972872,675.5346872
CL(38:0)(42:9)+NH4,1577.1155,635.5972872,673.5190872
CL(38:0)(44:0)+NH4,1623.2875,635.5972872,719.6910872
CL(38:0)(44:10)+NH4,1603.1311,635.5972872,699.5346872
CL(38:0)(44:11)+NH4,1601.1155,635.5972872,697.5190872
CL(38:0)(44:12)+NH4,1599.0999,635.5972872,695.5034872
CL(38:0)(44:5)+NH4,1613.2093,635.5972872,709.6128872
CL(38:0)(44:6)+NH4,1611.1937,635.5972872,707.5972872
CL(38:0)(46:12)+NH4,1627.13,635.5972872,723.5335872
CL(38:0)(48:12)+NH4,1655.1613,635.5972872,751.5648872
CL(38:1)(38:1)+NH4,1535.1623,633.5815872,633.5815872
CL(38:1)(38:2)+NH4,1533.1467,633.5815872,631.5659872
CL(38:1)(38:3)+NH4,1531.1311,633.5815872,629.5503872
CL(38:1)(38:4)+NH4,1529.1154,633.5815872,627.5346872
CL(38:1)(38:5)+NH4,1527.0998,633.5815872,625.5190872
CL(38:1)(38:6)+NH4,1525.0842,633.5815872,623.5034872
CL(38:1)(38:7)+NH4,1523.0685,633.5815872,621.4877872
CL(38:1)(40:0)+NH4,1565.2093,633.5815872,663.6285872
CL(38:1)(40:1)+NH4,1563.1936,633.5815872,661.6128872
CL(38:1)(40:2)+NH4,1561.178,633.5815872,659.5972872
CL(38:1)(40:3)+NH4,1559.1623,633.5815872,657.5815872
CL(38:1)(40:4)+NH4,1557.1467,633.5815872,655.5659872
CL(38:1)(40:5)+NH4,1555.1311,633.5815872,653.5503872
CL(38:1)(40:6)+NH4,1553.1154,633.5815872,651.5346872
CL(38:1)(40:7)+NH4,1551.0998,633.5815872,649.5190872
CL(38:1)(40:8)+NH4,1549.0842,633.5815872,647.5034872
CL(38:1)(40:9)+NH4,1547.0685,633.5815872,645.4877872
CL(38:1)(42:0)+NH4,1593.2406,633.5815872,691.6598872
CL(38:1)(42:1)+NH4,1591.2249,633.5815872,689.6441872
CL(38:1)(42:10)+NH4,1573.0842,633.5815872,671.5034872
CL(38:1)(42:2)+NH4,1589.2093,633.5815872,687.6285872
CL(38:1)(42:3)+NH4,1587.1936,633.5815872,685.6128872
CL(38:1)(42:4)+NH4,1585.178,633.5815872,683.5972872
CL(38:1)(42:5)+NH4,1583.1623,633.5815872,681.5815872
CL(38:1)(42:6)+NH4,1581.1467,633.5815872,679.5659872
CL(38:1)(42:7)+NH4,1579.1311,633.5815872,677.5503872
CL(38:1)(42:8)+NH4,1577.1154,633.5815872,675.5346872
CL(38:1)(42:9)+NH4,1575.0998,633.5815872,673.5190872
CL(38:1)(44:0)+NH4,1621.2718,633.5815872,719.6910872
CL(38:1)(44:10)+NH4,1601.1154,633.5815872,699.5346872
CL(38:1)(44:11)+NH4,1599.0998,633.5815872,697.5190872
CL(38:1)(44:12)+NH4,1597.0842,633.5815872,695.5034872
CL(38:1)(44:5)+NH4,1611.1936,633.5815872,709.6128872
CL(38:1)(44:6)+NH4,1609.178,633.5815872,707.5972872
CL(38:1)(46:12)+NH4,1625.1143,633.5815872,723.5335872
CL(38:1)(48:12)+NH4,1653.1456,633.5815872,751.5648872
CL(38:2)(38:2)+NH4,1531.1311,631.5659872,631.5659872
CL(38:2)(38:3)+NH4,1529.1155,631.5659872,629.5503872
CL(38:2)(38:4)+NH4,1527.0998,631.5659872,627.5346872
CL(38:2)(38:5)+NH4,1525.0842,631.5659872,625.5190872
CL(38:2)(38:6)+NH4,1523.0686,631.5659872,623.5034872
CL(38:2)(38:7)+NH4,1521.0529,631.5659872,621.4877872
CL(38:2)(40:0)+NH4,1563.1937,631.5659872,663.6285872
CL(38:2)(40:1)+NH4,1561.178,631.5659872,661.6128872
CL(38:2)(40:2)+NH4,1559.1624,631.5659872,659.5972872
CL(38:2)(40:3)+NH4,1557.1467,631.5659872,657.5815872
CL(38:2)(40:4)+NH4,1555.1311,631.5659872,655.5659872
CL(38:2)(40:5)+NH4,1553.1155,631.5659872,653.5503872
CL(38:2)(40:6)+NH4,1551.0998,631.5659872,651.5346872
CL(38:2)(40:7)+NH4,1549.0842,631.5659872,649.5190872
CL(38:2)(40:8)+NH4,1547.0686,631.5659872,647.5034872
CL(38:2)(40:9)+NH4,1545.0529,631.5659872,645.4877872
CL(38:2)(42:0)+NH4,1591.225,631.5659872,691.6598872
CL(38:2)(42:1)+NH4,1589.2093,631.5659872,689.6441872
CL(38:2)(42:10)+NH4,1571.0686,631.5659872,671.5034872
CL(38:2)(42:2)+NH4,1587.1937,631.5659872,687.6285872
CL(38:2)(42:3)+NH4,1585.178,631.5659872,685.6128872
CL(38:2)(42:4)+NH4,1583.1624,631.5659872,683.5972872
CL(38:2)(42:5)+NH4,1581.1467,631.5659872,681.5815872
CL(38:2)(42:6)+NH4,1579.1311,631.5659872,679.5659872
CL(38:2)(42:7)+NH4,1577.1155,631.5659872,677.5503872
CL(38:2)(42:8)+NH4,1575.0998,631.5659872,675.5346872
CL(38:2)(42:9)+NH4,1573.0842,631.5659872,673.5190872
CL(38:2)(44:0)+NH4,1619.2562,631.5659872,719.6910872
CL(38:2)(44:10)+NH4,1599.0998,631.5659872,699.5346872
CL(38:2)(44:11)+NH4,1597.0842,631.5659872,697.5190872
CL(38:2)(44:12)+NH4,1595.0686,631.5659872,695.5034872
CL(38:2)(44:5)+NH4,1609.178,631.5659872,709.6128872
CL(38:2)(44:6)+NH4,1607.1624,631.5659872,707.5972872
CL(38:2)(46:12)+NH4,1623.0987,631.5659872,723.5335872
CL(38:2)(48:12)+NH4,1651.13,631.5659872,751.5648872
CL(38:3)(38:3)+NH4,1527.0999,629.5503872,629.5503872
CL(38:3)(38:4)+NH4,1525.0842,629.5503872,627.5346872
CL(38:3)(38:5)+NH4,1523.0686,629.5503872,625.5190872
CL(38:3)(38:6)+NH4,1521.053,629.5503872,623.5034872
CL(38:3)(38:7)+NH4,1519.0373,629.5503872,621.4877872
CL(38:3)(40:0)+NH4,1561.1781,629.5503872,663.6285872
CL(38:3)(40:1)+NH4,1559.1624,629.5503872,661.6128872
CL(38:3)(40:2)+NH4,1557.1468,629.5503872,659.5972872
CL(38:3)(40:3)+NH4,1555.1311,629.5503872,657.5815872
CL(38:3)(40:4)+NH4,1553.1155,629.5503872,655.5659872
CL(38:3)(40:5)+NH4,1551.0999,629.5503872,653.5503872
CL(38:3)(40:6)+NH4,1549.0842,629.5503872,651.5346872
CL(38:3)(40:7)+NH4,1547.0686,629.5503872,649.5190872
CL(38:3)(40:8)+NH4,1545.053,629.5503872,647.5034872
CL(38:3)(40:9)+NH4,1543.0373,629.5503872,645.4877872
CL(38:3)(42:0)+NH4,1589.2094,629.5503872,691.6598872
CL(38:3)(42:1)+NH4,1587.1937,629.5503872,689.6441872
CL(38:3)(42:10)+NH4,1569.053,629.5503872,671.5034872
CL(38:3)(42:2)+NH4,1585.1781,629.5503872,687.6285872
CL(38:3)(42:3)+NH4,1583.1624,629.5503872,685.6128872
CL(38:3)(42:4)+NH4,1581.1468,629.5503872,683.5972872
CL(38:3)(42:5)+NH4,1579.1311,629.5503872,681.5815872
CL(38:3)(42:6)+NH4,1577.1155,629.5503872,679.5659872
CL(38:3)(42:7)+NH4,1575.0999,629.5503872,677.5503872
CL(38:3)(42:8)+NH4,1573.0842,629.5503872,675.5346872
CL(38:3)(42:9)+NH4,1571.0686,629.5503872,673.5190872
CL(38:3)(44:0)+NH4,1617.2406,629.5503872,719.6910872
CL(38:3)(44:10)+NH4,1597.0842,629.5503872,699.5346872
CL(38:3)(44:11)+NH4,1595.0686,629.5503872,697.5190872
CL(38:3)(44:12)+NH4,1593.053,629.5503872,695.5034872
CL(38:3)(44:5)+NH4,1607.1624,629.5503872,709.6128872
CL(38:3)(44:6)+NH4,1605.1468,629.5503872,707.5972872
CL(38:3)(46:12)+NH4,1621.0831,629.5503872,723.5335872
CL(38:3)(48:12)+NH4,1649.1144,629.5503872,751.5648872
CL(38:4)(38:4)+NH4,1523.0685,627.5346872,627.5346872
CL(38:4)(38:5)+NH4,1521.0529,627.5346872,625.5190872
CL(38:4)(38:6)+NH4,1519.0373,627.5346872,623.5034872
CL(38:4)(38:7)+NH4,1517.0216,627.5346872,621.4877872
CL(38:4)(40:0)+NH4,1559.1624,627.5346872,663.6285872
CL(38:4)(40:1)+NH4,1557.1467,627.5346872,661.6128872
CL(38:4)(40:2)+NH4,1555.1311,627.5346872,659.5972872
CL(38:4)(40:3)+NH4,1553.1154,627.5346872,657.5815872
CL(38:4)(40:4)+NH4,1551.0998,627.5346872,655.5659872
CL(38:4)(40:5)+NH4,1549.0842,627.5346872,653.5503872
CL(38:4)(40:6)+NH4,1547.0685,627.5346872,651.5346872
CL(38:4)(40:7)+NH4,1545.0529,627.5346872,649.5190872
CL(38:4)(40:8)+NH4,1543.0373,627.5346872,647.5034872
CL(38:4)(40:9)+NH4,1541.0216,627.5346872,645.4877872
CL(38:4)(42:0)+NH4,1587.1937,627.5346872,691.6598872
CL(38:4)(42:1)+NH4,1585.178,627.5346872,689.6441872
CL(38:4)(42:10)+NH4,1567.0373,627.5346872,671.5034872
CL(38:4)(42:2)+NH4,1583.1624,627.5346872,687.6285872
CL(38:4)(42:3)+NH4,1581.1467,627.5346872,685.6128872
CL(38:4)(42:4)+NH4,1579.1311,627.5346872,683.5972872
CL(38:4)(42:5)+NH4,1577.1154,627.5346872,681.5815872
CL(38:4)(42:6)+NH4,1575.0998,627.5346872,679.5659872
CL(38:4)(42:7)+NH4,1573.0842,627.5346872,677.5503872
CL(38:4)(42:8)+NH4,1571.0685,627.5346872,675.5346872
CL(38:4)(42:9)+NH4,1569.0529,627.5346872,673.5190872
CL(38:4)(44:0)+NH4,1615.2249,627.5346872,719.6910872
CL(38:4)(44:10)+NH4,1595.0685,627.5346872,699.5346872
CL(38:4)(44:11)+NH4,1593.0529,627.5346872,697.5190872
CL(38:4)(44:12)+NH4,1591.0373,627.5346872,695.5034872
CL(38:4)(44:5)+NH4,1605.1467,627.5346872,709.6128872
CL(38:4)(44:6)+NH4,1603.1311,627.5346872,707.5972872
CL(38:4)(46:12)+NH4,1619.0674,627.5346872,723.5335872
CL(38:4)(48:12)+NH4,1647.0987,627.5346872,751.5648872
CL(38:5)(38:5)+NH4,1519.0373,625.5190872,625.5190872
CL(38:5)(38:6)+NH4,1517.0217,625.5190872,623.5034872
CL(38:5)(38:7)+NH4,1515.006,625.5190872,621.4877872
CL(38:5)(40:0)+NH4,1557.1468,625.5190872,663.6285872
CL(38:5)(40:1)+NH4,1555.1311,625.5190872,661.6128872
CL(38:5)(40:2)+NH4,1553.1155,625.5190872,659.5972872
CL(38:5)(40:3)+NH4,1551.0998,625.5190872,657.5815872
CL(38:5)(40:4)+NH4,1549.0842,625.5190872,655.5659872
CL(38:5)(40:5)+NH4,1547.0686,625.5190872,653.5503872
CL(38:5)(40:6)+NH4,1545.0529,625.5190872,651.5346872
CL(38:5)(40:7)+NH4,1543.0373,625.5190872,649.5190872
CL(38:5)(40:8)+NH4,1541.0217,625.5190872,647.5034872
CL(38:5)(40:9)+NH4,1539.006,625.5190872,645.4877872
CL(38:5)(42:0)+NH4,1585.1781,625.5190872,691.6598872
CL(38:5)(42:1)+NH4,1583.1624,625.5190872,689.6441872
CL(38:5)(42:10)+NH4,1565.0217,625.5190872,671.5034872
CL(38:5)(42:2)+NH4,1581.1468,625.5190872,687.6285872
CL(38:5)(42:3)+NH4,1579.1311,625.5190872,685.6128872
CL(38:5)(42:4)+NH4,1577.1155,625.5190872,683.5972872
CL(38:5)(42:5)+NH4,1575.0998,625.5190872,681.5815872
CL(38:5)(42:6)+NH4,1573.0842,625.5190872,679.5659872
CL(38:5)(42:7)+NH4,1571.0686,625.5190872,677.5503872
CL(38:5)(42:8)+NH4,1569.0529,625.5190872,675.5346872
CL(38:5)(42:9)+NH4,1567.0373,625.5190872,673.5190872
CL(38:5)(44:0)+NH4,1613.2093,625.5190872,719.6910872
CL(38:5)(44:10)+NH4,1593.0529,625.5190872,699.5346872
CL(38:5)(44:11)+NH4,1591.0373,625.5190872,697.5190872
CL(38:5)(44:12)+NH4,1589.0217,625.5190872,695.5034872
CL(38:5)(44:5)+NH4,1603.1311,625.5190872,709.6128872
CL(38:5)(44:6)+NH4,1601.1155,625.5190872,707.5972872
CL(38:5)(46:12)+NH4,1617.0518,625.5190872,723.5335872
CL(38:5)(48:12)+NH4,1645.0831,625.5190872,751.5648872
CL(38:6)(38:6)+NH4,1515.0061,623.5034872,623.5034872
CL(38:6)(38:7)+NH4,1512.9904,623.5034872,621.4877872
CL(38:6)(40:0)+NH4,1555.1312,623.5034872,663.6285872
CL(38:6)(40:1)+NH4,1553.1155,623.5034872,661.6128872
CL(38:6)(40:2)+NH4,1551.0999,623.5034872,659.5972872
CL(38:6)(40:3)+NH4,1549.0842,623.5034872,657.5815872
CL(38:6)(40:4)+NH4,1547.0686,623.5034872,655.5659872
CL(38:6)(40:5)+NH4,1545.053,623.5034872,653.5503872
CL(38:6)(40:6)+NH4,1543.0373,623.5034872,651.5346872
CL(38:6)(40:7)+NH4,1541.0217,623.5034872,649.5190872
CL(38:6)(40:8)+NH4,1539.0061,623.5034872,647.5034872
CL(38:6)(40:9)+NH4,1536.9904,623.5034872,645.4877872
CL(38:6)(42:0)+NH4,1583.1625,623.5034872,691.6598872
CL(38:6)(42:1)+NH4,1581.1468,623.5034872,689.6441872
CL(38:6)(42:10)+NH4,1563.0061,623.5034872,671.5034872
CL(38:6)(42:2)+NH4,1579.1312,623.5034872,687.6285872
CL(38:6)(42:3)+NH4,1577.1155,623.5034872,685.6128872
CL(38:6)(42:4)+NH4,1575.0999,623.5034872,683.5972872
CL(38:6)(42:5)+NH4,1573.0842,623.5034872,681.5815872
CL(38:6)(42:6)+NH4,1571.0686,623.5034872,679.5659872
CL(38:6)(42:7)+NH4,1569.053,623.5034872,677.5503872
CL(38:6)(42:8)+NH4,1567.0373,623.5034872,675.5346872
CL(38:6)(42:9)+NH4,1565.0217,623.5034872,673.5190872
CL(38:6)(44:0)+NH4,1611.1937,623.5034872,719.6910872
CL(38:6)(44:10)+NH4,1591.0373,623.5034872,699.5346872
CL(38:6)(44:11)+NH4,1589.0217,623.5034872,697.5190872
CL(38:6)(44:12)+NH4,1587.0061,623.5034872,695.5034872
CL(38:6)(44:5)+NH4,1601.1155,623.5034872,709.6128872
CL(38:6)(44:6)+NH4,1599.0999,623.5034872,707.5972872
CL(38:6)(46:12)+NH4,1615.0362,623.5034872,723.5335872
CL(38:6)(48:12)+NH4,1643.0675,623.5034872,751.5648872
CL(38:7)(38:7)+NH4,1510.9747,621.4877872,621.4877872
CL(38:7)(40:0)+NH4,1553.1155,621.4877872,663.6285872
CL(38:7)(40:1)+NH4,1551.0998,621.4877872,661.6128872
CL(38:7)(40:2)+NH4,1549.0842,621.4877872,659.5972872
CL(38:7)(40:3)+NH4,1547.0685,621.4877872,657.5815872
CL(38:7)(40:4)+NH4,1545.0529,621.4877872,655.5659872
CL(38:7)(40:5)+NH4,1543.0373,621.4877872,653.5503872
CL(38:7)(40:6)+NH4,1541.0216,621.4877872,651.5346872
CL(38:7)(40:7)+NH4,1539.006,621.4877872,649.5190872
CL(38:7)(40:8)+NH4,1536.9904,621.4877872,647.5034872
CL(38:7)(40:9)+NH4,1534.9747,621.4877872,645.4877872
CL(38:7)(42:0)+NH4,1581.1468,621.4877872,691.6598872
CL(38:7)(42:1)+NH4,1579.1311,621.4877872,689.6441872
CL(38:7)(42:10)+NH4,1560.9904,621.4877872,671.5034872
CL(38:7)(42:2)+NH4,1577.1155,621.4877872,687.6285872
CL(38:7)(42:3)+NH4,1575.0998,621.4877872,685.6128872
CL(38:7)(42:4)+NH4,1573.0842,621.4877872,683.5972872
CL(38:7)(42:5)+NH4,1571.0685,621.4877872,681.5815872
CL(38:7)(42:6)+NH4,1569.0529,621.4877872,679.5659872
CL(38:7)(42:7)+NH4,1567.0373,621.4877872,677.5503872
CL(38:7)(42:8)+NH4,1565.0216,621.4877872,675.5346872
CL(38:7)(42:9)+NH4,1563.006,621.4877872,673.5190872
CL(38:7)(44:0)+NH4,1609.178,621.4877872,719.6910872
CL(38:7)(44:10)+NH4,1589.0216,621.4877872,699.5346872
CL(38:7)(44:11)+NH4,1587.006,621.4877872,697.5190872
CL(38:7)(44:12)+NH4,1584.9904,621.4877872,695.5034872
CL(38:7)(44:5)+NH4,1599.0998,621.4877872,709.6128872
CL(38:7)(44:6)+NH4,1597.0842,621.4877872,707.5972872
CL(38:7)(46:12)+NH4,1613.0205,621.4877872,723.5335872
CL(38:7)(48:12)+NH4,1641.0518,621.4877872,751.5648872
CL(40:0)(40:0)+NH4,1595.2563,663.6285872,663.6285872
CL(40:0)(40:1)+NH4,1593.2406,663.6285872,661.6128872
CL(40:0)(40:2)+NH4,1591.225,663.6285872,659.5972872
CL(40:0)(40:3)+NH4,1589.2093,663.6285872,657.5815872
CL(40:0)(40:4)+NH4,1587.1937,663.6285872,655.5659872
CL(40:0)(40:5)+NH4,1585.1781,663.6285872,653.5503872
CL(40:0)(40:6)+NH4,1583.1624,663.6285872,651.5346872
CL(40:0)(40:7)+NH4,1581.1468,663.6285872,649.5190872
CL(40:0)(40:8)+NH4,1579.1312,663.6285872,647.5034872
CL(40:0)(40:9)+NH4,1577.1155,663.6285872,645.4877872
CL(40:0)(42:0)+NH4,1623.2876,663.6285872,691.6598872
CL(40:0)(42:1)+NH4,1621.2719,663.6285872,689.6441872
CL(40:0)(42:10)+NH4,1603.1312,663.6285872,671.5034872
CL(40:0)(42:2)+NH4,1619.2563,663.6285872,687.6285872
CL(40:0)(42:3)+NH4,1617.2406,663.6285872,685.6128872
CL(40:0)(42:4)+NH4,1615.225,663.6285872,683.5972872
CL(40:0)(42:5)+NH4,1613.2093,663.6285872,681.5815872
CL(40:0)(42:6)+NH4,1611.1937,663.6285872,679.5659872
CL(40:0)(42:7)+NH4,1609.1781,663.6285872,677.5503872
CL(40:0)(42:8)+NH4,1607.1624,663.6285872,675.5346872
CL(40:0)(42:9)+NH4,1605.1468,663.6285872,673.5190872
CL(40:0)(44:0)+NH4,1651.3188,663.6285872,719.6910872
CL(40:0)(44:10)+NH4,1631.1624,663.6285872,699.5346872
CL(40:0)(44:11)+NH4,1629.1468,663.6285872,697.5190872
CL(40:0)(44:12)+NH4,1627.1312,663.6285872,695.5034872
CL(40:0)(44:5)+NH4,1641.2406,663.6285872,709.6128872
CL(40:0)(44:6)+NH4,1639.225,663.6285872,707.5972872
CL(40:0)(46:12)+NH4,1655.1613,663.6285872,723.5335872
CL(40:0)(48:12)+NH4,1683.1926,663.6285872,751.5648872
CL(40:1)(40:1)+NH4,1591.2249,661.6128872,661.6128872
CL(40:1)(40:2)+NH4,1589.2093,661.6128872,659.5972872
CL(40:1)(40:3)+NH4,1587.1936,661.6128872,657.5815872
CL(40:1)(40:4)+NH4,1585.178,661.6128872,655.5659872
CL(40:1)(40:5)+NH4,1583.1624,661.6128872,653.5503872
CL(40:1)(40:6)+NH4,1581.1467,661.6128872,651.5346872
CL(40:1)(40:7)+NH4,1579.1311,661.6128872,649.5190872
CL(40:1)(40:8)+NH4,1577.1155,661.6128872,647.5034872
CL(40:1)(40:9)+NH4,1575.0998,661.6128872,645.4877872
CL(40:1)(42:0)+NH4,1621.2719,661.6128872,691.6598872
CL(40:1)(42:1)+NH4,1619.2562,661.6128872,689.6441872
CL(40:1)(42:10)+NH4,1601.1155,661.6128872,671.5034872
CL(40:1)(42:2)+NH4,1617.2406,661.6128872,687.6285872
CL(40:1)(42:3)+NH4,1615.2249,661.6128872,685.6128872
CL(40:1)(42:4)+NH4,1613.2093,661.6128872,683.5972872
CL(40:1)(42:5)+NH4,1611.1936,661.6128872,681.5815872
CL(40:1)(42:6)+NH4,1609.178,661.6128872,679.5659872
CL(40:1)(42:7)+NH4,1607.1624,661.6128872,677.5503872
CL(40:1)(42:8)+NH4,1605.1467,661.6128872,675.5346872
CL(40:1)(42:9)+NH4,1603.1311,661.6128872,673.5190872
CL(40:1)(44:0)+NH4,1649.3031,661.6128872,719.6910872
CL(40:1)(44:10)+NH4,1629.1467,661.6128872,699.5346872
CL(40:1)(44:11)+NH4,1627.1311,661.6128872,697.5190872
CL(40:1)(44:12)+NH4,1625.1155,661.6128872,695.5034872
CL(40:1)(44:5)+NH4,1639.2249,661.6128872,709.6128872
CL(40:1)(44:6)+NH4,1637.2093,661.6128872,707.5972872
CL(40:1)(46:12)+NH4,1653.1456,661.6128872,723.5335872
CL(40:1)(48:12)+NH4,1681.1769,661.6128872,751.5648872
CL(40:2)(40:2)+NH4,1587.1937,659.5972872,659.5972872
CL(40:2)(40:3)+NH4,1585.178,659.5972872,657.5815872
CL(40:2)(40:4)+NH4,1583.1624,659.5972872,655.5659872
CL(40:2)(40:5)+NH4,1581.1468,659.5972872,653.5503872
CL(40:2)(40:6)+NH4,1579.1311,659.5972872,651.5346872
CL(40:2)(40:7)+NH4,1577.1155,659.5972872,649.5190872
CL(40:2)(40:8)+NH4,1575.0999,659.5972872,647.5034872
CL(40:2)(40:9)+NH4,1573.0842,659.5972872,645.4877872
CL(40:2)(42:0)+NH4,1619.2563,659.5972872,691.6598872
CL(40:2)(42:1)+NH4,1617.2406,659.5972872,689.6441872
CL(40:2)(42:10)+NH4,1599.0999,659.5972872,671.5034872
CL(40:2)(42:2)+NH4,1615.225,659.5972872,687.6285872
CL(40:2)(42:3)+NH4,1613.2093,659.5972872,685.6128872
CL(40:2)(42:4)+NH4,1611.1937,659.5972872,683.5972872
CL(40:2)(42:5)+NH4,1609.178,659.5972872,681.5815872
CL(40:2)(42:6)+NH4,1607.1624,659.5972872,679.5659872
CL(40:2)(42:7)+NH4,1605.1468,659.5972872,677.5503872
CL(40:2)(42:8)+NH4,1603.1311,659.5972872,675.5346872
CL(40:2)(42:9)+NH4,1601.1155,659.5972872,673.5190872
CL(40:2)(44:0)+NH4,1647.2875,659.5972872,719.6910872
CL(40:2)(44:10)+NH4,1627.1311,659.5972872,699.5346872
CL(40:2)(44:11)+NH4,1625.1155,659.5972872,697.5190872
CL(40:2)(44:12)+NH4,1623.0999,659.5972872,695.5034872
CL(40:2)(44:5)+NH4,1637.2093,659.5972872,709.6128872
CL(40:2)(44:6)+NH4,1635.1937,659.5972872,707.5972872
CL(40:2)(46:12)+NH4,1651.13,659.5972872,723.5335872
CL(40:2)(48:12)+NH4,1679.1613,659.5972872,751.5648872
CL(40:3)(40:3)+NH4,1583.1623,657.5815872,657.5815872
CL(40:3)(40:4)+NH4,1581.1467,657.5815872,655.5659872
CL(40:3)(40:5)+NH4,1579.1311,657.5815872,653.5503872
CL(40:3)(40:6)+NH4,1577.1154,657.5815872,651.5346872
CL(40:3)(40:7)+NH4,1575.0998,657.5815872,649.5190872
CL(40:3)(40:8)+NH4,1573.0842,657.5815872,647.5034872
CL(40:3)(40:9)+NH4,1571.0685,657.5815872,645.4877872
CL(40:3)(42:0)+NH4,1617.2406,657.5815872,691.6598872
CL(40:3)(42:1)+NH4,1615.2249,657.5815872,689.6441872
CL(40:3)(42:10)+NH4,1597.0842,657.5815872,671.5034872
CL(40:3)(42:2)+NH4,1613.2093,657.5815872,687.6285872
CL(40:3)(42:3)+NH4,1611.1936,657.5815872,685.6128872
CL(40:3)(42:4)+NH4,1609.178,657.5815872,683.5972872
CL(40:3)(42:5)+NH4,1607.1623,657.5815872,681.5815872
CL(40:3)(42:6)+NH4,1605.1467,657.5815872,679.5659872
CL(40:3)(42:7)+NH4,1603.1311,657.5815872,677.5503872
CL(40:3)(42:8)+NH4,1601.1154,657.5815872,675.5346872
CL(40:3)(42:9)+NH4,1599.0998,657.5815872,673.5190872
CL(40:3)(44:0)+NH4,1645.2718,657.5815872,719.6910872
CL(40:3)(44:10)+NH4,1625.1154,657.5815872,699.5346872
CL(40:3)(44:11)+NH4,1623.0998,657.5815872,697.5190872
CL(40:3)(44:12)+NH4,1621.0842,657.5815872,695.5034872
CL(40:3)(44:5)+NH4,1635.1936,657.5815872,709.6128872
CL(40:3)(44:6)+NH4,1633.178,657.5815872,707.5972872
CL(40:3)(46:12)+NH4,1649.1143,657.5815872,723.5335872
CL(40:3)(48:12)+NH4,1677.1456,657.5815872,751.5648872
CL(40:4)(40:4)+NH4,1579.1311,655.5659872,655.5659872
CL(40:4)(40:5)+NH4,1577.1155,655.5659872,653.5503872
CL(40:4)(40:6)+NH4,1575.0998,655.5659872,651.5346872
CL(40:4)(40:7)+NH4,1573.0842,655.5659872,649.5190872
CL(40:4)(40:8)+NH4,1571.0686,655.5659872,647.5034872
CL(40:4)(40:9)+NH4,1569.0529,655.5659872,645.4877872
CL(40:4)(42:0)+NH4,1615.225,655.5659872,691.6598872
CL(40:4)(42:1)+NH4,1613.2093,655.5659872,689.6441872
CL(40:4)(42:10)+NH4,1595.0686,655.5659872,671.5034872
CL(40:4)(42:2)+NH4,1611.1937,655.5659872,687.6285872
CL(40:4)(42:3)+NH4,1609.178,655.5659872,685.6128872
CL(40:4)(42:4)+NH4,1607.1624,655.5659872,683.5972872
CL(40:4)(42:5)+NH4,1605.1467,655.5659872,681.5815872
CL(40:4)(42:6)+NH4,1603.1311,655.5659872,679.5659872
CL(40:4)(42:7)+NH4,1601.1155,655.5659872,677.5503872
CL(40:4)(42:8)+NH4,1599.0998,655.5659872,675.5346872
CL(40:4)(42:9)+NH4,1597.0842,655.5659872,673.5190872
CL(40:4)(44:0)+NH4,1643.2562,655.5659872,719.6910872
CL(40:4)(44:10)+NH4,1623.0998,655.5659872,699.5346872
CL(40:4)(44:11)+NH4,1621.0842,655.5659872,697.5190872
CL(40:4)(44:12)+NH4,1619.0686,655.5659872,695.5034872
CL(40:4)(44:5)+NH4,1633.178,655.5659872,709.6128872
CL(40:4)(44:6)+NH4,1631.1624,655.5659872,707.5972872
CL(40:4)(46:12)+NH4,1647.0987,655.5659872,723.5335872
CL(40:4)(48:12)+NH4,1675.13,655.5659872,751.5648872
CL(40:5)(40:5)+NH4,1575.0999,653.5503872,653.5503872
CL(40:5)(40:6)+NH4,1573.0842,653.5503872,651.5346872
CL(40:5)(40:7)+NH4,1571.0686,653.5503872,649.5190872
CL(40:5)(40:8)+NH4,1569.053,653.5503872,647.5034872
CL(40:5)(40:9)+NH4,1567.0373,653.5503872,645.4877872
CL(40:5)(42:0)+NH4,1613.2094,653.5503872,691.6598872
CL(40:5)(42:1)+NH4,1611.1937,653.5503872,689.6441872
CL(40:5)(42:10)+NH4,1593.053,653.5503872,671.5034872
CL(40:5)(42:2)+NH4,1609.1781,653.5503872,687.6285872
CL(40:5)(42:3)+NH4,1607.1624,653.5503872,685.6128872
CL(40:5)(42:4)+NH4,1605.1468,653.5503872,683.5972872
CL(40:5)(42:5)+NH4,1603.1311,653.5503872,681.5815872
CL(40:5)(42:6)+NH4,1601.1155,653.5503872,679.5659872
CL(40:5)(42:7)+NH4,1599.0999,653.5503872,677.5503872
CL(40:5)(42:8)+NH4,1597.0842,653.5503872,675.5346872
CL(40:5)(42:9)+NH4,1595.0686,653.5503872,673.5190872
CL(40:5)(44:0)+NH4,1641.2406,653.5503872,719.6910872
CL(40:5)(44:10)+NH4,1621.0842,653.5503872,699.5346872
CL(40:5)(44:11)+NH4,1619.0686,653.5503872,697.5190872
CL(40:5)(44:12)+NH4,1617.053,653.5503872,695.5034872
CL(40:5)(44:5)+NH4,1631.1624,653.5503872,709.6128872
CL(40:5)(44:6)+NH4,1629.1468,653.5503872,707.5972872
CL(40:5)(46:12)+NH4,1645.0831,653.5503872,723.5335872
CL(40:5)(48:12)+NH4,1673.1144,653.5503872,751.5648872
CL(40:6)(40:6)+NH4,1571.0685,651.5346872,651.5346872
CL(40:6)(40:7)+NH4,1569.0529,651.5346872,649.5190872
CL(40:6)(40:8)+NH4,1567.0373,651.5346872,647.5034872
CL(40:6)(40:9)+NH4,1565.0216,651.5346872,645.4877872
CL(40:6)(42:0)+NH4,1611.1937,651.5346872,691.6598872
CL(40:6)(42:1)+NH4,1609.178,651.5346872,689.6441872
CL(40:6)(42:10)+NH4,1591.0373,651.5346872,671.5034872
CL(40:6)(42:2)+NH4,1607.1624,651.5346872,687.6285872
CL(40:6)(42:3)+NH4,1605.1467,651.5346872,685.6128872
CL(40:6)(42:4)+NH4,1603.1311,651.5346872,683.5972872
CL(40:6)(42:5)+NH4,1601.1154,651.5346872,681.5815872
CL(40:6)(42:6)+NH4,1599.0998,651.5346872,679.5659872
CL(40:6)(42:7)+NH4,1597.0842,651.5346872,677.5503872
CL(40:6)(42:8)+NH4,1595.0685,651.5346872,675.5346872
CL(40:6)(42:9)+NH4,1593.0529,651.5346872,673.5190872
CL(40:6)(44:0)+NH4,1639.2249,651.5346872,719.6910872
CL(40:6)(44:10)+NH4,1619.0685,651.5346872,699.5346872
CL(40:6)(44:11)+NH4,1617.0529,651.5346872,697.5190872
CL(40:6)(44:12)+NH4,1615.0373,651.5346872,695.5034872
CL(40:6)(44:5)+NH4,1629.1467,651.5346872,709.6128872
CL(40:6)(44:6)+NH4,1627.1311,651.5346872,707.5972872
CL(40:6)(46:12)+NH4,1643.0674,651.5346872,723.5335872
CL(40:6)(48:12)+NH4,1671.0987,651.5346872,751.5648872
CL(40:7)(40:7)+NH4,1567.0373,649.5190872,649.5190872
CL(40:7)(40:8)+NH4,1565.0217,649.5190872,647.5034872
CL(40:7)(40:9)+NH4,1563.006,649.5190872,645.4877872
CL(40:7)(42:0)+NH4,1609.1781,649.5190872,691.6598872
CL(40:7)(42:1)+NH4,1607.1624,649.5190872,689.6441872
CL(40:7)(42:10)+NH4,1589.0217,649.5190872,671.5034872
CL(40:7)(42:2)+NH4,1605.1468,649.5190872,687.6285872
CL(40:7)(42:3)+NH4,1603.1311,649.5190872,685.6128872
CL(40:7)(42:4)+NH4,1601.1155,649.5190872,683.5972872
CL(40:7)(42:5)+NH4,1599.0998,649.5190872,681.5815872
CL(40:7)(42:6)+NH4,1597.0842,649.5190872,679.5659872
CL(40:7)(42:7)+NH4,1595.0686,649.5190872,677.5503872
CL(40:7)(42:8)+NH4,1593.0529,649.5190872,675.5346872
CL(40:7)(42:9)+NH4,1591.0373,649.5190872,673.5190872
CL(40:7)(44:0)+NH4,1637.2093,649.5190872,719.6910872
CL(40:7)(44:10)+NH4,1617.0529,649.5190872,699.5346872
CL(40:7)(44:11)+NH4,1615.0373,649.5190872,697.5190872
CL(40:7)(44:12)+NH4,1613.0217,649.5190872,695.5034872
CL(40:7)(44:5)+NH4,1627.1311,649.5190872,709.6128872
CL(40:7)(44:6)+NH4,1625.1155,649.5190872,707.5972872
CL(40:7)(46:12)+NH4,1641.0518,649.5190872,723.5335872
CL(40:7)(48:12)+NH4,1669.0831,649.5190872,751.5648872
CL(40:8)(40:8)+NH4,1563.0061,647.5034872,647.5034872
CL(40:8)(40:9)+NH4,1560.9904,647.5034872,645.4877872
CL(40:8)(42:0)+NH4,1607.1625,647.5034872,691.6598872
CL(40:8)(42:1)+NH4,1605.1468,647.5034872,689.6441872
CL(40:8)(42:10)+NH4,1587.0061,647.5034872,671.5034872
CL(40:8)(42:2)+NH4,1603.1312,647.5034872,687.6285872
CL(40:8)(42:3)+NH4,1601.1155,647.5034872,685.6128872
CL(40:8)(42:4)+NH4,1599.0999,647.5034872,683.5972872
CL(40:8)(42:5)+NH4,1597.0842,647.5034872,681.5815872
CL(40:8)(42:6)+NH4,1595.0686,647.5034872,679.5659872
CL(40:8)(42:7)+NH4,1593.053,647.5034872,677.5503872
CL(40:8)(42:8)+NH4,1591.0373,647.5034872,675.5346872
CL(40:8)(42:9)+NH4,1589.0217,647.5034872,673.5190872
CL(40:8)(44:0)+NH4,1635.1937,647.5034872,719.6910872
CL(40:8)(44:10)+NH4,1615.0373,647.5034872,699.5346872
CL(40:8)(44:11)+NH4,1613.0217,647.5034872,697.5190872
CL(40:8)(44:12)+NH4,1611.0061,647.5034872,695.5034872
CL(40:8)(44:5)+NH4,1625.1155,647.5034872,709.6128872
CL(40:8)(44:6)+NH4,1623.0999,647.5034872,707.5972872
CL(40:8)(46:12)+NH4,1639.0362,647.5034872,723.5335872
CL(40:8)(48:12)+NH4,1667.0675,647.5034872,751.5648872
CL(40:9)(40:9)+NH4,1558.9747,645.4877872,645.4877872
CL(40:9)(42:0)+NH4,1605.1468,645.4877872,691.6598872
CL(40:9)(42:1)+NH4,1603.1311,645.4877872,689.6441872
CL(40:9)(42:10)+NH4,1584.9904,645.4877872,671.5034872
CL(40:9)(42:2)+NH4,1601.1155,645.4877872,687.6285872
CL(40:9)(42:3)+NH4,1599.0998,645.4877872,685.6128872
CL(40:9)(42:4)+NH4,1597.0842,645.4877872,683.5972872
CL(40:9)(42:5)+NH4,1595.0685,645.4877872,681.5815872
CL(40:9)(42:6)+NH4,1593.0529,645.4877872,679.5659872
CL(40:9)(42:7)+NH4,1591.0373,645.4877872,677.5503872
CL(40:9)(42:8)+NH4,1589.0216,645.4877872,675.5346872
CL(40:9)(42:9)+NH4,1587.006,645.4877872,673.5190872
CL(40:9)(44:0)+NH4,1633.178,645.4877872,719.6910872
CL(40:9)(44:10)+NH4,1613.0216,645.4877872,699.5346872
CL(40:9)(44:11)+NH4,1611.006,645.4877872,697.5190872
CL(40:9)(44:12)+NH4,1608.9904,645.4877872,695.5034872
CL(40:9)(44:5)+NH4,1623.0998,645.4877872,709.6128872
CL(40:9)(44:6)+NH4,1621.0842,645.4877872,707.5972872
CL(40:9)(46:12)+NH4,1637.0205,645.4877872,723.5335872
CL(40:9)(48:12)+NH4,1665.0518,645.4877872,751.5648872
CL(42:0)(42:0)+NH4,1651.3189,691.6598872,691.6598872
CL(42:0)(42:1)+NH4,1649.3032,691.6598872,689.6441872
CL(42:0)(42:10)+NH4,1631.1625,691.6598872,671.5034872
CL(42:0)(42:2)+NH4,1647.2876,691.6598872,687.6285872
CL(42:0)(42:3)+NH4,1645.2719,691.6598872,685.6128872
CL(42:0)(42:4)+NH4,1643.2563,691.6598872,683.5972872
CL(42:0)(42:5)+NH4,1641.2406,691.6598872,681.5815872
CL(42:0)(42:6)+NH4,1639.225,691.6598872,679.5659872
CL(42:0)(42:7)+NH4,1637.2094,691.6598872,677.5503872
CL(42:0)(42:8)+NH4,1635.1937,691.6598872,675.5346872
CL(42:0)(42:9)+NH4,1633.1781,691.6598872,673.5190872
CL(42:0)(44:0)+NH4,1679.3501,691.6598872,719.6910872
CL(42:0)(44:10)+NH4,1659.1937,691.6598872,699.5346872
CL(42:0)(44:11)+NH4,1657.1781,691.6598872,697.5190872
CL(42:0)(44:12)+NH4,1655.1625,691.6598872,695.5034872
CL(42:0)(44:5)+NH4,1669.2719,691.6598872,709.6128872
CL(42:0)(44:6)+NH4,1667.2563,691.6598872,707.5972872
CL(42:0)(46:12)+NH4,1683.1926,691.6598872,723.5335872
CL(42:0)(48:12)+NH4,1711.2239,691.6598872,751.5648872
CL(42:1)(42:1)+NH4,1647.2875,689.6441872,689.6441872
CL(42:1)(42:10)+NH4,1629.1468,689.6441872,671.5034872
CL(42:1)(42:2)+NH4,1645.2719,689.6441872,687.6285872
CL(42:1)(42:3)+NH4,1643.2562,689.6441872,685.6128872
CL(42:1)(42:4)+NH4,1641.2406,689.6441872,683.5972872
CL(42:1)(42:5)+NH4,1639.2249,689.6441872,681.5815872
CL(42:1)(42:6)+NH4,1637.2093,689.6441872,679.5659872
CL(42:1)(42:7)+NH4,1635.1937,689.6441872,677.5503872
CL(42:1)(42:8)+NH4,1633.178,689.6441872,675.5346872
CL(42:1)(42:9)+NH4,1631.1624,689.6441872,673.5190872
CL(42:1)(44:0)+NH4,1677.3344,689.6441872,719.6910872
CL(42:1)(44:10)+NH4,1657.178,689.6441872,699.5346872
CL(42:1)(44:11)+NH4,1655.1624,689.6441872,697.5190872
CL(42:1)(44:12)+NH4,1653.1468,689.6441872,695.5034872
CL(42:1)(44:5)+NH4,1667.2562,689.6441872,709.6128872
CL(42:1)(44:6)+NH4,1665.2406,689.6441872,707.5972872
CL(42:1)(46:12)+NH4,1681.1769,689.6441872,723.5335872
CL(42:1)(48:12)+NH4,1709.2082,689.6441872,751.5648872
CL(42:10)(42:10)+NH4,1611.0061,671.5034872,671.5034872
CL(42:10)(42:2)+NH4,1627.1312,671.5034872,687.6285872
CL(42:10)(42:3)+NH4,1625.1155,671.5034872,685.6128872
CL(42:10)(42:4)+NH4,1623.0999,671.5034872,683.5972872
CL(42:10)(42:5)+NH4,1621.0842,671.5034872,681.5815872
CL(42:10)(42:6)+NH4,1619.0686,671.5034872,679.5659872
CL(42:10)(42:7)+NH4,1617.053,671.5034872,677.5503872
CL(42:10)(42:8)+NH4,1615.0373,671.5034872,675.5346872
CL(42:10)(42:9)+NH4,1613.0217,671.5034872,673.5190872
CL(42:10)(44:0)+NH4,1659.1937,671.5034872,719.6910872
CL(42:10)(44:10)+NH4,1639.0373,671.5034872,699.5346872
CL(42:10)(44:11)+NH4,1637.0217,671.5034872,697.5190872
CL(42:10)(44:12)+NH4,1635.0061,671.5034872,695.5034872
CL(42:10)(44:5)+NH4,1649.1155,671.5034872,709.6128872
CL(42:10)(44:6)+NH4,1647.0999,671.5034872,707.5972872
CL(42:10)(46:12)+NH4,1663.0362,671.5034872,723.5335872
CL(42:10)(48:12)+NH4,1691.0675,671.5034872,751.5648872
CL(42:2)(42:2)+NH4,1643.2563,687.6285872,687.6285872
CL(42:2)(42:3)+NH4,1641.2406,687.6285872,685.6128872
CL(42:2)(42:4)+NH4,1639.225,687.6285872,683.5972872
CL(42:2)(42:5)+NH4,1637.2093,687.6285872,681.5815872
CL(42:2)(42:6)+NH4,1635.1937,687.6285872,679.5659872
CL(42:2)(42:7)+NH4,1633.1781,687.6285872,677.5503872
CL(42:2)(42:8)+NH4,1631.1624,687.6285872,675.5346872
CL(42:2)(42:9)+NH4,1629.1468,687.6285872,673.5190872
CL(42:2)(44:0)+NH4,1675.3188,687.6285872,719.6910872
CL(42:2)(44:10)+NH4,1655.1624,687.6285872,699.5346872
CL(42:2)(44:11)+NH4,1653.1468,687.6285872,697.5190872
CL(42:2)(44:12)+NH4,1651.1312,687.6285872,695.5034872
CL(42:2)(44:5)+NH4,1665.2406,687.6285872,709.6128872
CL(42:2)(44:6)+NH4,1663.225,687.6285872,707.5972872
CL(42:2)(46:12)+NH4,1679.1613,687.6285872,723.5335872
CL(42:2)(48:12)+NH4,1707.1926,687.6285872,751.5648872
CL(42:3)(42:3)+NH4,1639.2249,685.6128872,685.6128872
CL(42:3)(42:4)+NH4,1637.2093,685.6128872,683.5972872
CL(42:3)(42:5)+NH4,1635.1936,685.6128872,681.5815872
CL(42:3)(42:6)+NH4,1633.178,685.6128872,679.5659872
CL(42:3)(42:7)+NH4,1631.1624,685.6128872,677.5503872
CL(42:3)(42:8)+NH4,1629.1467,685.6128872,675.5346872
CL(42:3)(42:9)+NH4,1627.1311,685.6128872,673.5190872
CL(42:3)(44:0)+NH4,1673.3031,685.6128872,719.6910872
CL(42:3)(44:10)+NH4,1653.1467,685.6128872,699.5346872
CL(42:3)(44:11)+NH4,1651.1311,685.6128872,697.5190872
CL(42:3)(44:12)+NH4,1649.1155,685.6128872,695.5034872
CL(42:3)(44:5)+NH4,1663.2249,685.6128872,709.6128872
CL(42:3)(44:6)+NH4,1661.2093,685.6128872,707.5972872
CL(42:3)(46:12)+NH4,1677.1456,685.6128872,723.5335872
CL(42:3)(48:12)+NH4,1705.1769,685.6128872,751.5648872
CL(42:4)(42:4)+NH4,1635.1937,683.5972872,683.5972872
CL(42:4)(42:5)+NH4,1633.178,683.5972872,681.5815872
CL(42:4)(42:6)+NH4,1631.1624,683.5972872,679.5659872
CL(42:4)(42:7)+NH4,1629.1468,683.5972872,677.5503872
CL(42:4)(42:8)+NH4,1627.1311,683.5972872,675.5346872
CL(42:4)(42:9)+NH4,1625.1155,683.5972872,673.5190872
CL(42:4)(44:0)+NH4,1671.2875,683.5972872,719.6910872
CL(42:4)(44:10)+NH4,1651.1311,683.5972872,699.5346872
CL(42:4)(44:11)+NH4,1649.1155,683.5972872,697.5190872
CL(42:4)(44:12)+NH4,1647.0999,683.5972872,695.5034872
CL(42:4)(44:5)+NH4,1661.2093,683.5972872,709.6128872
CL(42:4)(44:6)+NH4,1659.1937,683.5972872,707.5972872
CL(42:4)(46:12)+NH4,1675.13,683.5972872,723.5335872
CL(42:4)(48:12)+NH4,1703.1613,683.5972872,751.5648872
CL(42:5)(42:5)+NH4,1631.1623,681.5815872,681.5815872
CL(42:5)(42:6)+NH4,1629.1467,681.5815872,679.5659872
CL(42:5)(42:7)+NH4,1627.1311,681.5815872,677.5503872
CL(42:5)(42:8)+NH4,1625.1154,681.5815872,675.5346872
CL(42:5)(42:9)+NH4,1623.0998,681.5815872,673.5190872
CL(42:5)(44:0)+NH4,1669.2718,681.5815872,719.6910872
CL(42:5)(44:10)+NH4,1649.1154,681.5815872,699.5346872
CL(42:5)(44:11)+NH4,1647.0998,681.5815872,697.5190872
CL(42:5)(44:12)+NH4,1645.0842,681.5815872,695.5034872
CL(42:5)(44:5)+NH4,1659.1936,681.5815872,709.6128872
CL(42:5)(44:6)+NH4,1657.178,681.5815872,707.5972872
CL(42:5)(46:12)+NH4,1673.1143,681.5815872,723.5335872
CL(42:5)(48:12)+NH4,1701.1456,681.5815872,751.5648872
CL(42:6)(42:6)+NH4,1627.1311,679.5659872,679.5659872
CL(42:6)(42:7)+NH4,1625.1155,679.5659872,677.5503872
CL(42:6)(42:8)+NH4,1623.0998,679.5659872,675.5346872
CL(42:6)(42:9)+NH4,1621.0842,679.5659872,673.5190872
CL(42:6)(44:0)+NH4,1667.2562,679.5659872,719.6910872
CL(42:6)(44:10)+NH4,1647.0998,679.5659872,699.5346872
CL(42:6)(44:11)+NH4,1645.0842,679.5659872,697.5190872
CL(42:6)(44:12)+NH4,1643.0686,679.5659872,695.5034872
CL(42:6)(44:5)+NH4,1657.178,679.5659872,709.6128872
CL(42:6)(44:6)+NH4,1655.1624,679.5659872,707.5972872
CL(42:6)(46:12)+NH4,1671.0987,679.5659872,723.5335872
CL(42:6)(48:12)+NH4,1699.13,679.5659872,751.5648872
CL(42:7)(42:7)+NH4,1623.0999,677.5503872,677.5503872
CL(42:7)(42:8)+NH4,1621.0842,677.5503872,675.5346872
CL(42:7)(42:9)+NH4,1619.0686,677.5503872,673.5190872
CL(42:7)(44:0)+NH4,1665.2406,677.5503872,719.6910872
CL(42:7)(44:10)+NH4,1645.0842,677.5503872,699.5346872
CL(42:7)(44:11)+NH4,1643.0686,677.5503872,697.5190872
CL(42:7)(44:12)+NH4,1641.053,677.5503872,695.5034872
CL(42:7)(44:5)+NH4,1655.1624,677.5503872,709.6128872
CL(42:7)(44:6)+NH4,1653.1468,677.5503872,707.5972872
CL(42:7)(46:12)+NH4,1669.0831,677.5503872,723.5335872
CL(42:7)(48:12)+NH4,1697.1144,677.5503872,751.5648872
CL(42:8)(42:8)+NH4,1619.0685,675.5346872,675.5346872
CL(42:8)(42:9)+NH4,1617.0529,675.5346872,673.5190872
CL(42:8)(44:0)+NH4,1663.2249,675.5346872,719.6910872
CL(42:8)(44:10)+NH4,1643.0685,675.5346872,699.5346872
CL(42:8)(44:11)+NH4,1641.0529,675.5346872,697.5190872
CL(42:8)(44:12)+NH4,1639.0373,675.5346872,695.5034872
CL(42:8)(44:5)+NH4,1653.1467,675.5346872,709.6128872
CL(42:8)(44:6)+NH4,1651.1311,675.5346872,707.5972872
CL(42:8)(46:12)+NH4,1667.0674,675.5346872,723.5335872
CL(42:8)(48:12)+NH4,1695.0987,675.5346872,751.5648872
CL(42:9)(42:9)+NH4,1615.0373,673.5190872,673.5190872
CL(42:9)(44:0)+NH4,1661.2093,673.5190872,719.6910872
CL(42:9)(44:10)+NH4,1641.0529,673.5190872,699.5346872
CL(42:9)(44:11)+NH4,1639.0373,673.5190872,697.5190872
CL(42:9)(44:12)+NH4,1637.0217,673.5190872,695.5034872
CL(42:9)(44:5)+NH4,1651.1311,673.5190872,709.6128872
CL(42:9)(44:6)+NH4,1649.1155,673.5190872,707.5972872
CL(42:9)(46:12)+NH4,1665.0518,673.5190872,723.5335872
CL(42:9)(48:12)+NH4,1693.0831,673.5190872,751.5648872
CL(44:0)(44:0)+NH4,1707.3813,719.6910872,719.6910872
CL(44:0)(44:10)+NH4,1687.2249,719.6910872,699.5346872
CL(44:0)(44:11)+NH4,1685.2093,719.6910872,697.5190872
CL(44:0)(44:12)+NH4,1683.1937,719.6910872,695.5034872
CL(44:0)(44:5)+NH4,1697.3031,719.6910872,709.6128872
CL(44:0)(44:6)+NH4,1695.2875,719.6910872,707.5972872
CL(44:0)(46:12)+NH4,1711.2238,719.6910872,723.5335872
CL(44:0)(48:12)+NH4,1739.2551,719.6910872,751.5648872
CL(44:10)(44:10)+NH4,1667.0685,699.5346872,699.5346872
CL(44:10)(44:11)+NH4,1665.0529,699.5346872,697.5190872
CL(44:10)(44:12)+NH4,1663.0373,699.5346872,695.5034872
CL(44:10)(44:5)+NH4,1677.1467,699.5346872,709.6128872
CL(44:10)(44:6)+NH4,1675.1311,699.5346872,707.5972872
CL(44:10)(46:12)+NH4,1691.0674,699.5346872,723.5335872
CL(44:10)(48:12)+NH4,1719.0987,699.5346872,751.5648872
CL(44:11)(44:11)+NH4,1663.0373,697.5190872,697.5190872
CL(44:11)(44:12)+NH4,1661.0217,697.5190872,695.5034872
CL(44:11)(44:5)+NH4,1675.1311,697.5190872,709.6128872
CL(44:11)(44:6)+NH4,1673.1155,697.5190872,707.5972872
CL(44:11)(46:12)+NH4,1689.0518,697.5190872,723.5335872
CL(44:11)(48:12)+NH4,1717.0831,697.5190872,751.5648872
CL(44:12)(44:12)+NH4,1659.0061,695.5034872,695.5034872
CL(44:12)(44:5)+NH4,1673.1155,695.5034872,709.6128872
CL(44:12)(44:6)+NH4,1671.0999,695.5034872,707.5972872
CL(44:12)(46:12)+NH4,1687.0362,695.5034872,723.5335872
CL(44:12)(48:12)+NH4,1715.0675,695.5034872,751.5648872
CL(44:5)(44:5)+NH4,1687.2249,709.6128872,709.6128872
CL(44:5)(44:6)+NH4,1685.2093,709.6128872,707.5972872
CL(44:5)(46:12)+NH4,1701.1456,709.6128872,723.5335872
CL(44:5)(48:12)+NH4,1729.1769,709.6128872,751.5648872
CL(44:6)(44:6)+NH4,1683.1937,707.5972872,707.5972872
CL(44:6)(46:12)+NH4,1699.13,707.5972872,723.5335872
CL(44:6)(48:12)+NH4,1727.1613,707.5972872,751.5648872
CL(46:12)(46:12)+NH4,1715.0663,723.5335872,723.5335872
CL(46:12)(48:12)+NH4,1743.0976,723.5335872,751.5648872
CL(48:12)(48:12)+NH4,1771.1289,751.5648872,751.5648872
