HexCer-NDS,[M-H]-,[M-C6H10O5-H]-,[FAA+C2H3-H]-,[Sph-C2H7NO-H]-,[FAA-OH-H]-,[C6H11O6]-
HexCer-NDS(d14:0/12:0)-H,588.4476,426.3947,224.2014,183.1754,181.1836,179.0556
HexCer-NDS(d14:0/12:1)-H,586.4319,424.3791,222.1858,183.1754,179.168,179.0556
HexCer-NDS(d14:0/13:0)-H,602.4632,440.4104,238.2171,183.1754,195.1992,179.0556
HexCer-NDS(d14:0/13:1)-H,600.4476,438.3947,236.2014,183.1754,193.1836,179.0556
HexCer-NDS(d14:0/14:0)-H,616.4788,454.426,252.2328,183.1754,209.2149,179.0556
HexCer-NDS(d14:0/14:1)-H,614.4632,452.4104,250.2171,183.1754,207.1992,179.0556
HexCer-NDS(d14:0/15:0)-H,630.4945,468.4417,266.2484,183.1754,223.2305,179.0556
HexCer-NDS(d14:0/15:1)-H,628.4788,466.426,264.2328,183.1754,221.2149,179.0556
HexCer-NDS(d14:0/16:0)-H,644.5101,482.4573,280.264,183.1754,237.2462,179.0556
HexCer-NDS(d14:0/16:1)-H,642.4945,480.4417,278.2484,183.1754,235.2305,179.0556
HexCer-NDS(d14:0/16:2)-H,640.4788,478.426,276.2328,183.1754,233.2149,179.0556
HexCer-NDS(d14:0/17:0)-H,658.5258,496.473,294.2797,183.1754,251.2619,179.0556
HexCer-NDS(d14:0/18:0)-H,672.5414,510.4886,308.2953,183.1754,265.2775,179.0556
HexCer-NDS(d14:0/18:1)-H,670.5258,508.473,306.2797,183.1754,263.2618,179.0556
HexCer-NDS(d14:0/18:2)-H,668.5101,506.4573,304.264,183.1754,261.2462,179.0556
HexCer-NDS(d14:0/19:0)-H,686.5571,524.5043,322.311,183.1754,279.2932,179.0556
HexCer-NDS(d14:0/19:1)-H,684.5414,522.4886,320.2953,183.1754,277.2775,179.0556
HexCer-NDS(d14:0/20:0)-H,700.5728,538.5199,336.3267,183.1754,293.3088,179.0556
HexCer-NDS(d14:0/20:1)-H,698.5571,536.5043,334.311,183.1754,291.2932,179.0556
HexCer-NDS(d14:0/20:2)-H,696.5414,534.4886,332.2953,183.1754,289.2775,179.0556
HexCer-NDS(d14:0/21:0)-H,714.5884,552.5356,350.3423,183.1754,307.3245,179.0556
HexCer-NDS(d14:0/21:1)-H,712.5728,550.5199,348.3267,183.1754,305.3088,179.0556
HexCer-NDS(d14:0/22:0)-H,728.6041,566.5512,364.3579,183.1754,321.3401,179.0556
HexCer-NDS(d14:0/22:1)-H,726.5884,564.5356,362.3423,183.1754,319.3245,179.0556
HexCer-NDS(d14:0/22:2)-H,724.5728,562.5199,360.3267,183.1754,317.3088,179.0556
HexCer-NDS(d14:0/23:0)-H,742.6197,580.5669,378.3736,183.1754,335.3557,179.0556
HexCer-NDS(d14:0/23:1)-H,740.6041,578.5512,376.3579,183.1754,333.3401,179.0556
HexCer-NDS(d14:0/24:0)-H,756.6354,594.5825,392.3893,183.1754,349.3714,179.0556
HexCer-NDS(d14:0/24:1)-H,754.6197,592.5669,390.3736,183.1754,347.3557,179.0556
HexCer-NDS(d14:0/24:2)-H,752.6041,590.5512,388.3579,183.1754,345.3401,179.0556
HexCer-NDS(d14:0/25:0)-H,770.651,608.5981,406.4049,183.1754,363.3871,179.0556
HexCer-NDS(d14:0/25:1)-H,768.6354,606.5825,404.3893,183.1754,361.3714,179.0556
HexCer-NDS(d14:0/26:0)-H,784.6666,622.6138,420.4206,183.1754,377.4027,179.0556
HexCer-NDS(d14:0/26:1)-H,782.651,620.5981,418.4049,183.1754,375.3871,179.0556
HexCer-NDS(d14:0/26:2)-H,780.6354,618.5825,416.3893,183.1754,373.3714,179.0556
HexCer-NDS(d14:0/27:0)-H,798.6823,636.6295,434.4362,183.1754,391.4183,179.0556
HexCer-NDS(d14:0/27:1)-H,796.6666,634.6138,432.4206,183.1754,389.4027,179.0556
HexCer-NDS(d14:0/28:0)-H,812.6979,650.6451,448.4518,183.1754,405.434,179.0556
HexCer-NDS(d14:0/28:1)-H,810.6823,648.6295,446.4362,183.1754,403.4183,179.0556
HexCer-NDS(d14:0/28:2)-H,808.6666,646.6138,444.4206,183.1754,401.4027,179.0556
HexCer-NDS(d14:0/29:0)-H,826.7136,664.6608,462.4675,183.1754,419.4496,179.0556
HexCer-NDS(d14:0/29:1)-H,824.6979,662.6451,460.4518,183.1754,417.434,179.0556
HexCer-NDS(d14:0/30:0)-H,840.7292,678.6764,476.4832,183.1754,433.4653,179.0556
HexCer-NDS(d14:0/30:1)-H,838.7136,676.6608,474.4675,183.1754,431.4496,179.0556
HexCer-NDS(d14:0/30:2)-H,836.6979,674.6451,472.4518,183.1754,429.434,179.0556
HexCer-NDS(d14:0/31:0)-H,854.7449,692.6921,490.4988,183.1754,447.481,179.0556
HexCer-NDS(d14:0/31:1)-H,852.7292,690.6764,488.4832,183.1754,445.4653,179.0556
HexCer-NDS(d14:0/32:0)-H,868.7606,706.7077,504.5144,183.1754,461.4966,179.0556
HexCer-NDS(d14:0/32:1)-H,866.7449,704.6921,502.4988,183.1754,459.481,179.0556
HexCer-NDS(d14:0/32:2)-H,864.7292,702.6764,500.4832,183.1754,457.4653,179.0556
HexCer-NDS(d14:0/33:0)-H,882.7762,720.7234,518.5301,183.1754,475.5122,179.0556
HexCer-NDS(d14:0/33:1)-H,880.7606,718.7077,516.5145,183.1754,473.4966,179.0556
HexCer-NDS(d14:0/34:0)-H,896.7919,734.739,532.5458,183.1754,489.5279,179.0556
HexCer-NDS(d14:0/34:1)-H,894.7762,732.7234,530.5301,183.1754,487.5122,179.0556
HexCer-NDS(d14:0/34:2)-H,892.7606,730.7077,528.5145,183.1754,485.4966,179.0556
HexCer-NDS(d14:0/35:0)-H,910.8075,748.7547,546.5614,183.1754,503.5435,179.0556
HexCer-NDS(d14:0/35:1)-H,908.7919,746.739,544.5458,183.1754,501.5279,179.0556
HexCer-NDS(d14:0/36:0)-H,924.8231,762.7703,560.577,183.1754,517.5592,179.0556
HexCer-NDS(d14:0/36:1)-H,922.8075,760.7547,558.5614,183.1754,515.5436,179.0556
HexCer-NDS(d14:0/36:2)-H,920.7919,758.739,556.5458,183.1754,513.5279,179.0556
HexCer-NDS(d14:0/38:0)-H,952.8544,790.8016,588.6083,183.1754,545.5905,179.0556
HexCer-NDS(d14:0/38:1)-H,950.8388,788.7859,586.5927,183.1754,543.5748,179.0556
HexCer-NDS(d14:0/38:2)-H,948.8231,786.7703,584.577,183.1754,541.5592,179.0556
HexCer-NDS(d14:0/40:0)-H,980.8857,818.8329,616.6396,183.1754,573.6218,179.0556
HexCer-NDS(d14:0/40:1)-H,978.8701,816.8173,614.624,183.1754,571.6061,179.0556
HexCer-NDS(d14:0/40:2)-H,976.8544,814.8016,612.6083,183.1754,569.5905,179.0556
HexCer-NDS(d14:0/42:0)-H,1008.917,846.8642,644.671,183.1754,601.6531,179.0556
HexCer-NDS(d14:0/42:1)-H,1006.901,844.8486,642.6553,183.1754,599.6375,179.0556
HexCer-NDS(d14:0/42:2)-H,1004.886,842.8329,640.6396,183.1754,597.6218,179.0556
HexCer-NDS(d15:0/12:0)-H,602.4632,440.4104,224.2014,197.1911,181.1836,179.0556
HexCer-NDS(d15:0/12:1)-H,600.4476,438.3947,222.1858,197.1911,179.168,179.0556
HexCer-NDS(d15:0/13:0)-H,616.4788,454.426,238.2171,197.1911,195.1992,179.0556
HexCer-NDS(d15:0/13:1)-H,614.4632,452.4104,236.2014,197.1911,193.1836,179.0556
HexCer-NDS(d15:0/14:0)-H,630.4945,468.4417,252.2328,197.1911,209.2149,179.0556
HexCer-NDS(d15:0/14:1)-H,628.4788,466.426,250.2171,197.1911,207.1992,179.0556
HexCer-NDS(d15:0/15:0)-H,644.5101,482.4573,266.2484,197.1911,223.2305,179.0556
HexCer-NDS(d15:0/15:1)-H,642.4945,480.4417,264.2328,197.1911,221.2149,179.0556
HexCer-NDS(d15:0/16:0)-H,658.5258,496.473,280.264,197.1911,237.2462,179.0556
HexCer-NDS(d15:0/16:1)-H,656.5101,494.4573,278.2484,197.1911,235.2305,179.0556
HexCer-NDS(d15:0/16:2)-H,654.4945,492.4417,276.2328,197.1911,233.2149,179.0556
HexCer-NDS(d15:0/17:0)-H,672.5414,510.4886,294.2797,197.1911,251.2619,179.0556
HexCer-NDS(d15:0/18:0)-H,686.5571,524.5043,308.2953,197.1911,265.2775,179.0556
HexCer-NDS(d15:0/18:1)-H,684.5414,522.4886,306.2797,197.1911,263.2618,179.0556
HexCer-NDS(d15:0/18:2)-H,682.5258,520.473,304.264,197.1911,261.2462,179.0556
HexCer-NDS(d15:0/19:0)-H,700.5728,538.5199,322.311,197.1911,279.2932,179.0556
HexCer-NDS(d15:0/19:1)-H,698.5571,536.5043,320.2953,197.1911,277.2775,179.0556
HexCer-NDS(d15:0/20:0)-H,714.5884,552.5356,336.3267,197.1911,293.3088,179.0556
HexCer-NDS(d15:0/20:1)-H,712.5728,550.5199,334.311,197.1911,291.2932,179.0556
HexCer-NDS(d15:0/20:2)-H,710.5571,548.5043,332.2953,197.1911,289.2775,179.0556
HexCer-NDS(d15:0/21:0)-H,728.6041,566.5512,350.3423,197.1911,307.3245,179.0556
HexCer-NDS(d15:0/21:1)-H,726.5884,564.5356,348.3267,197.1911,305.3088,179.0556
HexCer-NDS(d15:0/22:0)-H,742.6197,580.5669,364.3579,197.1911,321.3401,179.0556
HexCer-NDS(d15:0/22:1)-H,740.6041,578.5512,362.3423,197.1911,319.3245,179.0556
HexCer-NDS(d15:0/22:2)-H,738.5884,576.5356,360.3267,197.1911,317.3088,179.0556
HexCer-NDS(d15:0/23:0)-H,756.6354,594.5825,378.3736,197.1911,335.3557,179.0556
HexCer-NDS(d15:0/23:1)-H,754.6197,592.5669,376.3579,197.1911,333.3401,179.0556
HexCer-NDS(d15:0/24:0)-H,770.651,608.5981,392.3893,197.1911,349.3714,179.0556
HexCer-NDS(d15:0/24:1)-H,768.6354,606.5825,390.3736,197.1911,347.3557,179.0556
HexCer-NDS(d15:0/24:2)-H,766.6197,604.5669,388.3579,197.1911,345.3401,179.0556
HexCer-NDS(d15:0/25:0)-H,784.6666,622.6138,406.4049,197.1911,363.3871,179.0556
HexCer-NDS(d15:0/25:1)-H,782.651,620.5981,404.3893,197.1911,361.3714,179.0556
HexCer-NDS(d15:0/26:0)-H,798.6823,636.6295,420.4206,197.1911,377.4027,179.0556
HexCer-NDS(d15:0/26:1)-H,796.6666,634.6138,418.4049,197.1911,375.3871,179.0556
HexCer-NDS(d15:0/26:2)-H,794.651,632.5981,416.3893,197.1911,373.3714,179.0556
HexCer-NDS(d15:0/27:0)-H,812.6979,650.6451,434.4362,197.1911,391.4183,179.0556
HexCer-NDS(d15:0/27:1)-H,810.6823,648.6295,432.4206,197.1911,389.4027,179.0556
HexCer-NDS(d15:0/28:0)-H,826.7136,664.6608,448.4518,197.1911,405.434,179.0556
HexCer-NDS(d15:0/28:1)-H,824.6979,662.6451,446.4362,197.1911,403.4183,179.0556
HexCer-NDS(d15:0/28:2)-H,822.6823,660.6295,444.4206,197.1911,401.4027,179.0556
HexCer-NDS(d15:0/29:0)-H,840.7292,678.6764,462.4675,197.1911,419.4496,179.0556
HexCer-NDS(d15:0/29:1)-H,838.7136,676.6608,460.4518,197.1911,417.434,179.0556
HexCer-NDS(d15:0/30:0)-H,854.7449,692.6921,476.4832,197.1911,433.4653,179.0556
HexCer-NDS(d15:0/30:1)-H,852.7292,690.6764,474.4675,197.1911,431.4496,179.0556
HexCer-NDS(d15:0/30:2)-H,850.7136,688.6608,472.4518,197.1911,429.434,179.0556
HexCer-NDS(d15:0/31:0)-H,868.7606,706.7077,490.4988,197.1911,447.481,179.0556
HexCer-NDS(d15:0/31:1)-H,866.7449,704.6921,488.4832,197.1911,445.4653,179.0556
HexCer-NDS(d15:0/32:0)-H,882.7762,720.7234,504.5144,197.1911,461.4966,179.0556
HexCer-NDS(d15:0/32:1)-H,880.7606,718.7077,502.4988,197.1911,459.481,179.0556
HexCer-NDS(d15:0/32:2)-H,878.7449,716.6921,500.4832,197.1911,457.4653,179.0556
HexCer-NDS(d15:0/33:0)-H,896.7919,734.739,518.5301,197.1911,475.5122,179.0556
HexCer-NDS(d15:0/33:1)-H,894.7762,732.7234,516.5145,197.1911,473.4966,179.0556
HexCer-NDS(d15:0/34:0)-H,910.8075,748.7547,532.5458,197.1911,489.5279,179.0556
HexCer-NDS(d15:0/34:1)-H,908.7919,746.739,530.5301,197.1911,487.5122,179.0556
HexCer-NDS(d15:0/34:2)-H,906.7762,744.7234,528.5145,197.1911,485.4966,179.0556
HexCer-NDS(d15:0/35:0)-H,924.8231,762.7703,546.5614,197.1911,503.5435,179.0556
HexCer-NDS(d15:0/35:1)-H,922.8075,760.7547,544.5458,197.1911,501.5279,179.0556
HexCer-NDS(d15:0/36:0)-H,938.8388,776.7859,560.577,197.1911,517.5592,179.0556
HexCer-NDS(d15:0/36:1)-H,936.8231,774.7703,558.5614,197.1911,515.5436,179.0556
HexCer-NDS(d15:0/36:2)-H,934.8075,772.7547,556.5458,197.1911,513.5279,179.0556
HexCer-NDS(d15:0/38:0)-H,966.8701,804.8173,588.6083,197.1911,545.5905,179.0556
HexCer-NDS(d15:0/38:1)-H,964.8544,802.8016,586.5927,197.1911,543.5748,179.0556
HexCer-NDS(d15:0/38:2)-H,962.8388,800.7859,584.577,197.1911,541.5592,179.0556
HexCer-NDS(d15:0/40:0)-H,994.9014,832.8486,616.6396,197.1911,573.6218,179.0556
HexCer-NDS(d15:0/40:1)-H,992.8857,830.8329,614.624,197.1911,571.6061,179.0556
HexCer-NDS(d15:0/40:2)-H,990.8701,828.8173,612.6083,197.1911,569.5905,179.0556
HexCer-NDS(d15:0/42:0)-H,1022.933,860.8799,644.671,197.1911,601.6531,179.0556
HexCer-NDS(d15:0/42:1)-H,1020.917,858.8642,642.6553,197.1911,599.6375,179.0556
HexCer-NDS(d15:0/42:2)-H,1018.901,856.8486,640.6396,197.1911,597.6218,179.0556
HexCer-NDS(d16:0/12:0)-H,616.4788,454.426,224.2014,211.2067,181.1836,179.0556
HexCer-NDS(d16:0/12:1)-H,614.4632,452.4104,222.1858,211.2067,179.168,179.0556
HexCer-NDS(d16:0/13:0)-H,630.4945,468.4417,238.2171,211.2067,195.1992,179.0556
HexCer-NDS(d16:0/13:1)-H,628.4788,466.426,236.2014,211.2067,193.1836,179.0556
HexCer-NDS(d16:0/14:0)-H,644.5101,482.4573,252.2328,211.2067,209.2149,179.0556
HexCer-NDS(d16:0/14:1)-H,642.4945,480.4417,250.2171,211.2067,207.1992,179.0556
HexCer-NDS(d16:0/15:0)-H,658.5258,496.473,266.2484,211.2067,223.2305,179.0556
HexCer-NDS(d16:0/15:1)-H,656.5101,494.4573,264.2328,211.2067,221.2149,179.0556
HexCer-NDS(d16:0/16:0)-H,672.5414,510.4886,280.264,211.2067,237.2462,179.0556
HexCer-NDS(d16:0/16:1)-H,670.5258,508.473,278.2484,211.2067,235.2305,179.0556
HexCer-NDS(d16:0/16:2)-H,668.5101,506.4573,276.2328,211.2067,233.2149,179.0556
HexCer-NDS(d16:0/17:0)-H,686.5571,524.5043,294.2797,211.2067,251.2619,179.0556
HexCer-NDS(d16:0/18:0)-H,700.5728,538.5199,308.2953,211.2067,265.2775,179.0556
HexCer-NDS(d16:0/18:1)-H,698.5571,536.5043,306.2797,211.2067,263.2618,179.0556
HexCer-NDS(d16:0/18:2)-H,696.5414,534.4886,304.264,211.2067,261.2462,179.0556
HexCer-NDS(d16:0/19:0)-H,714.5884,552.5356,322.311,211.2067,279.2932,179.0556
HexCer-NDS(d16:0/19:1)-H,712.5728,550.5199,320.2953,211.2067,277.2775,179.0556
HexCer-NDS(d16:0/20:0)-H,728.6041,566.5512,336.3267,211.2067,293.3088,179.0556
HexCer-NDS(d16:0/20:1)-H,726.5884,564.5356,334.311,211.2067,291.2932,179.0556
HexCer-NDS(d16:0/20:2)-H,724.5728,562.5199,332.2953,211.2067,289.2775,179.0556
HexCer-NDS(d16:0/21:0)-H,742.6197,580.5669,350.3423,211.2067,307.3245,179.0556
HexCer-NDS(d16:0/21:1)-H,740.6041,578.5512,348.3267,211.2067,305.3088,179.0556
HexCer-NDS(d16:0/22:0)-H,756.6354,594.5825,364.3579,211.2067,321.3401,179.0556
HexCer-NDS(d16:0/22:1)-H,754.6197,592.5669,362.3423,211.2067,319.3245,179.0556
HexCer-NDS(d16:0/22:2)-H,752.6041,590.5512,360.3267,211.2067,317.3088,179.0556
HexCer-NDS(d16:0/23:0)-H,770.651,608.5981,378.3736,211.2067,335.3557,179.0556
HexCer-NDS(d16:0/23:1)-H,768.6354,606.5825,376.3579,211.2067,333.3401,179.0556
HexCer-NDS(d16:0/24:0)-H,784.6666,622.6138,392.3893,211.2067,349.3714,179.0556
HexCer-NDS(d16:0/24:1)-H,782.651,620.5981,390.3736,211.2067,347.3557,179.0556
HexCer-NDS(d16:0/24:2)-H,780.6354,618.5825,388.3579,211.2067,345.3401,179.0556
HexCer-NDS(d16:0/25:0)-H,798.6823,636.6295,406.4049,211.2067,363.3871,179.0556
HexCer-NDS(d16:0/25:1)-H,796.6666,634.6138,404.3893,211.2067,361.3714,179.0556
HexCer-NDS(d16:0/26:0)-H,812.6979,650.6451,420.4206,211.2067,377.4027,179.0556
HexCer-NDS(d16:0/26:1)-H,810.6823,648.6295,418.4049,211.2067,375.3871,179.0556
HexCer-NDS(d16:0/26:2)-H,808.6666,646.6138,416.3893,211.2067,373.3714,179.0556
HexCer-NDS(d16:0/27:0)-H,826.7136,664.6608,434.4362,211.2067,391.4183,179.0556
HexCer-NDS(d16:0/27:1)-H,824.6979,662.6451,432.4206,211.2067,389.4027,179.0556
HexCer-NDS(d16:0/28:0)-H,840.7292,678.6764,448.4518,211.2067,405.434,179.0556
HexCer-NDS(d16:0/28:1)-H,838.7136,676.6608,446.4362,211.2067,403.4183,179.0556
HexCer-NDS(d16:0/28:2)-H,836.6979,674.6451,444.4206,211.2067,401.4027,179.0556
HexCer-NDS(d16:0/29:0)-H,854.7449,692.6921,462.4675,211.2067,419.4496,179.0556
HexCer-NDS(d16:0/29:1)-H,852.7292,690.6764,460.4518,211.2067,417.434,179.0556
HexCer-NDS(d16:0/30:0)-H,868.7606,706.7077,476.4832,211.2067,433.4653,179.0556
HexCer-NDS(d16:0/30:1)-H,866.7449,704.6921,474.4675,211.2067,431.4496,179.0556
HexCer-NDS(d16:0/30:2)-H,864.7292,702.6764,472.4518,211.2067,429.434,179.0556
HexCer-NDS(d16:0/31:0)-H,882.7762,720.7234,490.4988,211.2067,447.481,179.0556
HexCer-NDS(d16:0/31:1)-H,880.7606,718.7077,488.4832,211.2067,445.4653,179.0556
HexCer-NDS(d16:0/32:0)-H,896.7919,734.739,504.5144,211.2067,461.4966,179.0556
HexCer-NDS(d16:0/32:1)-H,894.7762,732.7234,502.4988,211.2067,459.481,179.0556
HexCer-NDS(d16:0/32:2)-H,892.7606,730.7077,500.4832,211.2067,457.4653,179.0556
HexCer-NDS(d16:0/33:0)-H,910.8075,748.7547,518.5301,211.2067,475.5122,179.0556
HexCer-NDS(d16:0/33:1)-H,908.7919,746.739,516.5145,211.2067,473.4966,179.0556
HexCer-NDS(d16:0/34:0)-H,924.8231,762.7703,532.5458,211.2067,489.5279,179.0556
HexCer-NDS(d16:0/34:1)-H,922.8075,760.7547,530.5301,211.2067,487.5122,179.0556
HexCer-NDS(d16:0/34:2)-H,920.7919,758.739,528.5145,211.2067,485.4966,179.0556
HexCer-NDS(d16:0/35:0)-H,938.8388,776.7859,546.5614,211.2067,503.5435,179.0556
HexCer-NDS(d16:0/35:1)-H,936.8231,774.7703,544.5458,211.2067,501.5279,179.0556
HexCer-NDS(d16:0/36:0)-H,952.8544,790.8016,560.577,211.2067,517.5592,179.0556
HexCer-NDS(d16:0/36:1)-H,950.8388,788.7859,558.5614,211.2067,515.5436,179.0556
HexCer-NDS(d16:0/36:2)-H,948.8231,786.7703,556.5458,211.2067,513.5279,179.0556
HexCer-NDS(d16:0/38:0)-H,980.8857,818.8329,588.6083,211.2067,545.5905,179.0556
HexCer-NDS(d16:0/38:1)-H,978.8701,816.8173,586.5927,211.2067,543.5748,179.0556
HexCer-NDS(d16:0/38:2)-H,976.8544,814.8016,584.577,211.2067,541.5592,179.0556
HexCer-NDS(d16:0/40:0)-H,1008.917,846.8642,616.6396,211.2067,573.6218,179.0556
HexCer-NDS(d16:0/40:1)-H,1006.901,844.8486,614.624,211.2067,571.6061,179.0556
HexCer-NDS(d16:0/40:2)-H,1004.886,842.8329,612.6083,211.2067,569.5905,179.0556
HexCer-NDS(d16:0/42:0)-H,1036.948,874.8955,644.671,211.2067,601.6531,179.0556
HexCer-NDS(d16:0/42:1)-H,1034.933,872.8799,642.6553,211.2067,599.6375,179.0556
HexCer-NDS(d16:0/42:2)-H,1032.917,870.8642,640.6396,211.2067,597.6218,179.0556
HexCer-NDS(d17:0/12:0)-H,630.4945,468.4417,224.2014,225.2224,181.1836,179.0556
HexCer-NDS(d17:0/12:1)-H,628.4788,466.426,222.1858,225.2224,179.168,179.0556
HexCer-NDS(d17:0/13:0)-H,644.5101,482.4573,238.2171,225.2224,195.1992,179.0556
HexCer-NDS(d17:0/13:1)-H,642.4945,480.4417,236.2014,225.2224,193.1836,179.0556
HexCer-NDS(d17:0/14:0)-H,658.5258,496.473,252.2328,225.2224,209.2149,179.0556
HexCer-NDS(d17:0/14:1)-H,656.5101,494.4573,250.2171,225.2224,207.1992,179.0556
HexCer-NDS(d17:0/15:0)-H,672.5414,510.4886,266.2484,225.2224,223.2305,179.0556
HexCer-NDS(d17:0/15:1)-H,670.5258,508.473,264.2328,225.2224,221.2149,179.0556
HexCer-NDS(d17:0/16:0)-H,686.5571,524.5043,280.264,225.2224,237.2462,179.0556
HexCer-NDS(d17:0/16:1)-H,684.5414,522.4886,278.2484,225.2224,235.2305,179.0556
HexCer-NDS(d17:0/16:2)-H,682.5258,520.473,276.2328,225.2224,233.2149,179.0556
HexCer-NDS(d17:0/17:0)-H,700.5728,538.5199,294.2797,225.2224,251.2619,179.0556
HexCer-NDS(d17:0/18:0)-H,714.5884,552.5356,308.2953,225.2224,265.2775,179.0556
HexCer-NDS(d17:0/18:1)-H,712.5728,550.5199,306.2797,225.2224,263.2618,179.0556
HexCer-NDS(d17:0/18:2)-H,710.5571,548.5043,304.264,225.2224,261.2462,179.0556
HexCer-NDS(d17:0/19:0)-H,728.6041,566.5512,322.311,225.2224,279.2932,179.0556
HexCer-NDS(d17:0/19:1)-H,726.5884,564.5356,320.2953,225.2224,277.2775,179.0556
HexCer-NDS(d17:0/20:0)-H,742.6197,580.5669,336.3267,225.2224,293.3088,179.0556
HexCer-NDS(d17:0/20:1)-H,740.6041,578.5512,334.311,225.2224,291.2932,179.0556
HexCer-NDS(d17:0/20:2)-H,738.5884,576.5356,332.2953,225.2224,289.2775,179.0556
HexCer-NDS(d17:0/21:0)-H,756.6354,594.5825,350.3423,225.2224,307.3245,179.0556
HexCer-NDS(d17:0/21:1)-H,754.6197,592.5669,348.3267,225.2224,305.3088,179.0556
HexCer-NDS(d17:0/22:0)-H,770.651,608.5981,364.3579,225.2224,321.3401,179.0556
HexCer-NDS(d17:0/22:1)-H,768.6354,606.5825,362.3423,225.2224,319.3245,179.0556
HexCer-NDS(d17:0/22:2)-H,766.6197,604.5669,360.3267,225.2224,317.3088,179.0556
HexCer-NDS(d17:0/23:0)-H,784.6666,622.6138,378.3736,225.2224,335.3557,179.0556
HexCer-NDS(d17:0/23:1)-H,782.651,620.5981,376.3579,225.2224,333.3401,179.0556
HexCer-NDS(d17:0/24:0)-H,798.6823,636.6295,392.3893,225.2224,349.3714,179.0556
HexCer-NDS(d17:0/24:1)-H,796.6666,634.6138,390.3736,225.2224,347.3557,179.0556
HexCer-NDS(d17:0/24:2)-H,794.651,632.5981,388.3579,225.2224,345.3401,179.0556
HexCer-NDS(d17:0/25:0)-H,812.6979,650.6451,406.4049,225.2224,363.3871,179.0556
HexCer-NDS(d17:0/25:1)-H,810.6823,648.6295,404.3893,225.2224,361.3714,179.0556
HexCer-NDS(d17:0/26:0)-H,826.7136,664.6608,420.4206,225.2224,377.4027,179.0556
HexCer-NDS(d17:0/26:1)-H,824.6979,662.6451,418.4049,225.2224,375.3871,179.0556
HexCer-NDS(d17:0/26:2)-H,822.6823,660.6295,416.3893,225.2224,373.3714,179.0556
HexCer-NDS(d17:0/27:0)-H,840.7292,678.6764,434.4362,225.2224,391.4183,179.0556
HexCer-NDS(d17:0/27:1)-H,838.7136,676.6608,432.4206,225.2224,389.4027,179.0556
HexCer-NDS(d17:0/28:0)-H,854.7449,692.6921,448.4518,225.2224,405.434,179.0556
HexCer-NDS(d17:0/28:1)-H,852.7292,690.6764,446.4362,225.2224,403.4183,179.0556
HexCer-NDS(d17:0/28:2)-H,850.7136,688.6608,444.4206,225.2224,401.4027,179.0556
HexCer-NDS(d17:0/29:0)-H,868.7606,706.7077,462.4675,225.2224,419.4496,179.0556
HexCer-NDS(d17:0/29:1)-H,866.7449,704.6921,460.4518,225.2224,417.434,179.0556
HexCer-NDS(d17:0/30:0)-H,882.7762,720.7234,476.4832,225.2224,433.4653,179.0556
HexCer-NDS(d17:0/30:1)-H,880.7606,718.7077,474.4675,225.2224,431.4496,179.0556
HexCer-NDS(d17:0/30:2)-H,878.7449,716.6921,472.4518,225.2224,429.434,179.0556
HexCer-NDS(d17:0/31:0)-H,896.7919,734.739,490.4988,225.2224,447.481,179.0556
HexCer-NDS(d17:0/31:1)-H,894.7762,732.7234,488.4832,225.2224,445.4653,179.0556
HexCer-NDS(d17:0/32:0)-H,910.8075,748.7547,504.5144,225.2224,461.4966,179.0556
HexCer-NDS(d17:0/32:1)-H,908.7919,746.739,502.4988,225.2224,459.481,179.0556
HexCer-NDS(d17:0/32:2)-H,906.7762,744.7234,500.4832,225.2224,457.4653,179.0556
HexCer-NDS(d17:0/33:0)-H,924.8231,762.7703,518.5301,225.2224,475.5122,179.0556
HexCer-NDS(d17:0/33:1)-H,922.8075,760.7547,516.5145,225.2224,473.4966,179.0556
HexCer-NDS(d17:0/34:0)-H,938.8388,776.7859,532.5458,225.2224,489.5279,179.0556
HexCer-NDS(d17:0/34:1)-H,936.8231,774.7703,530.5301,225.2224,487.5122,179.0556
HexCer-NDS(d17:0/34:2)-H,934.8075,772.7547,528.5145,225.2224,485.4966,179.0556
HexCer-NDS(d17:0/35:0)-H,952.8544,790.8016,546.5614,225.2224,503.5435,179.0556
HexCer-NDS(d17:0/35:1)-H,950.8388,788.7859,544.5458,225.2224,501.5279,179.0556
HexCer-NDS(d17:0/36:0)-H,966.8701,804.8173,560.577,225.2224,517.5592,179.0556
HexCer-NDS(d17:0/36:1)-H,964.8544,802.8016,558.5614,225.2224,515.5436,179.0556
HexCer-NDS(d17:0/36:2)-H,962.8388,800.7859,556.5458,225.2224,513.5279,179.0556
HexCer-NDS(d17:0/38:0)-H,994.9014,832.8486,588.6083,225.2224,545.5905,179.0556
HexCer-NDS(d17:0/38:1)-H,992.8857,830.8329,586.5927,225.2224,543.5748,179.0556
HexCer-NDS(d17:0/38:2)-H,990.8701,828.8173,584.577,225.2224,541.5592,179.0556
HexCer-NDS(d17:0/40:0)-H,1022.933,860.8799,616.6396,225.2224,573.6218,179.0556
HexCer-NDS(d17:0/40:1)-H,1020.917,858.8642,614.624,225.2224,571.6061,179.0556
HexCer-NDS(d17:0/40:2)-H,1018.901,856.8486,612.6083,225.2224,569.5905,179.0556
HexCer-NDS(d17:0/42:0)-H,1050.964,888.9112,644.671,225.2224,601.6531,179.0556
HexCer-NDS(d17:0/42:1)-H,1048.948,886.8955,642.6553,225.2224,599.6375,179.0556
HexCer-NDS(d17:0/42:2)-H,1046.933,884.8799,640.6396,225.2224,597.6218,179.0556
HexCer-NDS(d18:0/12:0)-H,644.5101,482.4573,224.2014,239.238,181.1836,179.0556
HexCer-NDS(d18:0/12:1)-H,642.4945,480.4417,222.1858,239.238,179.168,179.0556
HexCer-NDS(d18:0/13:0)-H,658.5258,496.473,238.2171,239.238,195.1992,179.0556
HexCer-NDS(d18:0/13:1)-H,656.5101,494.4573,236.2014,239.238,193.1836,179.0556
HexCer-NDS(d18:0/14:0)-H,672.5414,510.4886,252.2328,239.238,209.2149,179.0556
HexCer-NDS(d18:0/14:1)-H,670.5258,508.473,250.2171,239.238,207.1992,179.0556
HexCer-NDS(d18:0/15:0)-H,686.5571,524.5043,266.2484,239.238,223.2305,179.0556
HexCer-NDS(d18:0/15:1)-H,684.5414,522.4886,264.2328,239.238,221.2149,179.0556
HexCer-NDS(d18:0/16:0)-H,700.5728,538.5199,280.264,239.238,237.2462,179.0556
HexCer-NDS(d18:0/16:1)-H,698.5571,536.5043,278.2484,239.238,235.2305,179.0556
HexCer-NDS(d18:0/16:2)-H,696.5414,534.4886,276.2328,239.238,233.2149,179.0556
HexCer-NDS(d18:0/17:0)-H,714.5884,552.5356,294.2797,239.238,251.2619,179.0556
HexCer-NDS(d18:0/18:0)-H,728.6041,566.5512,308.2953,239.238,265.2775,179.0556
HexCer-NDS(d18:0/18:1)-H,726.5884,564.5356,306.2797,239.238,263.2618,179.0556
HexCer-NDS(d18:0/18:2)-H,724.5728,562.5199,304.264,239.238,261.2462,179.0556
HexCer-NDS(d18:0/19:0)-H,742.6197,580.5669,322.311,239.238,279.2932,179.0556
HexCer-NDS(d18:0/19:1)-H,740.6041,578.5512,320.2953,239.238,277.2775,179.0556
HexCer-NDS(d18:0/20:0)-H,756.6354,594.5825,336.3267,239.238,293.3088,179.0556
HexCer-NDS(d18:0/20:1)-H,754.6197,592.5669,334.311,239.238,291.2932,179.0556
HexCer-NDS(d18:0/20:2)-H,752.6041,590.5512,332.2953,239.238,289.2775,179.0556
HexCer-NDS(d18:0/21:0)-H,770.651,608.5981,350.3423,239.238,307.3245,179.0556
HexCer-NDS(d18:0/21:1)-H,768.6354,606.5825,348.3267,239.238,305.3088,179.0556
HexCer-NDS(d18:0/22:0)-H,784.6666,622.6138,364.3579,239.238,321.3401,179.0556
HexCer-NDS(d18:0/22:1)-H,782.651,620.5981,362.3423,239.238,319.3245,179.0556
HexCer-NDS(d18:0/22:2)-H,780.6354,618.5825,360.3267,239.238,317.3088,179.0556
HexCer-NDS(d18:0/23:0)-H,798.6823,636.6295,378.3736,239.238,335.3557,179.0556
HexCer-NDS(d18:0/23:1)-H,796.6666,634.6138,376.3579,239.238,333.3401,179.0556
HexCer-NDS(d18:0/24:0)-H,812.6979,650.6451,392.3893,239.238,349.3714,179.0556
HexCer-NDS(d18:0/24:1)-H,810.6823,648.6295,390.3736,239.238,347.3557,179.0556
HexCer-NDS(d18:0/24:2)-H,808.6666,646.6138,388.3579,239.238,345.3401,179.0556
HexCer-NDS(d18:0/25:0)-H,826.7136,664.6608,406.4049,239.238,363.3871,179.0556
HexCer-NDS(d18:0/25:1)-H,824.6979,662.6451,404.3893,239.238,361.3714,179.0556
HexCer-NDS(d18:0/26:0)-H,840.7292,678.6764,420.4206,239.238,377.4027,179.0556
HexCer-NDS(d18:0/26:1)-H,838.7136,676.6608,418.4049,239.238,375.3871,179.0556
HexCer-NDS(d18:0/26:2)-H,836.6979,674.6451,416.3893,239.238,373.3714,179.0556
HexCer-NDS(d18:0/27:0)-H,854.7449,692.6921,434.4362,239.238,391.4183,179.0556
HexCer-NDS(d18:0/27:1)-H,852.7292,690.6764,432.4206,239.238,389.4027,179.0556
HexCer-NDS(d18:0/28:0)-H,868.7606,706.7077,448.4518,239.238,405.434,179.0556
HexCer-NDS(d18:0/28:1)-H,866.7449,704.6921,446.4362,239.238,403.4183,179.0556
HexCer-NDS(d18:0/28:2)-H,864.7292,702.6764,444.4206,239.238,401.4027,179.0556
HexCer-NDS(d18:0/29:0)-H,882.7762,720.7234,462.4675,239.238,419.4496,179.0556
HexCer-NDS(d18:0/29:1)-H,880.7606,718.7077,460.4518,239.238,417.434,179.0556
HexCer-NDS(d18:0/30:0)-H,896.7919,734.739,476.4832,239.238,433.4653,179.0556
HexCer-NDS(d18:0/30:1)-H,894.7762,732.7234,474.4675,239.238,431.4496,179.0556
HexCer-NDS(d18:0/30:2)-H,892.7606,730.7077,472.4518,239.238,429.434,179.0556
HexCer-NDS(d18:0/31:0)-H,910.8075,748.7547,490.4988,239.238,447.481,179.0556
HexCer-NDS(d18:0/31:1)-H,908.7919,746.739,488.4832,239.238,445.4653,179.0556
HexCer-NDS(d18:0/32:0)-H,924.8231,762.7703,504.5144,239.238,461.4966,179.0556
HexCer-NDS(d18:0/32:1)-H,922.8075,760.7547,502.4988,239.238,459.481,179.0556
HexCer-NDS(d18:0/32:2)-H,920.7919,758.739,500.4832,239.238,457.4653,179.0556
HexCer-NDS(d18:0/33:0)-H,938.8388,776.7859,518.5301,239.238,475.5122,179.0556
HexCer-NDS(d18:0/33:1)-H,936.8231,774.7703,516.5145,239.238,473.4966,179.0556
HexCer-NDS(d18:0/34:0)-H,952.8544,790.8016,532.5458,239.238,489.5279,179.0556
HexCer-NDS(d18:0/34:1)-H,950.8388,788.7859,530.5301,239.238,487.5122,179.0556
HexCer-NDS(d18:0/34:2)-H,948.8231,786.7703,528.5145,239.238,485.4966,179.0556
HexCer-NDS(d18:0/35:0)-H,966.8701,804.8173,546.5614,239.238,503.5435,179.0556
HexCer-NDS(d18:0/35:1)-H,964.8544,802.8016,544.5458,239.238,501.5279,179.0556
HexCer-NDS(d18:0/36:0)-H,980.8857,818.8329,560.577,239.238,517.5592,179.0556
HexCer-NDS(d18:0/36:1)-H,978.8701,816.8173,558.5614,239.238,515.5436,179.0556
HexCer-NDS(d18:0/36:2)-H,976.8544,814.8016,556.5458,239.238,513.5279,179.0556
HexCer-NDS(d18:0/38:0)-H,1008.917,846.8642,588.6083,239.238,545.5905,179.0556
HexCer-NDS(d18:0/38:1)-H,1006.901,844.8486,586.5927,239.238,543.5748,179.0556
HexCer-NDS(d18:0/38:2)-H,1004.886,842.8329,584.577,239.238,541.5592,179.0556
HexCer-NDS(d18:0/40:0)-H,1036.948,874.8955,616.6396,239.238,573.6218,179.0556
HexCer-NDS(d18:0/40:1)-H,1034.933,872.8799,614.624,239.238,571.6061,179.0556
HexCer-NDS(d18:0/40:2)-H,1032.917,870.8642,612.6083,239.238,569.5905,179.0556
HexCer-NDS(d18:0/42:0)-H,1064.98,902.9268,644.671,239.238,601.6531,179.0556
HexCer-NDS(d18:0/42:1)-H,1062.964,900.9112,642.6553,239.238,599.6375,179.0556
HexCer-NDS(d18:0/42:2)-H,1060.948,898.8955,640.6396,239.238,597.6218,179.0556
HexCer-NDS(d19:0/12:0)-H,658.5258,496.473,224.2014,253.2537,181.1836,179.0556
HexCer-NDS(d19:0/12:1)-H,656.5101,494.4573,222.1858,253.2537,179.168,179.0556
HexCer-NDS(d19:0/13:0)-H,672.5414,510.4886,238.2171,253.2537,195.1992,179.0556
HexCer-NDS(d19:0/13:1)-H,670.5258,508.473,236.2014,253.2537,193.1836,179.0556
HexCer-NDS(d19:0/14:0)-H,686.5571,524.5043,252.2328,253.2537,209.2149,179.0556
HexCer-NDS(d19:0/14:1)-H,684.5414,522.4886,250.2171,253.2537,207.1992,179.0556
HexCer-NDS(d19:0/15:0)-H,700.5728,538.5199,266.2484,253.2537,223.2305,179.0556
HexCer-NDS(d19:0/15:1)-H,698.5571,536.5043,264.2328,253.2537,221.2149,179.0556
HexCer-NDS(d19:0/16:0)-H,714.5884,552.5356,280.264,253.2537,237.2462,179.0556
HexCer-NDS(d19:0/16:1)-H,712.5728,550.5199,278.2484,253.2537,235.2305,179.0556
HexCer-NDS(d19:0/16:2)-H,710.5571,548.5043,276.2328,253.2537,233.2149,179.0556
HexCer-NDS(d19:0/17:0)-H,728.6041,566.5512,294.2797,253.2537,251.2619,179.0556
HexCer-NDS(d19:0/18:0)-H,742.6197,580.5669,308.2953,253.2537,265.2775,179.0556
HexCer-NDS(d19:0/18:1)-H,740.6041,578.5512,306.2797,253.2537,263.2618,179.0556
HexCer-NDS(d19:0/18:2)-H,738.5884,576.5356,304.264,253.2537,261.2462,179.0556
HexCer-NDS(d19:0/19:0)-H,756.6354,594.5825,322.311,253.2537,279.2932,179.0556
HexCer-NDS(d19:0/19:1)-H,754.6197,592.5669,320.2953,253.2537,277.2775,179.0556
HexCer-NDS(d19:0/20:0)-H,770.651,608.5981,336.3267,253.2537,293.3088,179.0556
HexCer-NDS(d19:0/20:1)-H,768.6354,606.5825,334.311,253.2537,291.2932,179.0556
HexCer-NDS(d19:0/20:2)-H,766.6197,604.5669,332.2953,253.2537,289.2775,179.0556
HexCer-NDS(d19:0/21:0)-H,784.6666,622.6138,350.3423,253.2537,307.3245,179.0556
HexCer-NDS(d19:0/21:1)-H,782.651,620.5981,348.3267,253.2537,305.3088,179.0556
HexCer-NDS(d19:0/22:0)-H,798.6823,636.6295,364.3579,253.2537,321.3401,179.0556
HexCer-NDS(d19:0/22:1)-H,796.6666,634.6138,362.3423,253.2537,319.3245,179.0556
HexCer-NDS(d19:0/22:2)-H,794.651,632.5981,360.3267,253.2537,317.3088,179.0556
HexCer-NDS(d19:0/23:0)-H,812.6979,650.6451,378.3736,253.2537,335.3557,179.0556
HexCer-NDS(d19:0/23:1)-H,810.6823,648.6295,376.3579,253.2537,333.3401,179.0556
HexCer-NDS(d19:0/24:0)-H,826.7136,664.6608,392.3893,253.2537,349.3714,179.0556
HexCer-NDS(d19:0/24:1)-H,824.6979,662.6451,390.3736,253.2537,347.3557,179.0556
HexCer-NDS(d19:0/24:2)-H,822.6823,660.6295,388.3579,253.2537,345.3401,179.0556
HexCer-NDS(d19:0/25:0)-H,840.7292,678.6764,406.4049,253.2537,363.3871,179.0556
HexCer-NDS(d19:0/25:1)-H,838.7136,676.6608,404.3893,253.2537,361.3714,179.0556
HexCer-NDS(d19:0/26:0)-H,854.7449,692.6921,420.4206,253.2537,377.4027,179.0556
HexCer-NDS(d19:0/26:1)-H,852.7292,690.6764,418.4049,253.2537,375.3871,179.0556
HexCer-NDS(d19:0/26:2)-H,850.7136,688.6608,416.3893,253.2537,373.3714,179.0556
HexCer-NDS(d19:0/27:0)-H,868.7606,706.7077,434.4362,253.2537,391.4183,179.0556
HexCer-NDS(d19:0/27:1)-H,866.7449,704.6921,432.4206,253.2537,389.4027,179.0556
HexCer-NDS(d19:0/28:0)-H,882.7762,720.7234,448.4518,253.2537,405.434,179.0556
HexCer-NDS(d19:0/28:1)-H,880.7606,718.7077,446.4362,253.2537,403.4183,179.0556
HexCer-NDS(d19:0/28:2)-H,878.7449,716.6921,444.4206,253.2537,401.4027,179.0556
HexCer-NDS(d19:0/29:0)-H,896.7919,734.739,462.4675,253.2537,419.4496,179.0556
HexCer-NDS(d19:0/29:1)-H,894.7762,732.7234,460.4518,253.2537,417.434,179.0556
HexCer-NDS(d19:0/30:0)-H,910.8075,748.7547,476.4832,253.2537,433.4653,179.0556
HexCer-NDS(d19:0/30:1)-H,908.7919,746.739,474.4675,253.2537,431.4496,179.0556
HexCer-NDS(d19:0/30:2)-H,906.7762,744.7234,472.4518,253.2537,429.434,179.0556
HexCer-NDS(d19:0/31:0)-H,924.8231,762.7703,490.4988,253.2537,447.481,179.0556
HexCer-NDS(d19:0/31:1)-H,922.8075,760.7547,488.4832,253.2537,445.4653,179.0556
HexCer-NDS(d19:0/32:0)-H,938.8388,776.7859,504.5144,253.2537,461.4966,179.0556
HexCer-NDS(d19:0/32:1)-H,936.8231,774.7703,502.4988,253.2537,459.481,179.0556
HexCer-NDS(d19:0/32:2)-H,934.8075,772.7547,500.4832,253.2537,457.4653,179.0556
HexCer-NDS(d19:0/33:0)-H,952.8544,790.8016,518.5301,253.2537,475.5122,179.0556
HexCer-NDS(d19:0/33:1)-H,950.8388,788.7859,516.5145,253.2537,473.4966,179.0556
HexCer-NDS(d19:0/34:0)-H,966.8701,804.8173,532.5458,253.2537,489.5279,179.0556
HexCer-NDS(d19:0/34:1)-H,964.8544,802.8016,530.5301,253.2537,487.5122,179.0556
HexCer-NDS(d19:0/34:2)-H,962.8388,800.7859,528.5145,253.2537,485.4966,179.0556
HexCer-NDS(d19:0/35:0)-H,980.8857,818.8329,546.5614,253.2537,503.5435,179.0556
HexCer-NDS(d19:0/35:1)-H,978.8701,816.8173,544.5458,253.2537,501.5279,179.0556
HexCer-NDS(d19:0/36:0)-H,994.9014,832.8486,560.577,253.2537,517.5592,179.0556
HexCer-NDS(d19:0/36:1)-H,992.8857,830.8329,558.5614,253.2537,515.5436,179.0556
HexCer-NDS(d19:0/36:2)-H,990.8701,828.8173,556.5458,253.2537,513.5279,179.0556
HexCer-NDS(d19:0/38:0)-H,1022.933,860.8799,588.6083,253.2537,545.5905,179.0556
HexCer-NDS(d19:0/38:1)-H,1020.917,858.8642,586.5927,253.2537,543.5748,179.0556
HexCer-NDS(d19:0/38:2)-H,1018.901,856.8486,584.577,253.2537,541.5592,179.0556
HexCer-NDS(d19:0/40:0)-H,1050.964,888.9112,616.6396,253.2537,573.6218,179.0556
HexCer-NDS(d19:0/40:1)-H,1048.948,886.8955,614.624,253.2537,571.6061,179.0556
HexCer-NDS(d19:0/40:2)-H,1046.933,884.8799,612.6083,253.2537,569.5905,179.0556
HexCer-NDS(d19:0/42:0)-H,1078.995,916.9424,644.671,253.2537,601.6531,179.0556
HexCer-NDS(d19:0/42:1)-H,1076.98,914.9268,642.6553,253.2537,599.6375,179.0556
HexCer-NDS(d19:0/42:2)-H,1074.964,912.9112,640.6396,253.2537,597.6218,179.0556
HexCer-NDS(d20:0/12:0)-H,672.5414,510.4886,224.2014,267.2693,181.1836,179.0556
HexCer-NDS(d20:0/12:1)-H,670.5258,508.473,222.1858,267.2693,179.168,179.0556
HexCer-NDS(d20:0/13:0)-H,686.5571,524.5043,238.2171,267.2693,195.1992,179.0556
HexCer-NDS(d20:0/13:1)-H,684.5414,522.4886,236.2014,267.2693,193.1836,179.0556
HexCer-NDS(d20:0/14:0)-H,700.5728,538.5199,252.2328,267.2693,209.2149,179.0556
HexCer-NDS(d20:0/14:1)-H,698.5571,536.5043,250.2171,267.2693,207.1992,179.0556
HexCer-NDS(d20:0/15:0)-H,714.5884,552.5356,266.2484,267.2693,223.2305,179.0556
HexCer-NDS(d20:0/15:1)-H,712.5728,550.5199,264.2328,267.2693,221.2149,179.0556
HexCer-NDS(d20:0/16:0)-H,728.6041,566.5512,280.264,267.2693,237.2462,179.0556
HexCer-NDS(d20:0/16:1)-H,726.5884,564.5356,278.2484,267.2693,235.2305,179.0556
HexCer-NDS(d20:0/16:2)-H,724.5728,562.5199,276.2328,267.2693,233.2149,179.0556
HexCer-NDS(d20:0/17:0)-H,742.6197,580.5669,294.2797,267.2693,251.2619,179.0556
HexCer-NDS(d20:0/18:0)-H,756.6354,594.5825,308.2953,267.2693,265.2775,179.0556
HexCer-NDS(d20:0/18:1)-H,754.6197,592.5669,306.2797,267.2693,263.2618,179.0556
HexCer-NDS(d20:0/18:2)-H,752.6041,590.5512,304.264,267.2693,261.2462,179.0556
HexCer-NDS(d20:0/19:0)-H,770.651,608.5981,322.311,267.2693,279.2932,179.0556
HexCer-NDS(d20:0/19:1)-H,768.6354,606.5825,320.2953,267.2693,277.2775,179.0556
HexCer-NDS(d20:0/20:0)-H,784.6666,622.6138,336.3267,267.2693,293.3088,179.0556
HexCer-NDS(d20:0/20:1)-H,782.651,620.5981,334.311,267.2693,291.2932,179.0556
HexCer-NDS(d20:0/20:2)-H,780.6354,618.5825,332.2953,267.2693,289.2775,179.0556
HexCer-NDS(d20:0/21:0)-H,798.6823,636.6295,350.3423,267.2693,307.3245,179.0556
HexCer-NDS(d20:0/21:1)-H,796.6666,634.6138,348.3267,267.2693,305.3088,179.0556
HexCer-NDS(d20:0/22:0)-H,812.6979,650.6451,364.3579,267.2693,321.3401,179.0556
HexCer-NDS(d20:0/22:1)-H,810.6823,648.6295,362.3423,267.2693,319.3245,179.0556
HexCer-NDS(d20:0/22:2)-H,808.6666,646.6138,360.3267,267.2693,317.3088,179.0556
HexCer-NDS(d20:0/23:0)-H,826.7136,664.6608,378.3736,267.2693,335.3557,179.0556
HexCer-NDS(d20:0/23:1)-H,824.6979,662.6451,376.3579,267.2693,333.3401,179.0556
HexCer-NDS(d20:0/24:0)-H,840.7292,678.6764,392.3893,267.2693,349.3714,179.0556
HexCer-NDS(d20:0/24:1)-H,838.7136,676.6608,390.3736,267.2693,347.3557,179.0556
HexCer-NDS(d20:0/24:2)-H,836.6979,674.6451,388.3579,267.2693,345.3401,179.0556
HexCer-NDS(d20:0/25:0)-H,854.7449,692.6921,406.4049,267.2693,363.3871,179.0556
HexCer-NDS(d20:0/25:1)-H,852.7292,690.6764,404.3893,267.2693,361.3714,179.0556
HexCer-NDS(d20:0/26:0)-H,868.7606,706.7077,420.4206,267.2693,377.4027,179.0556
HexCer-NDS(d20:0/26:1)-H,866.7449,704.6921,418.4049,267.2693,375.3871,179.0556
HexCer-NDS(d20:0/26:2)-H,864.7292,702.6764,416.3893,267.2693,373.3714,179.0556
HexCer-NDS(d20:0/27:0)-H,882.7762,720.7234,434.4362,267.2693,391.4183,179.0556
HexCer-NDS(d20:0/27:1)-H,880.7606,718.7077,432.4206,267.2693,389.4027,179.0556
HexCer-NDS(d20:0/28:0)-H,896.7919,734.739,448.4518,267.2693,405.434,179.0556
HexCer-NDS(d20:0/28:1)-H,894.7762,732.7234,446.4362,267.2693,403.4183,179.0556
HexCer-NDS(d20:0/28:2)-H,892.7606,730.7077,444.4206,267.2693,401.4027,179.0556
HexCer-NDS(d20:0/29:0)-H,910.8075,748.7547,462.4675,267.2693,419.4496,179.0556
HexCer-NDS(d20:0/29:1)-H,908.7919,746.739,460.4518,267.2693,417.434,179.0556
HexCer-NDS(d20:0/30:0)-H,924.8231,762.7703,476.4832,267.2693,433.4653,179.0556
HexCer-NDS(d20:0/30:1)-H,922.8075,760.7547,474.4675,267.2693,431.4496,179.0556
HexCer-NDS(d20:0/30:2)-H,920.7919,758.739,472.4518,267.2693,429.434,179.0556
HexCer-NDS(d20:0/31:0)-H,938.8388,776.7859,490.4988,267.2693,447.481,179.0556
HexCer-NDS(d20:0/31:1)-H,936.8231,774.7703,488.4832,267.2693,445.4653,179.0556
HexCer-NDS(d20:0/32:0)-H,952.8544,790.8016,504.5144,267.2693,461.4966,179.0556
HexCer-NDS(d20:0/32:1)-H,950.8388,788.7859,502.4988,267.2693,459.481,179.0556
HexCer-NDS(d20:0/32:2)-H,948.8231,786.7703,500.4832,267.2693,457.4653,179.0556
HexCer-NDS(d20:0/33:0)-H,966.8701,804.8173,518.5301,267.2693,475.5122,179.0556
HexCer-NDS(d20:0/33:1)-H,964.8544,802.8016,516.5145,267.2693,473.4966,179.0556
HexCer-NDS(d20:0/34:0)-H,980.8857,818.8329,532.5458,267.2693,489.5279,179.0556
HexCer-NDS(d20:0/34:1)-H,978.8701,816.8173,530.5301,267.2693,487.5122,179.0556
HexCer-NDS(d20:0/34:2)-H,976.8544,814.8016,528.5145,267.2693,485.4966,179.0556
HexCer-NDS(d20:0/35:0)-H,994.9014,832.8486,546.5614,267.2693,503.5435,179.0556
HexCer-NDS(d20:0/35:1)-H,992.8857,830.8329,544.5458,267.2693,501.5279,179.0556
HexCer-NDS(d20:0/36:0)-H,1008.917,846.8642,560.577,267.2693,517.5592,179.0556
HexCer-NDS(d20:0/36:1)-H,1006.901,844.8486,558.5614,267.2693,515.5436,179.0556
HexCer-NDS(d20:0/36:2)-H,1004.886,842.8329,556.5458,267.2693,513.5279,179.0556
HexCer-NDS(d20:0/38:0)-H,1036.948,874.8955,588.6083,267.2693,545.5905,179.0556
HexCer-NDS(d20:0/38:1)-H,1034.933,872.8799,586.5927,267.2693,543.5748,179.0556
HexCer-NDS(d20:0/38:2)-H,1032.917,870.8642,584.577,267.2693,541.5592,179.0556
HexCer-NDS(d20:0/40:0)-H,1064.98,902.9268,616.6396,267.2693,573.6218,179.0556
HexCer-NDS(d20:0/40:1)-H,1062.964,900.9112,614.624,267.2693,571.6061,179.0556
HexCer-NDS(d20:0/40:2)-H,1060.948,898.8955,612.6083,267.2693,569.5905,179.0556
HexCer-NDS(d20:0/42:0)-H,1093.011,930.9581,644.671,267.2693,601.6531,179.0556
HexCer-NDS(d20:0/42:1)-H,1090.995,928.9424,642.6553,267.2693,599.6375,179.0556
HexCer-NDS(d20:0/42:2)-H,1088.98,926.9268,640.6396,267.2693,597.6218,179.0556
HexCer-NDS(d21:0/12:0)-H,686.5571,524.5043,224.2014,281.285,181.1836,179.0556
HexCer-NDS(d21:0/12:1)-H,684.5414,522.4886,222.1858,281.285,179.168,179.0556
HexCer-NDS(d21:0/13:0)-H,700.5728,538.5199,238.2171,281.285,195.1992,179.0556
HexCer-NDS(d21:0/13:1)-H,698.5571,536.5043,236.2014,281.285,193.1836,179.0556
HexCer-NDS(d21:0/14:0)-H,714.5884,552.5356,252.2328,281.285,209.2149,179.0556
HexCer-NDS(d21:0/14:1)-H,712.5728,550.5199,250.2171,281.285,207.1992,179.0556
HexCer-NDS(d21:0/15:0)-H,728.6041,566.5512,266.2484,281.285,223.2305,179.0556
HexCer-NDS(d21:0/15:1)-H,726.5884,564.5356,264.2328,281.285,221.2149,179.0556
HexCer-NDS(d21:0/16:0)-H,742.6197,580.5669,280.264,281.285,237.2462,179.0556
HexCer-NDS(d21:0/16:1)-H,740.6041,578.5512,278.2484,281.285,235.2305,179.0556
HexCer-NDS(d21:0/16:2)-H,738.5884,576.5356,276.2328,281.285,233.2149,179.0556
HexCer-NDS(d21:0/17:0)-H,756.6354,594.5825,294.2797,281.285,251.2619,179.0556
HexCer-NDS(d21:0/18:0)-H,770.651,608.5981,308.2953,281.285,265.2775,179.0556
HexCer-NDS(d21:0/18:1)-H,768.6354,606.5825,306.2797,281.285,263.2618,179.0556
HexCer-NDS(d21:0/18:2)-H,766.6197,604.5669,304.264,281.285,261.2462,179.0556
HexCer-NDS(d21:0/19:0)-H,784.6666,622.6138,322.311,281.285,279.2932,179.0556
HexCer-NDS(d21:0/19:1)-H,782.651,620.5981,320.2953,281.285,277.2775,179.0556
HexCer-NDS(d21:0/20:0)-H,798.6823,636.6295,336.3267,281.285,293.3088,179.0556
HexCer-NDS(d21:0/20:1)-H,796.6666,634.6138,334.311,281.285,291.2932,179.0556
HexCer-NDS(d21:0/20:2)-H,794.651,632.5981,332.2953,281.285,289.2775,179.0556
HexCer-NDS(d21:0/21:0)-H,812.6979,650.6451,350.3423,281.285,307.3245,179.0556
HexCer-NDS(d21:0/21:1)-H,810.6823,648.6295,348.3267,281.285,305.3088,179.0556
HexCer-NDS(d21:0/22:0)-H,826.7136,664.6608,364.3579,281.285,321.3401,179.0556
HexCer-NDS(d21:0/22:1)-H,824.6979,662.6451,362.3423,281.285,319.3245,179.0556
HexCer-NDS(d21:0/22:2)-H,822.6823,660.6295,360.3267,281.285,317.3088,179.0556
HexCer-NDS(d21:0/23:0)-H,840.7292,678.6764,378.3736,281.285,335.3557,179.0556
HexCer-NDS(d21:0/23:1)-H,838.7136,676.6608,376.3579,281.285,333.3401,179.0556
HexCer-NDS(d21:0/24:0)-H,854.7449,692.6921,392.3893,281.285,349.3714,179.0556
HexCer-NDS(d21:0/24:1)-H,852.7292,690.6764,390.3736,281.285,347.3557,179.0556
HexCer-NDS(d21:0/24:2)-H,850.7136,688.6608,388.3579,281.285,345.3401,179.0556
HexCer-NDS(d21:0/25:0)-H,868.7606,706.7077,406.4049,281.285,363.3871,179.0556
HexCer-NDS(d21:0/25:1)-H,866.7449,704.6921,404.3893,281.285,361.3714,179.0556
HexCer-NDS(d21:0/26:0)-H,882.7762,720.7234,420.4206,281.285,377.4027,179.0556
HexCer-NDS(d21:0/26:1)-H,880.7606,718.7077,418.4049,281.285,375.3871,179.0556
HexCer-NDS(d21:0/26:2)-H,878.7449,716.6921,416.3893,281.285,373.3714,179.0556
HexCer-NDS(d21:0/27:0)-H,896.7919,734.739,434.4362,281.285,391.4183,179.0556
HexCer-NDS(d21:0/27:1)-H,894.7762,732.7234,432.4206,281.285,389.4027,179.0556
HexCer-NDS(d21:0/28:0)-H,910.8075,748.7547,448.4518,281.285,405.434,179.0556
HexCer-NDS(d21:0/28:1)-H,908.7919,746.739,446.4362,281.285,403.4183,179.0556
HexCer-NDS(d21:0/28:2)-H,906.7762,744.7234,444.4206,281.285,401.4027,179.0556
HexCer-NDS(d21:0/29:0)-H,924.8231,762.7703,462.4675,281.285,419.4496,179.0556
HexCer-NDS(d21:0/29:1)-H,922.8075,760.7547,460.4518,281.285,417.434,179.0556
HexCer-NDS(d21:0/30:0)-H,938.8388,776.7859,476.4832,281.285,433.4653,179.0556
HexCer-NDS(d21:0/30:1)-H,936.8231,774.7703,474.4675,281.285,431.4496,179.0556
HexCer-NDS(d21:0/30:2)-H,934.8075,772.7547,472.4518,281.285,429.434,179.0556
HexCer-NDS(d21:0/31:0)-H,952.8544,790.8016,490.4988,281.285,447.481,179.0556
HexCer-NDS(d21:0/31:1)-H,950.8388,788.7859,488.4832,281.285,445.4653,179.0556
HexCer-NDS(d21:0/32:0)-H,966.8701,804.8173,504.5144,281.285,461.4966,179.0556
HexCer-NDS(d21:0/32:1)-H,964.8544,802.8016,502.4988,281.285,459.481,179.0556
HexCer-NDS(d21:0/32:2)-H,962.8388,800.7859,500.4832,281.285,457.4653,179.0556
HexCer-NDS(d21:0/33:0)-H,980.8857,818.8329,518.5301,281.285,475.5122,179.0556
HexCer-NDS(d21:0/33:1)-H,978.8701,816.8173,516.5145,281.285,473.4966,179.0556
HexCer-NDS(d21:0/34:0)-H,994.9014,832.8486,532.5458,281.285,489.5279,179.0556
HexCer-NDS(d21:0/34:1)-H,992.8857,830.8329,530.5301,281.285,487.5122,179.0556
HexCer-NDS(d21:0/34:2)-H,990.8701,828.8173,528.5145,281.285,485.4966,179.0556
HexCer-NDS(d21:0/35:0)-H,1008.917,846.8642,546.5614,281.285,503.5435,179.0556
HexCer-NDS(d21:0/35:1)-H,1006.901,844.8486,544.5458,281.285,501.5279,179.0556
HexCer-NDS(d21:0/36:0)-H,1022.933,860.8799,560.577,281.285,517.5592,179.0556
HexCer-NDS(d21:0/36:1)-H,1020.917,858.8642,558.5614,281.285,515.5436,179.0556
HexCer-NDS(d21:0/36:2)-H,1018.901,856.8486,556.5458,281.285,513.5279,179.0556
HexCer-NDS(d21:0/38:0)-H,1050.964,888.9112,588.6083,281.285,545.5905,179.0556
HexCer-NDS(d21:0/38:1)-H,1048.948,886.8955,586.5927,281.285,543.5748,179.0556
HexCer-NDS(d21:0/38:2)-H,1046.933,884.8799,584.577,281.285,541.5592,179.0556
HexCer-NDS(d21:0/40:0)-H,1078.995,916.9424,616.6396,281.285,573.6218,179.0556
HexCer-NDS(d21:0/40:1)-H,1076.98,914.9268,614.624,281.285,571.6061,179.0556
HexCer-NDS(d21:0/40:2)-H,1074.964,912.9112,612.6083,281.285,569.5905,179.0556
HexCer-NDS(d21:0/42:0)-H,1107.027,944.9738,644.671,281.285,601.6531,179.0556
HexCer-NDS(d21:0/42:1)-H,1105.011,942.9581,642.6553,281.285,599.6375,179.0556
HexCer-NDS(d21:0/42:2)-H,1102.995,940.9424,640.6396,281.285,597.6218,179.0556
HexCer-NDS(d22:0/12:0)-H,700.5728,538.5199,224.2014,295.3006,181.1836,179.0556
HexCer-NDS(d22:0/12:1)-H,698.5571,536.5043,222.1858,295.3006,179.168,179.0556
HexCer-NDS(d22:0/13:0)-H,714.5884,552.5356,238.2171,295.3006,195.1992,179.0556
HexCer-NDS(d22:0/13:1)-H,712.5728,550.5199,236.2014,295.3006,193.1836,179.0556
HexCer-NDS(d22:0/14:0)-H,728.6041,566.5512,252.2328,295.3006,209.2149,179.0556
HexCer-NDS(d22:0/14:1)-H,726.5884,564.5356,250.2171,295.3006,207.1992,179.0556
HexCer-NDS(d22:0/15:0)-H,742.6197,580.5669,266.2484,295.3006,223.2305,179.0556
HexCer-NDS(d22:0/15:1)-H,740.6041,578.5512,264.2328,295.3006,221.2149,179.0556
HexCer-NDS(d22:0/16:0)-H,756.6354,594.5825,280.264,295.3006,237.2462,179.0556
HexCer-NDS(d22:0/16:1)-H,754.6197,592.5669,278.2484,295.3006,235.2305,179.0556
HexCer-NDS(d22:0/16:2)-H,752.6041,590.5512,276.2328,295.3006,233.2149,179.0556
HexCer-NDS(d22:0/17:0)-H,770.651,608.5981,294.2797,295.3006,251.2619,179.0556
HexCer-NDS(d22:0/18:0)-H,784.6666,622.6138,308.2953,295.3006,265.2775,179.0556
HexCer-NDS(d22:0/18:1)-H,782.651,620.5981,306.2797,295.3006,263.2618,179.0556
HexCer-NDS(d22:0/18:2)-H,780.6354,618.5825,304.264,295.3006,261.2462,179.0556
HexCer-NDS(d22:0/19:0)-H,798.6823,636.6295,322.311,295.3006,279.2932,179.0556
HexCer-NDS(d22:0/19:1)-H,796.6666,634.6138,320.2953,295.3006,277.2775,179.0556
HexCer-NDS(d22:0/20:0)-H,812.6979,650.6451,336.3267,295.3006,293.3088,179.0556
HexCer-NDS(d22:0/20:1)-H,810.6823,648.6295,334.311,295.3006,291.2932,179.0556
HexCer-NDS(d22:0/20:2)-H,808.6666,646.6138,332.2953,295.3006,289.2775,179.0556
HexCer-NDS(d22:0/21:0)-H,826.7136,664.6608,350.3423,295.3006,307.3245,179.0556
HexCer-NDS(d22:0/21:1)-H,824.6979,662.6451,348.3267,295.3006,305.3088,179.0556
HexCer-NDS(d22:0/22:0)-H,840.7292,678.6764,364.3579,295.3006,321.3401,179.0556
HexCer-NDS(d22:0/22:1)-H,838.7136,676.6608,362.3423,295.3006,319.3245,179.0556
HexCer-NDS(d22:0/22:2)-H,836.6979,674.6451,360.3267,295.3006,317.3088,179.0556
HexCer-NDS(d22:0/23:0)-H,854.7449,692.6921,378.3736,295.3006,335.3557,179.0556
HexCer-NDS(d22:0/23:1)-H,852.7292,690.6764,376.3579,295.3006,333.3401,179.0556
HexCer-NDS(d22:0/24:0)-H,868.7606,706.7077,392.3893,295.3006,349.3714,179.0556
HexCer-NDS(d22:0/24:1)-H,866.7449,704.6921,390.3736,295.3006,347.3557,179.0556
HexCer-NDS(d22:0/24:2)-H,864.7292,702.6764,388.3579,295.3006,345.3401,179.0556
HexCer-NDS(d22:0/25:0)-H,882.7762,720.7234,406.4049,295.3006,363.3871,179.0556
HexCer-NDS(d22:0/25:1)-H,880.7606,718.7077,404.3893,295.3006,361.3714,179.0556
HexCer-NDS(d22:0/26:0)-H,896.7919,734.739,420.4206,295.3006,377.4027,179.0556
HexCer-NDS(d22:0/26:1)-H,894.7762,732.7234,418.4049,295.3006,375.3871,179.0556
HexCer-NDS(d22:0/26:2)-H,892.7606,730.7077,416.3893,295.3006,373.3714,179.0556
HexCer-NDS(d22:0/27:0)-H,910.8075,748.7547,434.4362,295.3006,391.4183,179.0556
HexCer-NDS(d22:0/27:1)-H,908.7919,746.739,432.4206,295.3006,389.4027,179.0556
HexCer-NDS(d22:0/28:0)-H,924.8231,762.7703,448.4518,295.3006,405.434,179.0556
HexCer-NDS(d22:0/28:1)-H,922.8075,760.7547,446.4362,295.3006,403.4183,179.0556
HexCer-NDS(d22:0/28:2)-H,920.7919,758.739,444.4206,295.3006,401.4027,179.0556
HexCer-NDS(d22:0/29:0)-H,938.8388,776.7859,462.4675,295.3006,419.4496,179.0556
HexCer-NDS(d22:0/29:1)-H,936.8231,774.7703,460.4518,295.3006,417.434,179.0556
HexCer-NDS(d22:0/30:0)-H,952.8544,790.8016,476.4832,295.3006,433.4653,179.0556
HexCer-NDS(d22:0/30:1)-H,950.8388,788.7859,474.4675,295.3006,431.4496,179.0556
HexCer-NDS(d22:0/30:2)-H,948.8231,786.7703,472.4518,295.3006,429.434,179.0556
HexCer-NDS(d22:0/31:0)-H,966.8701,804.8173,490.4988,295.3006,447.481,179.0556
HexCer-NDS(d22:0/31:1)-H,964.8544,802.8016,488.4832,295.3006,445.4653,179.0556
HexCer-NDS(d22:0/32:0)-H,980.8857,818.8329,504.5144,295.3006,461.4966,179.0556
HexCer-NDS(d22:0/32:1)-H,978.8701,816.8173,502.4988,295.3006,459.481,179.0556
HexCer-NDS(d22:0/32:2)-H,976.8544,814.8016,500.4832,295.3006,457.4653,179.0556
HexCer-NDS(d22:0/33:0)-H,994.9014,832.8486,518.5301,295.3006,475.5122,179.0556
HexCer-NDS(d22:0/33:1)-H,992.8857,830.8329,516.5145,295.3006,473.4966,179.0556
HexCer-NDS(d22:0/34:0)-H,1008.917,846.8642,532.5458,295.3006,489.5279,179.0556
HexCer-NDS(d22:0/34:1)-H,1006.901,844.8486,530.5301,295.3006,487.5122,179.0556
HexCer-NDS(d22:0/34:2)-H,1004.886,842.8329,528.5145,295.3006,485.4966,179.0556
HexCer-NDS(d22:0/35:0)-H,1022.933,860.8799,546.5614,295.3006,503.5435,179.0556
HexCer-NDS(d22:0/35:1)-H,1020.917,858.8642,544.5458,295.3006,501.5279,179.0556
HexCer-NDS(d22:0/36:0)-H,1036.948,874.8955,560.577,295.3006,517.5592,179.0556
HexCer-NDS(d22:0/36:1)-H,1034.933,872.8799,558.5614,295.3006,515.5436,179.0556
HexCer-NDS(d22:0/36:2)-H,1032.917,870.8642,556.5458,295.3006,513.5279,179.0556
HexCer-NDS(d22:0/38:0)-H,1064.98,902.9268,588.6083,295.3006,545.5905,179.0556
HexCer-NDS(d22:0/38:1)-H,1062.964,900.9112,586.5927,295.3006,543.5748,179.0556
HexCer-NDS(d22:0/38:2)-H,1060.948,898.8955,584.577,295.3006,541.5592,179.0556
HexCer-NDS(d22:0/40:0)-H,1093.011,930.9581,616.6396,295.3006,573.6218,179.0556
HexCer-NDS(d22:0/40:1)-H,1090.995,928.9424,614.624,295.3006,571.6061,179.0556
HexCer-NDS(d22:0/40:2)-H,1088.98,926.9268,612.6083,295.3006,569.5905,179.0556
HexCer-NDS(d22:0/42:0)-H,1121.042,958.9894,644.671,295.3006,601.6531,179.0556
HexCer-NDS(d22:0/42:1)-H,1119.027,956.9738,642.6553,295.3006,599.6375,179.0556
HexCer-NDS(d22:0/42:2)-H,1117.011,954.9581,640.6396,295.3006,597.6218,179.0556
HexCer-NDS(d23:0/12:0)-H,714.5884,552.5356,224.2014,309.3163,181.1836,179.0556
HexCer-NDS(d23:0/12:1)-H,712.5728,550.5199,222.1858,309.3163,179.168,179.0556
HexCer-NDS(d23:0/13:0)-H,728.6041,566.5512,238.2171,309.3163,195.1992,179.0556
HexCer-NDS(d23:0/13:1)-H,726.5884,564.5356,236.2014,309.3163,193.1836,179.0556
HexCer-NDS(d23:0/14:0)-H,742.6197,580.5669,252.2328,309.3163,209.2149,179.0556
HexCer-NDS(d23:0/14:1)-H,740.6041,578.5512,250.2171,309.3163,207.1992,179.0556
HexCer-NDS(d23:0/15:0)-H,756.6354,594.5825,266.2484,309.3163,223.2305,179.0556
HexCer-NDS(d23:0/15:1)-H,754.6197,592.5669,264.2328,309.3163,221.2149,179.0556
HexCer-NDS(d23:0/16:0)-H,770.651,608.5981,280.264,309.3163,237.2462,179.0556
HexCer-NDS(d23:0/16:1)-H,768.6354,606.5825,278.2484,309.3163,235.2305,179.0556
HexCer-NDS(d23:0/16:2)-H,766.6197,604.5669,276.2328,309.3163,233.2149,179.0556
HexCer-NDS(d23:0/17:0)-H,784.6666,622.6138,294.2797,309.3163,251.2619,179.0556
HexCer-NDS(d23:0/18:0)-H,798.6823,636.6295,308.2953,309.3163,265.2775,179.0556
HexCer-NDS(d23:0/18:1)-H,796.6666,634.6138,306.2797,309.3163,263.2618,179.0556
HexCer-NDS(d23:0/18:2)-H,794.651,632.5981,304.264,309.3163,261.2462,179.0556
HexCer-NDS(d23:0/19:0)-H,812.6979,650.6451,322.311,309.3163,279.2932,179.0556
HexCer-NDS(d23:0/19:1)-H,810.6823,648.6295,320.2953,309.3163,277.2775,179.0556
HexCer-NDS(d23:0/20:0)-H,826.7136,664.6608,336.3267,309.3163,293.3088,179.0556
HexCer-NDS(d23:0/20:1)-H,824.6979,662.6451,334.311,309.3163,291.2932,179.0556
HexCer-NDS(d23:0/20:2)-H,822.6823,660.6295,332.2953,309.3163,289.2775,179.0556
HexCer-NDS(d23:0/21:0)-H,840.7292,678.6764,350.3423,309.3163,307.3245,179.0556
HexCer-NDS(d23:0/21:1)-H,838.7136,676.6608,348.3267,309.3163,305.3088,179.0556
HexCer-NDS(d23:0/22:0)-H,854.7449,692.6921,364.3579,309.3163,321.3401,179.0556
HexCer-NDS(d23:0/22:1)-H,852.7292,690.6764,362.3423,309.3163,319.3245,179.0556
HexCer-NDS(d23:0/22:2)-H,850.7136,688.6608,360.3267,309.3163,317.3088,179.0556
HexCer-NDS(d23:0/23:0)-H,868.7606,706.7077,378.3736,309.3163,335.3557,179.0556
HexCer-NDS(d23:0/23:1)-H,866.7449,704.6921,376.3579,309.3163,333.3401,179.0556
HexCer-NDS(d23:0/24:0)-H,882.7762,720.7234,392.3893,309.3163,349.3714,179.0556
HexCer-NDS(d23:0/24:1)-H,880.7606,718.7077,390.3736,309.3163,347.3557,179.0556
HexCer-NDS(d23:0/24:2)-H,878.7449,716.6921,388.3579,309.3163,345.3401,179.0556
HexCer-NDS(d23:0/25:0)-H,896.7919,734.739,406.4049,309.3163,363.3871,179.0556
HexCer-NDS(d23:0/25:1)-H,894.7762,732.7234,404.3893,309.3163,361.3714,179.0556
HexCer-NDS(d23:0/26:0)-H,910.8075,748.7547,420.4206,309.3163,377.4027,179.0556
HexCer-NDS(d23:0/26:1)-H,908.7919,746.739,418.4049,309.3163,375.3871,179.0556
HexCer-NDS(d23:0/26:2)-H,906.7762,744.7234,416.3893,309.3163,373.3714,179.0556
HexCer-NDS(d23:0/27:0)-H,924.8231,762.7703,434.4362,309.3163,391.4183,179.0556
HexCer-NDS(d23:0/27:1)-H,922.8075,760.7547,432.4206,309.3163,389.4027,179.0556
HexCer-NDS(d23:0/28:0)-H,938.8388,776.7859,448.4518,309.3163,405.434,179.0556
HexCer-NDS(d23:0/28:1)-H,936.8231,774.7703,446.4362,309.3163,403.4183,179.0556
HexCer-NDS(d23:0/28:2)-H,934.8075,772.7547,444.4206,309.3163,401.4027,179.0556
HexCer-NDS(d23:0/29:0)-H,952.8544,790.8016,462.4675,309.3163,419.4496,179.0556
HexCer-NDS(d23:0/29:1)-H,950.8388,788.7859,460.4518,309.3163,417.434,179.0556
HexCer-NDS(d23:0/30:0)-H,966.8701,804.8173,476.4832,309.3163,433.4653,179.0556
HexCer-NDS(d23:0/30:1)-H,964.8544,802.8016,474.4675,309.3163,431.4496,179.0556
HexCer-NDS(d23:0/30:2)-H,962.8388,800.7859,472.4518,309.3163,429.434,179.0556
HexCer-NDS(d23:0/31:0)-H,980.8857,818.8329,490.4988,309.3163,447.481,179.0556
HexCer-NDS(d23:0/31:1)-H,978.8701,816.8173,488.4832,309.3163,445.4653,179.0556
HexCer-NDS(d23:0/32:0)-H,994.9014,832.8486,504.5144,309.3163,461.4966,179.0556
HexCer-NDS(d23:0/32:1)-H,992.8857,830.8329,502.4988,309.3163,459.481,179.0556
HexCer-NDS(d23:0/32:2)-H,990.8701,828.8173,500.4832,309.3163,457.4653,179.0556
HexCer-NDS(d23:0/33:0)-H,1008.917,846.8642,518.5301,309.3163,475.5122,179.0556
HexCer-NDS(d23:0/33:1)-H,1006.901,844.8486,516.5145,309.3163,473.4966,179.0556
HexCer-NDS(d23:0/34:0)-H,1022.933,860.8799,532.5458,309.3163,489.5279,179.0556
HexCer-NDS(d23:0/34:1)-H,1020.917,858.8642,530.5301,309.3163,487.5122,179.0556
HexCer-NDS(d23:0/34:2)-H,1018.901,856.8486,528.5145,309.3163,485.4966,179.0556
HexCer-NDS(d23:0/35:0)-H,1036.948,874.8955,546.5614,309.3163,503.5435,179.0556
HexCer-NDS(d23:0/35:1)-H,1034.933,872.8799,544.5458,309.3163,501.5279,179.0556
HexCer-NDS(d23:0/36:0)-H,1050.964,888.9112,560.577,309.3163,517.5592,179.0556
HexCer-NDS(d23:0/36:1)-H,1048.948,886.8955,558.5614,309.3163,515.5436,179.0556
HexCer-NDS(d23:0/36:2)-H,1046.933,884.8799,556.5458,309.3163,513.5279,179.0556
HexCer-NDS(d23:0/38:0)-H,1078.995,916.9424,588.6083,309.3163,545.5905,179.0556
HexCer-NDS(d23:0/38:1)-H,1076.98,914.9268,586.5927,309.3163,543.5748,179.0556
HexCer-NDS(d23:0/38:2)-H,1074.964,912.9112,584.577,309.3163,541.5592,179.0556
HexCer-NDS(d23:0/40:0)-H,1107.027,944.9738,616.6396,309.3163,573.6218,179.0556
HexCer-NDS(d23:0/40:1)-H,1105.011,942.9581,614.624,309.3163,571.6061,179.0556
HexCer-NDS(d23:0/40:2)-H,1102.995,940.9424,612.6083,309.3163,569.5905,179.0556
HexCer-NDS(d23:0/42:0)-H,1135.058,973.0051,644.671,309.3163,601.6531,179.0556
HexCer-NDS(d23:0/42:1)-H,1133.042,970.9894,642.6553,309.3163,599.6375,179.0556
HexCer-NDS(d23:0/42:2)-H,1131.027,968.9738,640.6396,309.3163,597.6218,179.0556
HexCer-NDS(d24:0/12:0)-H,728.6041,566.5512,224.2014,323.3319,181.1836,179.0556
HexCer-NDS(d24:0/12:1)-H,726.5884,564.5356,222.1858,323.3319,179.168,179.0556
HexCer-NDS(d24:0/13:0)-H,742.6197,580.5669,238.2171,323.3319,195.1992,179.0556
HexCer-NDS(d24:0/13:1)-H,740.6041,578.5512,236.2014,323.3319,193.1836,179.0556
HexCer-NDS(d24:0/14:0)-H,756.6354,594.5825,252.2328,323.3319,209.2149,179.0556
HexCer-NDS(d24:0/14:1)-H,754.6197,592.5669,250.2171,323.3319,207.1992,179.0556
HexCer-NDS(d24:0/15:0)-H,770.651,608.5981,266.2484,323.3319,223.2305,179.0556
HexCer-NDS(d24:0/15:1)-H,768.6354,606.5825,264.2328,323.3319,221.2149,179.0556
HexCer-NDS(d24:0/16:0)-H,784.6666,622.6138,280.264,323.3319,237.2462,179.0556
HexCer-NDS(d24:0/16:1)-H,782.651,620.5981,278.2484,323.3319,235.2305,179.0556
HexCer-NDS(d24:0/16:2)-H,780.6354,618.5825,276.2328,323.3319,233.2149,179.0556
HexCer-NDS(d24:0/17:0)-H,798.6823,636.6295,294.2797,323.3319,251.2619,179.0556
HexCer-NDS(d24:0/18:0)-H,812.6979,650.6451,308.2953,323.3319,265.2775,179.0556
HexCer-NDS(d24:0/18:1)-H,810.6823,648.6295,306.2797,323.3319,263.2618,179.0556
HexCer-NDS(d24:0/18:2)-H,808.6666,646.6138,304.264,323.3319,261.2462,179.0556
HexCer-NDS(d24:0/19:0)-H,826.7136,664.6608,322.311,323.3319,279.2932,179.0556
HexCer-NDS(d24:0/19:1)-H,824.6979,662.6451,320.2953,323.3319,277.2775,179.0556
HexCer-NDS(d24:0/20:0)-H,840.7292,678.6764,336.3267,323.3319,293.3088,179.0556
HexCer-NDS(d24:0/20:1)-H,838.7136,676.6608,334.311,323.3319,291.2932,179.0556
HexCer-NDS(d24:0/20:2)-H,836.6979,674.6451,332.2953,323.3319,289.2775,179.0556
HexCer-NDS(d24:0/21:0)-H,854.7449,692.6921,350.3423,323.3319,307.3245,179.0556
HexCer-NDS(d24:0/21:1)-H,852.7292,690.6764,348.3267,323.3319,305.3088,179.0556
HexCer-NDS(d24:0/22:0)-H,868.7606,706.7077,364.3579,323.3319,321.3401,179.0556
HexCer-NDS(d24:0/22:1)-H,866.7449,704.6921,362.3423,323.3319,319.3245,179.0556
HexCer-NDS(d24:0/22:2)-H,864.7292,702.6764,360.3267,323.3319,317.3088,179.0556
HexCer-NDS(d24:0/23:0)-H,882.7762,720.7234,378.3736,323.3319,335.3557,179.0556
HexCer-NDS(d24:0/23:1)-H,880.7606,718.7077,376.3579,323.3319,333.3401,179.0556
HexCer-NDS(d24:0/24:0)-H,896.7919,734.739,392.3893,323.3319,349.3714,179.0556
HexCer-NDS(d24:0/24:1)-H,894.7762,732.7234,390.3736,323.3319,347.3557,179.0556
HexCer-NDS(d24:0/24:2)-H,892.7606,730.7077,388.3579,323.3319,345.3401,179.0556
HexCer-NDS(d24:0/25:0)-H,910.8075,748.7547,406.4049,323.3319,363.3871,179.0556
HexCer-NDS(d24:0/25:1)-H,908.7919,746.739,404.3893,323.3319,361.3714,179.0556
HexCer-NDS(d24:0/26:0)-H,924.8231,762.7703,420.4206,323.3319,377.4027,179.0556
HexCer-NDS(d24:0/26:1)-H,922.8075,760.7547,418.4049,323.3319,375.3871,179.0556
HexCer-NDS(d24:0/26:2)-H,920.7919,758.739,416.3893,323.3319,373.3714,179.0556
HexCer-NDS(d24:0/27:0)-H,938.8388,776.7859,434.4362,323.3319,391.4183,179.0556
HexCer-NDS(d24:0/27:1)-H,936.8231,774.7703,432.4206,323.3319,389.4027,179.0556
HexCer-NDS(d24:0/28:0)-H,952.8544,790.8016,448.4518,323.3319,405.434,179.0556
HexCer-NDS(d24:0/28:1)-H,950.8388,788.7859,446.4362,323.3319,403.4183,179.0556
HexCer-NDS(d24:0/28:2)-H,948.8231,786.7703,444.4206,323.3319,401.4027,179.0556
HexCer-NDS(d24:0/29:0)-H,966.8701,804.8173,462.4675,323.3319,419.4496,179.0556
HexCer-NDS(d24:0/29:1)-H,964.8544,802.8016,460.4518,323.3319,417.434,179.0556
HexCer-NDS(d24:0/30:0)-H,980.8857,818.8329,476.4832,323.3319,433.4653,179.0556
HexCer-NDS(d24:0/30:1)-H,978.8701,816.8173,474.4675,323.3319,431.4496,179.0556
HexCer-NDS(d24:0/30:2)-H,976.8544,814.8016,472.4518,323.3319,429.434,179.0556
HexCer-NDS(d24:0/31:0)-H,994.9014,832.8486,490.4988,323.3319,447.481,179.0556
HexCer-NDS(d24:0/31:1)-H,992.8857,830.8329,488.4832,323.3319,445.4653,179.0556
HexCer-NDS(d24:0/32:0)-H,1008.917,846.8642,504.5144,323.3319,461.4966,179.0556
HexCer-NDS(d24:0/32:1)-H,1006.901,844.8486,502.4988,323.3319,459.481,179.0556
HexCer-NDS(d24:0/32:2)-H,1004.886,842.8329,500.4832,323.3319,457.4653,179.0556
HexCer-NDS(d24:0/33:0)-H,1022.933,860.8799,518.5301,323.3319,475.5122,179.0556
HexCer-NDS(d24:0/33:1)-H,1020.917,858.8642,516.5145,323.3319,473.4966,179.0556
HexCer-NDS(d24:0/34:0)-H,1036.948,874.8955,532.5458,323.3319,489.5279,179.0556
HexCer-NDS(d24:0/34:1)-H,1034.933,872.8799,530.5301,323.3319,487.5122,179.0556
HexCer-NDS(d24:0/34:2)-H,1032.917,870.8642,528.5145,323.3319,485.4966,179.0556
HexCer-NDS(d24:0/35:0)-H,1050.964,888.9112,546.5614,323.3319,503.5435,179.0556
HexCer-NDS(d24:0/35:1)-H,1048.948,886.8955,544.5458,323.3319,501.5279,179.0556
HexCer-NDS(d24:0/36:0)-H,1064.98,902.9268,560.577,323.3319,517.5592,179.0556
HexCer-NDS(d24:0/36:1)-H,1062.964,900.9112,558.5614,323.3319,515.5436,179.0556
HexCer-NDS(d24:0/36:2)-H,1060.948,898.8955,556.5458,323.3319,513.5279,179.0556
HexCer-NDS(d24:0/38:0)-H,1093.011,930.9581,588.6083,323.3319,545.5905,179.0556
HexCer-NDS(d24:0/38:1)-H,1090.995,928.9424,586.5927,323.3319,543.5748,179.0556
HexCer-NDS(d24:0/38:2)-H,1088.98,926.9268,584.577,323.3319,541.5592,179.0556
HexCer-NDS(d24:0/40:0)-H,1121.042,958.9894,616.6396,323.3319,573.6218,179.0556
HexCer-NDS(d24:0/40:1)-H,1119.027,956.9738,614.624,323.3319,571.6061,179.0556
HexCer-NDS(d24:0/40:2)-H,1117.011,954.9581,612.6083,323.3319,569.5905,179.0556
HexCer-NDS(d24:0/42:0)-H,1149.074,987.0207,644.671,323.3319,601.6531,179.0556
HexCer-NDS(d24:0/42:1)-H,1147.058,985.0051,642.6553,323.3319,599.6375,179.0556
HexCer-NDS(d24:0/42:2)-H,1145.042,982.9894,640.6396,323.3319,597.6218,179.0556
HexCer-NDS(d25:0/12:0)-H,742.6197,580.5669,224.2014,337.3476,181.1836,179.0556
HexCer-NDS(d25:0/12:1)-H,740.6041,578.5512,222.1858,337.3476,179.168,179.0556
HexCer-NDS(d25:0/13:0)-H,756.6354,594.5825,238.2171,337.3476,195.1992,179.0556
HexCer-NDS(d25:0/13:1)-H,754.6197,592.5669,236.2014,337.3476,193.1836,179.0556
HexCer-NDS(d25:0/14:0)-H,770.651,608.5981,252.2328,337.3476,209.2149,179.0556
HexCer-NDS(d25:0/14:1)-H,768.6354,606.5825,250.2171,337.3476,207.1992,179.0556
HexCer-NDS(d25:0/15:0)-H,784.6666,622.6138,266.2484,337.3476,223.2305,179.0556
HexCer-NDS(d25:0/15:1)-H,782.651,620.5981,264.2328,337.3476,221.2149,179.0556
HexCer-NDS(d25:0/16:0)-H,798.6823,636.6295,280.264,337.3476,237.2462,179.0556
HexCer-NDS(d25:0/16:1)-H,796.6666,634.6138,278.2484,337.3476,235.2305,179.0556
HexCer-NDS(d25:0/16:2)-H,794.651,632.5981,276.2328,337.3476,233.2149,179.0556
HexCer-NDS(d25:0/17:0)-H,812.6979,650.6451,294.2797,337.3476,251.2619,179.0556
HexCer-NDS(d25:0/18:0)-H,826.7136,664.6608,308.2953,337.3476,265.2775,179.0556
HexCer-NDS(d25:0/18:1)-H,824.6979,662.6451,306.2797,337.3476,263.2618,179.0556
HexCer-NDS(d25:0/18:2)-H,822.6823,660.6295,304.264,337.3476,261.2462,179.0556
HexCer-NDS(d25:0/19:0)-H,840.7292,678.6764,322.311,337.3476,279.2932,179.0556
HexCer-NDS(d25:0/19:1)-H,838.7136,676.6608,320.2953,337.3476,277.2775,179.0556
HexCer-NDS(d25:0/20:0)-H,854.7449,692.6921,336.3267,337.3476,293.3088,179.0556
HexCer-NDS(d25:0/20:1)-H,852.7292,690.6764,334.311,337.3476,291.2932,179.0556
HexCer-NDS(d25:0/20:2)-H,850.7136,688.6608,332.2953,337.3476,289.2775,179.0556
HexCer-NDS(d25:0/21:0)-H,868.7606,706.7077,350.3423,337.3476,307.3245,179.0556
HexCer-NDS(d25:0/21:1)-H,866.7449,704.6921,348.3267,337.3476,305.3088,179.0556
HexCer-NDS(d25:0/22:0)-H,882.7762,720.7234,364.3579,337.3476,321.3401,179.0556
HexCer-NDS(d25:0/22:1)-H,880.7606,718.7077,362.3423,337.3476,319.3245,179.0556
HexCer-NDS(d25:0/22:2)-H,878.7449,716.6921,360.3267,337.3476,317.3088,179.0556
HexCer-NDS(d25:0/23:0)-H,896.7919,734.739,378.3736,337.3476,335.3557,179.0556
HexCer-NDS(d25:0/23:1)-H,894.7762,732.7234,376.3579,337.3476,333.3401,179.0556
HexCer-NDS(d25:0/24:0)-H,910.8075,748.7547,392.3893,337.3476,349.3714,179.0556
HexCer-NDS(d25:0/24:1)-H,908.7919,746.739,390.3736,337.3476,347.3557,179.0556
HexCer-NDS(d25:0/24:2)-H,906.7762,744.7234,388.3579,337.3476,345.3401,179.0556
HexCer-NDS(d25:0/25:0)-H,924.8231,762.7703,406.4049,337.3476,363.3871,179.0556
HexCer-NDS(d25:0/25:1)-H,922.8075,760.7547,404.3893,337.3476,361.3714,179.0556
HexCer-NDS(d25:0/26:0)-H,938.8388,776.7859,420.4206,337.3476,377.4027,179.0556
HexCer-NDS(d25:0/26:1)-H,936.8231,774.7703,418.4049,337.3476,375.3871,179.0556
HexCer-NDS(d25:0/26:2)-H,934.8075,772.7547,416.3893,337.3476,373.3714,179.0556
HexCer-NDS(d25:0/27:0)-H,952.8544,790.8016,434.4362,337.3476,391.4183,179.0556
HexCer-NDS(d25:0/27:1)-H,950.8388,788.7859,432.4206,337.3476,389.4027,179.0556
HexCer-NDS(d25:0/28:0)-H,966.8701,804.8173,448.4518,337.3476,405.434,179.0556
HexCer-NDS(d25:0/28:1)-H,964.8544,802.8016,446.4362,337.3476,403.4183,179.0556
HexCer-NDS(d25:0/28:2)-H,962.8388,800.7859,444.4206,337.3476,401.4027,179.0556
HexCer-NDS(d25:0/29:0)-H,980.8857,818.8329,462.4675,337.3476,419.4496,179.0556
HexCer-NDS(d25:0/29:1)-H,978.8701,816.8173,460.4518,337.3476,417.434,179.0556
HexCer-NDS(d25:0/30:0)-H,994.9014,832.8486,476.4832,337.3476,433.4653,179.0556
HexCer-NDS(d25:0/30:1)-H,992.8857,830.8329,474.4675,337.3476,431.4496,179.0556
HexCer-NDS(d25:0/30:2)-H,990.8701,828.8173,472.4518,337.3476,429.434,179.0556
HexCer-NDS(d25:0/31:0)-H,1008.917,846.8642,490.4988,337.3476,447.481,179.0556
HexCer-NDS(d25:0/31:1)-H,1006.901,844.8486,488.4832,337.3476,445.4653,179.0556
HexCer-NDS(d25:0/32:0)-H,1022.933,860.8799,504.5144,337.3476,461.4966,179.0556
HexCer-NDS(d25:0/32:1)-H,1020.917,858.8642,502.4988,337.3476,459.481,179.0556
HexCer-NDS(d25:0/32:2)-H,1018.901,856.8486,500.4832,337.3476,457.4653,179.0556
HexCer-NDS(d25:0/33:0)-H,1036.948,874.8955,518.5301,337.3476,475.5122,179.0556
HexCer-NDS(d25:0/33:1)-H,1034.933,872.8799,516.5145,337.3476,473.4966,179.0556
HexCer-NDS(d25:0/34:0)-H,1050.964,888.9112,532.5458,337.3476,489.5279,179.0556
HexCer-NDS(d25:0/34:1)-H,1048.948,886.8955,530.5301,337.3476,487.5122,179.0556
HexCer-NDS(d25:0/34:2)-H,1046.933,884.8799,528.5145,337.3476,485.4966,179.0556
HexCer-NDS(d25:0/35:0)-H,1064.98,902.9268,546.5614,337.3476,503.5435,179.0556
HexCer-NDS(d25:0/35:1)-H,1062.964,900.9112,544.5458,337.3476,501.5279,179.0556
HexCer-NDS(d25:0/36:0)-H,1078.995,916.9424,560.577,337.3476,517.5592,179.0556
HexCer-NDS(d25:0/36:1)-H,1076.98,914.9268,558.5614,337.3476,515.5436,179.0556
HexCer-NDS(d25:0/36:2)-H,1074.964,912.9112,556.5458,337.3476,513.5279,179.0556
HexCer-NDS(d25:0/38:0)-H,1107.027,944.9738,588.6083,337.3476,545.5905,179.0556
HexCer-NDS(d25:0/38:1)-H,1105.011,942.9581,586.5927,337.3476,543.5748,179.0556
HexCer-NDS(d25:0/38:2)-H,1102.995,940.9424,584.577,337.3476,541.5592,179.0556
HexCer-NDS(d25:0/40:0)-H,1135.058,973.0051,616.6396,337.3476,573.6218,179.0556
HexCer-NDS(d25:0/40:1)-H,1133.042,970.9894,614.624,337.3476,571.6061,179.0556
HexCer-NDS(d25:0/40:2)-H,1131.027,968.9738,612.6083,337.3476,569.5905,179.0556
HexCer-NDS(d25:0/42:0)-H,1163.089,1001.036,644.671,337.3476,601.6531,179.0556
HexCer-NDS(d25:0/42:1)-H,1161.074,999.0207,642.6553,337.3476,599.6375,179.0556
HexCer-NDS(d25:0/42:2)-H,1159.058,997.0051,640.6396,337.3476,597.6218,179.0556
HexCer-NDS(d26:0/12:0)-H,756.6354,594.5825,224.2014,351.3633,181.1836,179.0556
HexCer-NDS(d26:0/12:1)-H,754.6197,592.5669,222.1858,351.3633,179.168,179.0556
HexCer-NDS(d26:0/13:0)-H,770.651,608.5981,238.2171,351.3633,195.1992,179.0556
HexCer-NDS(d26:0/13:1)-H,768.6354,606.5825,236.2014,351.3633,193.1836,179.0556
HexCer-NDS(d26:0/14:0)-H,784.6666,622.6138,252.2328,351.3633,209.2149,179.0556
HexCer-NDS(d26:0/14:1)-H,782.651,620.5981,250.2171,351.3633,207.1992,179.0556
HexCer-NDS(d26:0/15:0)-H,798.6823,636.6295,266.2484,351.3633,223.2305,179.0556
HexCer-NDS(d26:0/15:1)-H,796.6666,634.6138,264.2328,351.3633,221.2149,179.0556
HexCer-NDS(d26:0/16:0)-H,812.6979,650.6451,280.264,351.3633,237.2462,179.0556
HexCer-NDS(d26:0/16:1)-H,810.6823,648.6295,278.2484,351.3633,235.2305,179.0556
HexCer-NDS(d26:0/16:2)-H,808.6666,646.6138,276.2328,351.3633,233.2149,179.0556
HexCer-NDS(d26:0/17:0)-H,826.7136,664.6608,294.2797,351.3633,251.2619,179.0556
HexCer-NDS(d26:0/18:0)-H,840.7292,678.6764,308.2953,351.3633,265.2775,179.0556
HexCer-NDS(d26:0/18:1)-H,838.7136,676.6608,306.2797,351.3633,263.2618,179.0556
HexCer-NDS(d26:0/18:2)-H,836.6979,674.6451,304.264,351.3633,261.2462,179.0556
HexCer-NDS(d26:0/19:0)-H,854.7449,692.6921,322.311,351.3633,279.2932,179.0556
HexCer-NDS(d26:0/19:1)-H,852.7292,690.6764,320.2953,351.3633,277.2775,179.0556
HexCer-NDS(d26:0/20:0)-H,868.7606,706.7077,336.3267,351.3633,293.3088,179.0556
HexCer-NDS(d26:0/20:1)-H,866.7449,704.6921,334.311,351.3633,291.2932,179.0556
HexCer-NDS(d26:0/20:2)-H,864.7292,702.6764,332.2953,351.3633,289.2775,179.0556
HexCer-NDS(d26:0/21:0)-H,882.7762,720.7234,350.3423,351.3633,307.3245,179.0556
HexCer-NDS(d26:0/21:1)-H,880.7606,718.7077,348.3267,351.3633,305.3088,179.0556
HexCer-NDS(d26:0/22:0)-H,896.7919,734.739,364.3579,351.3633,321.3401,179.0556
HexCer-NDS(d26:0/22:1)-H,894.7762,732.7234,362.3423,351.3633,319.3245,179.0556
HexCer-NDS(d26:0/22:2)-H,892.7606,730.7077,360.3267,351.3633,317.3088,179.0556
HexCer-NDS(d26:0/23:0)-H,910.8075,748.7547,378.3736,351.3633,335.3557,179.0556
HexCer-NDS(d26:0/23:1)-H,908.7919,746.739,376.3579,351.3633,333.3401,179.0556
HexCer-NDS(d26:0/24:0)-H,924.8231,762.7703,392.3893,351.3633,349.3714,179.0556
HexCer-NDS(d26:0/24:1)-H,922.8075,760.7547,390.3736,351.3633,347.3557,179.0556
HexCer-NDS(d26:0/24:2)-H,920.7919,758.739,388.3579,351.3633,345.3401,179.0556
HexCer-NDS(d26:0/25:0)-H,938.8388,776.7859,406.4049,351.3633,363.3871,179.0556
HexCer-NDS(d26:0/25:1)-H,936.8231,774.7703,404.3893,351.3633,361.3714,179.0556
HexCer-NDS(d26:0/26:0)-H,952.8544,790.8016,420.4206,351.3633,377.4027,179.0556
HexCer-NDS(d26:0/26:1)-H,950.8388,788.7859,418.4049,351.3633,375.3871,179.0556
HexCer-NDS(d26:0/26:2)-H,948.8231,786.7703,416.3893,351.3633,373.3714,179.0556
HexCer-NDS(d26:0/27:0)-H,966.8701,804.8173,434.4362,351.3633,391.4183,179.0556
HexCer-NDS(d26:0/27:1)-H,964.8544,802.8016,432.4206,351.3633,389.4027,179.0556
HexCer-NDS(d26:0/28:0)-H,980.8857,818.8329,448.4518,351.3633,405.434,179.0556
HexCer-NDS(d26:0/28:1)-H,978.8701,816.8173,446.4362,351.3633,403.4183,179.0556
HexCer-NDS(d26:0/28:2)-H,976.8544,814.8016,444.4206,351.3633,401.4027,179.0556
HexCer-NDS(d26:0/29:0)-H,994.9014,832.8486,462.4675,351.3633,419.4496,179.0556
HexCer-NDS(d26:0/29:1)-H,992.8857,830.8329,460.4518,351.3633,417.434,179.0556
HexCer-NDS(d26:0/30:0)-H,1008.917,846.8642,476.4832,351.3633,433.4653,179.0556
HexCer-NDS(d26:0/30:1)-H,1006.901,844.8486,474.4675,351.3633,431.4496,179.0556
HexCer-NDS(d26:0/30:2)-H,1004.886,842.8329,472.4518,351.3633,429.434,179.0556
HexCer-NDS(d26:0/31:0)-H,1022.933,860.8799,490.4988,351.3633,447.481,179.0556
HexCer-NDS(d26:0/31:1)-H,1020.917,858.8642,488.4832,351.3633,445.4653,179.0556
HexCer-NDS(d26:0/32:0)-H,1036.948,874.8955,504.5144,351.3633,461.4966,179.0556
HexCer-NDS(d26:0/32:1)-H,1034.933,872.8799,502.4988,351.3633,459.481,179.0556
HexCer-NDS(d26:0/32:2)-H,1032.917,870.8642,500.4832,351.3633,457.4653,179.0556
HexCer-NDS(d26:0/33:0)-H,1050.964,888.9112,518.5301,351.3633,475.5122,179.0556
HexCer-NDS(d26:0/33:1)-H,1048.948,886.8955,516.5145,351.3633,473.4966,179.0556
HexCer-NDS(d26:0/34:0)-H,1064.98,902.9268,532.5458,351.3633,489.5279,179.0556
HexCer-NDS(d26:0/34:1)-H,1062.964,900.9112,530.5301,351.3633,487.5122,179.0556
HexCer-NDS(d26:0/34:2)-H,1060.948,898.8955,528.5145,351.3633,485.4966,179.0556
HexCer-NDS(d26:0/35:0)-H,1078.995,916.9424,546.5614,351.3633,503.5435,179.0556
HexCer-NDS(d26:0/35:1)-H,1076.98,914.9268,544.5458,351.3633,501.5279,179.0556
HexCer-NDS(d26:0/36:0)-H,1093.011,930.9581,560.577,351.3633,517.5592,179.0556
HexCer-NDS(d26:0/36:1)-H,1090.995,928.9424,558.5614,351.3633,515.5436,179.0556
HexCer-NDS(d26:0/36:2)-H,1088.98,926.9268,556.5458,351.3633,513.5279,179.0556
HexCer-NDS(d26:0/38:0)-H,1121.042,958.9894,588.6083,351.3633,545.5905,179.0556
HexCer-NDS(d26:0/38:1)-H,1119.027,956.9738,586.5927,351.3633,543.5748,179.0556
HexCer-NDS(d26:0/38:2)-H,1117.011,954.9581,584.577,351.3633,541.5592,179.0556
HexCer-NDS(d26:0/40:0)-H,1149.074,987.0207,616.6396,351.3633,573.6218,179.0556
HexCer-NDS(d26:0/40:1)-H,1147.058,985.0051,614.624,351.3633,571.6061,179.0556
HexCer-NDS(d26:0/40:2)-H,1145.042,982.9894,612.6083,351.3633,569.5905,179.0556
HexCer-NDS(d26:0/42:0)-H,1177.105,1015.052,644.671,351.3633,601.6531,179.0556
HexCer-NDS(d26:0/42:1)-H,1175.089,1013.036,642.6553,351.3633,599.6375,179.0556
HexCer-NDS(d26:0/42:2)-H,1173.074,1011.021,640.6396,351.3633,597.6218,179.0556
HexCer-NDS(d27:0/12:0)-H,770.651,608.5981,224.2014,365.3789,181.1836,179.0556
HexCer-NDS(d27:0/12:1)-H,768.6354,606.5825,222.1858,365.3789,179.168,179.0556
HexCer-NDS(d27:0/13:0)-H,784.6666,622.6138,238.2171,365.3789,195.1992,179.0556
HexCer-NDS(d27:0/13:1)-H,782.651,620.5981,236.2014,365.3789,193.1836,179.0556
HexCer-NDS(d27:0/14:0)-H,798.6823,636.6295,252.2328,365.3789,209.2149,179.0556
HexCer-NDS(d27:0/14:1)-H,796.6666,634.6138,250.2171,365.3789,207.1992,179.0556
HexCer-NDS(d27:0/15:0)-H,812.6979,650.6451,266.2484,365.3789,223.2305,179.0556
HexCer-NDS(d27:0/15:1)-H,810.6823,648.6295,264.2328,365.3789,221.2149,179.0556
HexCer-NDS(d27:0/16:0)-H,826.7136,664.6608,280.264,365.3789,237.2462,179.0556
HexCer-NDS(d27:0/16:1)-H,824.6979,662.6451,278.2484,365.3789,235.2305,179.0556
HexCer-NDS(d27:0/16:2)-H,822.6823,660.6295,276.2328,365.3789,233.2149,179.0556
HexCer-NDS(d27:0/17:0)-H,840.7292,678.6764,294.2797,365.3789,251.2619,179.0556
HexCer-NDS(d27:0/18:0)-H,854.7449,692.6921,308.2953,365.3789,265.2775,179.0556
HexCer-NDS(d27:0/18:1)-H,852.7292,690.6764,306.2797,365.3789,263.2618,179.0556
HexCer-NDS(d27:0/18:2)-H,850.7136,688.6608,304.264,365.3789,261.2462,179.0556
HexCer-NDS(d27:0/19:0)-H,868.7606,706.7077,322.311,365.3789,279.2932,179.0556
HexCer-NDS(d27:0/19:1)-H,866.7449,704.6921,320.2953,365.3789,277.2775,179.0556
HexCer-NDS(d27:0/20:0)-H,882.7762,720.7234,336.3267,365.3789,293.3088,179.0556
HexCer-NDS(d27:0/20:1)-H,880.7606,718.7077,334.311,365.3789,291.2932,179.0556
HexCer-NDS(d27:0/20:2)-H,878.7449,716.6921,332.2953,365.3789,289.2775,179.0556
HexCer-NDS(d27:0/21:0)-H,896.7919,734.739,350.3423,365.3789,307.3245,179.0556
HexCer-NDS(d27:0/21:1)-H,894.7762,732.7234,348.3267,365.3789,305.3088,179.0556
HexCer-NDS(d27:0/22:0)-H,910.8075,748.7547,364.3579,365.3789,321.3401,179.0556
HexCer-NDS(d27:0/22:1)-H,908.7919,746.739,362.3423,365.3789,319.3245,179.0556
HexCer-NDS(d27:0/22:2)-H,906.7762,744.7234,360.3267,365.3789,317.3088,179.0556
HexCer-NDS(d27:0/23:0)-H,924.8231,762.7703,378.3736,365.3789,335.3557,179.0556
HexCer-NDS(d27:0/23:1)-H,922.8075,760.7547,376.3579,365.3789,333.3401,179.0556
HexCer-NDS(d27:0/24:0)-H,938.8388,776.7859,392.3893,365.3789,349.3714,179.0556
HexCer-NDS(d27:0/24:1)-H,936.8231,774.7703,390.3736,365.3789,347.3557,179.0556
HexCer-NDS(d27:0/24:2)-H,934.8075,772.7547,388.3579,365.3789,345.3401,179.0556
HexCer-NDS(d27:0/25:0)-H,952.8544,790.8016,406.4049,365.3789,363.3871,179.0556
HexCer-NDS(d27:0/25:1)-H,950.8388,788.7859,404.3893,365.3789,361.3714,179.0556
HexCer-NDS(d27:0/26:0)-H,966.8701,804.8173,420.4206,365.3789,377.4027,179.0556
HexCer-NDS(d27:0/26:1)-H,964.8544,802.8016,418.4049,365.3789,375.3871,179.0556
HexCer-NDS(d27:0/26:2)-H,962.8388,800.7859,416.3893,365.3789,373.3714,179.0556
HexCer-NDS(d27:0/27:0)-H,980.8857,818.8329,434.4362,365.3789,391.4183,179.0556
HexCer-NDS(d27:0/27:1)-H,978.8701,816.8173,432.4206,365.3789,389.4027,179.0556
HexCer-NDS(d27:0/28:0)-H,994.9014,832.8486,448.4518,365.3789,405.434,179.0556
HexCer-NDS(d27:0/28:1)-H,992.8857,830.8329,446.4362,365.3789,403.4183,179.0556
HexCer-NDS(d27:0/28:2)-H,990.8701,828.8173,444.4206,365.3789,401.4027,179.0556
HexCer-NDS(d27:0/29:0)-H,1008.917,846.8642,462.4675,365.3789,419.4496,179.0556
HexCer-NDS(d27:0/29:1)-H,1006.901,844.8486,460.4518,365.3789,417.434,179.0556
HexCer-NDS(d27:0/30:0)-H,1022.933,860.8799,476.4832,365.3789,433.4653,179.0556
HexCer-NDS(d27:0/30:1)-H,1020.917,858.8642,474.4675,365.3789,431.4496,179.0556
HexCer-NDS(d27:0/30:2)-H,1018.901,856.8486,472.4518,365.3789,429.434,179.0556
HexCer-NDS(d27:0/31:0)-H,1036.948,874.8955,490.4988,365.3789,447.481,179.0556
HexCer-NDS(d27:0/31:1)-H,1034.933,872.8799,488.4832,365.3789,445.4653,179.0556
HexCer-NDS(d27:0/32:0)-H,1050.964,888.9112,504.5144,365.3789,461.4966,179.0556
HexCer-NDS(d27:0/32:1)-H,1048.948,886.8955,502.4988,365.3789,459.481,179.0556
HexCer-NDS(d27:0/32:2)-H,1046.933,884.8799,500.4832,365.3789,457.4653,179.0556
HexCer-NDS(d27:0/33:0)-H,1064.98,902.9268,518.5301,365.3789,475.5122,179.0556
HexCer-NDS(d27:0/33:1)-H,1062.964,900.9112,516.5145,365.3789,473.4966,179.0556
HexCer-NDS(d27:0/34:0)-H,1078.995,916.9424,532.5458,365.3789,489.5279,179.0556
HexCer-NDS(d27:0/34:1)-H,1076.98,914.9268,530.5301,365.3789,487.5122,179.0556
HexCer-NDS(d27:0/34:2)-H,1074.964,912.9112,528.5145,365.3789,485.4966,179.0556
HexCer-NDS(d27:0/35:0)-H,1093.011,930.9581,546.5614,365.3789,503.5435,179.0556
HexCer-NDS(d27:0/35:1)-H,1090.995,928.9424,544.5458,365.3789,501.5279,179.0556
HexCer-NDS(d27:0/36:0)-H,1107.027,944.9738,560.577,365.3789,517.5592,179.0556
HexCer-NDS(d27:0/36:1)-H,1105.011,942.9581,558.5614,365.3789,515.5436,179.0556
HexCer-NDS(d27:0/36:2)-H,1102.995,940.9424,556.5458,365.3789,513.5279,179.0556
HexCer-NDS(d27:0/38:0)-H,1135.058,973.0051,588.6083,365.3789,545.5905,179.0556
HexCer-NDS(d27:0/38:1)-H,1133.042,970.9894,586.5927,365.3789,543.5748,179.0556
HexCer-NDS(d27:0/38:2)-H,1131.027,968.9738,584.577,365.3789,541.5592,179.0556
HexCer-NDS(d27:0/40:0)-H,1163.089,1001.036,616.6396,365.3789,573.6218,179.0556
HexCer-NDS(d27:0/40:1)-H,1161.074,999.0207,614.624,365.3789,571.6061,179.0556
HexCer-NDS(d27:0/40:2)-H,1159.058,997.0051,612.6083,365.3789,569.5905,179.0556
HexCer-NDS(d27:0/42:0)-H,1191.12,1029.068,644.671,365.3789,601.6531,179.0556
HexCer-NDS(d27:0/42:1)-H,1189.105,1027.052,642.6553,365.3789,599.6375,179.0556
HexCer-NDS(d27:0/42:2)-H,1187.089,1025.036,640.6396,365.3789,597.6218,179.0556
HexCer-NDS(d28:0/12:0)-H,784.6666,622.6138,224.2014,379.3945,181.1836,179.0556
HexCer-NDS(d28:0/12:1)-H,782.651,620.5981,222.1858,379.3945,179.168,179.0556
HexCer-NDS(d28:0/13:0)-H,798.6823,636.6295,238.2171,379.3945,195.1992,179.0556
HexCer-NDS(d28:0/13:1)-H,796.6666,634.6138,236.2014,379.3945,193.1836,179.0556
HexCer-NDS(d28:0/14:0)-H,812.6979,650.6451,252.2328,379.3945,209.2149,179.0556
HexCer-NDS(d28:0/14:1)-H,810.6823,648.6295,250.2171,379.3945,207.1992,179.0556
HexCer-NDS(d28:0/15:0)-H,826.7136,664.6608,266.2484,379.3945,223.2305,179.0556
HexCer-NDS(d28:0/15:1)-H,824.6979,662.6451,264.2328,379.3945,221.2149,179.0556
HexCer-NDS(d28:0/16:0)-H,840.7292,678.6764,280.264,379.3945,237.2462,179.0556
HexCer-NDS(d28:0/16:1)-H,838.7136,676.6608,278.2484,379.3945,235.2305,179.0556
HexCer-NDS(d28:0/16:2)-H,836.6979,674.6451,276.2328,379.3945,233.2149,179.0556
HexCer-NDS(d28:0/17:0)-H,854.7449,692.6921,294.2797,379.3945,251.2619,179.0556
HexCer-NDS(d28:0/18:0)-H,868.7606,706.7077,308.2953,379.3945,265.2775,179.0556
HexCer-NDS(d28:0/18:1)-H,866.7449,704.6921,306.2797,379.3945,263.2618,179.0556
HexCer-NDS(d28:0/18:2)-H,864.7292,702.6764,304.264,379.3945,261.2462,179.0556
HexCer-NDS(d28:0/19:0)-H,882.7762,720.7234,322.311,379.3945,279.2932,179.0556
HexCer-NDS(d28:0/19:1)-H,880.7606,718.7077,320.2953,379.3945,277.2775,179.0556
HexCer-NDS(d28:0/20:0)-H,896.7919,734.739,336.3267,379.3945,293.3088,179.0556
HexCer-NDS(d28:0/20:1)-H,894.7762,732.7234,334.311,379.3945,291.2932,179.0556
HexCer-NDS(d28:0/20:2)-H,892.7606,730.7077,332.2953,379.3945,289.2775,179.0556
HexCer-NDS(d28:0/21:0)-H,910.8075,748.7547,350.3423,379.3945,307.3245,179.0556
HexCer-NDS(d28:0/21:1)-H,908.7919,746.739,348.3267,379.3945,305.3088,179.0556
HexCer-NDS(d28:0/22:0)-H,924.8231,762.7703,364.3579,379.3945,321.3401,179.0556
HexCer-NDS(d28:0/22:1)-H,922.8075,760.7547,362.3423,379.3945,319.3245,179.0556
HexCer-NDS(d28:0/22:2)-H,920.7919,758.739,360.3267,379.3945,317.3088,179.0556
HexCer-NDS(d28:0/23:0)-H,938.8388,776.7859,378.3736,379.3945,335.3557,179.0556
HexCer-NDS(d28:0/23:1)-H,936.8231,774.7703,376.3579,379.3945,333.3401,179.0556
HexCer-NDS(d28:0/24:0)-H,952.8544,790.8016,392.3893,379.3945,349.3714,179.0556
HexCer-NDS(d28:0/24:1)-H,950.8388,788.7859,390.3736,379.3945,347.3557,179.0556
HexCer-NDS(d28:0/24:2)-H,948.8231,786.7703,388.3579,379.3945,345.3401,179.0556
HexCer-NDS(d28:0/25:0)-H,966.8701,804.8173,406.4049,379.3945,363.3871,179.0556
HexCer-NDS(d28:0/25:1)-H,964.8544,802.8016,404.3893,379.3945,361.3714,179.0556
HexCer-NDS(d28:0/26:0)-H,980.8857,818.8329,420.4206,379.3945,377.4027,179.0556
HexCer-NDS(d28:0/26:1)-H,978.8701,816.8173,418.4049,379.3945,375.3871,179.0556
HexCer-NDS(d28:0/26:2)-H,976.8544,814.8016,416.3893,379.3945,373.3714,179.0556
HexCer-NDS(d28:0/27:0)-H,994.9014,832.8486,434.4362,379.3945,391.4183,179.0556
HexCer-NDS(d28:0/27:1)-H,992.8857,830.8329,432.4206,379.3945,389.4027,179.0556
HexCer-NDS(d28:0/28:0)-H,1008.917,846.8642,448.4518,379.3945,405.434,179.0556
HexCer-NDS(d28:0/28:1)-H,1006.901,844.8486,446.4362,379.3945,403.4183,179.0556
HexCer-NDS(d28:0/28:2)-H,1004.886,842.8329,444.4206,379.3945,401.4027,179.0556
HexCer-NDS(d28:0/29:0)-H,1022.933,860.8799,462.4675,379.3945,419.4496,179.0556
HexCer-NDS(d28:0/29:1)-H,1020.917,858.8642,460.4518,379.3945,417.434,179.0556
HexCer-NDS(d28:0/30:0)-H,1036.948,874.8955,476.4832,379.3945,433.4653,179.0556
HexCer-NDS(d28:0/30:1)-H,1034.933,872.8799,474.4675,379.3945,431.4496,179.0556
HexCer-NDS(d28:0/30:2)-H,1032.917,870.8642,472.4518,379.3945,429.434,179.0556
HexCer-NDS(d28:0/31:0)-H,1050.964,888.9112,490.4988,379.3945,447.481,179.0556
HexCer-NDS(d28:0/31:1)-H,1048.948,886.8955,488.4832,379.3945,445.4653,179.0556
HexCer-NDS(d28:0/32:0)-H,1064.98,902.9268,504.5144,379.3945,461.4966,179.0556
HexCer-NDS(d28:0/32:1)-H,1062.964,900.9112,502.4988,379.3945,459.481,179.0556
HexCer-NDS(d28:0/32:2)-H,1060.948,898.8955,500.4832,379.3945,457.4653,179.0556
HexCer-NDS(d28:0/33:0)-H,1078.995,916.9424,518.5301,379.3945,475.5122,179.0556
HexCer-NDS(d28:0/33:1)-H,1076.98,914.9268,516.5145,379.3945,473.4966,179.0556
HexCer-NDS(d28:0/34:0)-H,1093.011,930.9581,532.5458,379.3945,489.5279,179.0556
HexCer-NDS(d28:0/34:1)-H,1090.995,928.9424,530.5301,379.3945,487.5122,179.0556
HexCer-NDS(d28:0/34:2)-H,1088.98,926.9268,528.5145,379.3945,485.4966,179.0556
HexCer-NDS(d28:0/35:0)-H,1107.027,944.9738,546.5614,379.3945,503.5435,179.0556
HexCer-NDS(d28:0/35:1)-H,1105.011,942.9581,544.5458,379.3945,501.5279,179.0556
HexCer-NDS(d28:0/36:0)-H,1121.042,958.9894,560.577,379.3945,517.5592,179.0556
HexCer-NDS(d28:0/36:1)-H,1119.027,956.9738,558.5614,379.3945,515.5436,179.0556
HexCer-NDS(d28:0/36:2)-H,1117.011,954.9581,556.5458,379.3945,513.5279,179.0556
HexCer-NDS(d28:0/38:0)-H,1149.074,987.0207,588.6083,379.3945,545.5905,179.0556
HexCer-NDS(d28:0/38:1)-H,1147.058,985.0051,586.5927,379.3945,543.5748,179.0556
HexCer-NDS(d28:0/38:2)-H,1145.042,982.9894,584.577,379.3945,541.5592,179.0556
HexCer-NDS(d28:0/40:0)-H,1177.105,1015.052,616.6396,379.3945,573.6218,179.0556
HexCer-NDS(d28:0/40:1)-H,1175.089,1013.036,614.624,379.3945,571.6061,179.0556
HexCer-NDS(d28:0/40:2)-H,1173.074,1011.021,612.6083,379.3945,569.5905,179.0556
HexCer-NDS(d28:0/42:0)-H,1205.136,1043.083,644.671,379.3945,601.6531,179.0556
HexCer-NDS(d28:0/42:1)-H,1203.12,1041.068,642.6553,379.3945,599.6375,179.0556
HexCer-NDS(d28:0/42:2)-H,1201.105,1039.052,640.6396,379.3945,597.6218,179.0556
HexCer-NDS(d29:0/12:0)-H,798.6823,636.6295,224.2014,393.4102,181.1836,179.0556
HexCer-NDS(d29:0/12:1)-H,796.6666,634.6138,222.1858,393.4102,179.168,179.0556
HexCer-NDS(d29:0/13:0)-H,812.6979,650.6451,238.2171,393.4102,195.1992,179.0556
HexCer-NDS(d29:0/13:1)-H,810.6823,648.6295,236.2014,393.4102,193.1836,179.0556
HexCer-NDS(d29:0/14:0)-H,826.7136,664.6608,252.2328,393.4102,209.2149,179.0556
HexCer-NDS(d29:0/14:1)-H,824.6979,662.6451,250.2171,393.4102,207.1992,179.0556
HexCer-NDS(d29:0/15:0)-H,840.7292,678.6764,266.2484,393.4102,223.2305,179.0556
HexCer-NDS(d29:0/15:1)-H,838.7136,676.6608,264.2328,393.4102,221.2149,179.0556
HexCer-NDS(d29:0/16:0)-H,854.7449,692.6921,280.264,393.4102,237.2462,179.0556
HexCer-NDS(d29:0/16:1)-H,852.7292,690.6764,278.2484,393.4102,235.2305,179.0556
HexCer-NDS(d29:0/16:2)-H,850.7136,688.6608,276.2328,393.4102,233.2149,179.0556
HexCer-NDS(d29:0/17:0)-H,868.7606,706.7077,294.2797,393.4102,251.2619,179.0556
HexCer-NDS(d29:0/18:0)-H,882.7762,720.7234,308.2953,393.4102,265.2775,179.0556
HexCer-NDS(d29:0/18:1)-H,880.7606,718.7077,306.2797,393.4102,263.2618,179.0556
HexCer-NDS(d29:0/18:2)-H,878.7449,716.6921,304.264,393.4102,261.2462,179.0556
HexCer-NDS(d29:0/19:0)-H,896.7919,734.739,322.311,393.4102,279.2932,179.0556
HexCer-NDS(d29:0/19:1)-H,894.7762,732.7234,320.2953,393.4102,277.2775,179.0556
HexCer-NDS(d29:0/20:0)-H,910.8075,748.7547,336.3267,393.4102,293.3088,179.0556
HexCer-NDS(d29:0/20:1)-H,908.7919,746.739,334.311,393.4102,291.2932,179.0556
HexCer-NDS(d29:0/20:2)-H,906.7762,744.7234,332.2953,393.4102,289.2775,179.0556
HexCer-NDS(d29:0/21:0)-H,924.8231,762.7703,350.3423,393.4102,307.3245,179.0556
HexCer-NDS(d29:0/21:1)-H,922.8075,760.7547,348.3267,393.4102,305.3088,179.0556
HexCer-NDS(d29:0/22:0)-H,938.8388,776.7859,364.3579,393.4102,321.3401,179.0556
HexCer-NDS(d29:0/22:1)-H,936.8231,774.7703,362.3423,393.4102,319.3245,179.0556
HexCer-NDS(d29:0/22:2)-H,934.8075,772.7547,360.3267,393.4102,317.3088,179.0556
HexCer-NDS(d29:0/23:0)-H,952.8544,790.8016,378.3736,393.4102,335.3557,179.0556
HexCer-NDS(d29:0/23:1)-H,950.8388,788.7859,376.3579,393.4102,333.3401,179.0556
HexCer-NDS(d29:0/24:0)-H,966.8701,804.8173,392.3893,393.4102,349.3714,179.0556
HexCer-NDS(d29:0/24:1)-H,964.8544,802.8016,390.3736,393.4102,347.3557,179.0556
HexCer-NDS(d29:0/24:2)-H,962.8388,800.7859,388.3579,393.4102,345.3401,179.0556
HexCer-NDS(d29:0/25:0)-H,980.8857,818.8329,406.4049,393.4102,363.3871,179.0556
HexCer-NDS(d29:0/25:1)-H,978.8701,816.8173,404.3893,393.4102,361.3714,179.0556
HexCer-NDS(d29:0/26:0)-H,994.9014,832.8486,420.4206,393.4102,377.4027,179.0556
HexCer-NDS(d29:0/26:1)-H,992.8857,830.8329,418.4049,393.4102,375.3871,179.0556
HexCer-NDS(d29:0/26:2)-H,990.8701,828.8173,416.3893,393.4102,373.3714,179.0556
HexCer-NDS(d29:0/27:0)-H,1008.917,846.8642,434.4362,393.4102,391.4183,179.0556
HexCer-NDS(d29:0/27:1)-H,1006.901,844.8486,432.4206,393.4102,389.4027,179.0556
HexCer-NDS(d29:0/28:0)-H,1022.933,860.8799,448.4518,393.4102,405.434,179.0556
HexCer-NDS(d29:0/28:1)-H,1020.917,858.8642,446.4362,393.4102,403.4183,179.0556
HexCer-NDS(d29:0/28:2)-H,1018.901,856.8486,444.4206,393.4102,401.4027,179.0556
HexCer-NDS(d29:0/29:0)-H,1036.948,874.8955,462.4675,393.4102,419.4496,179.0556
HexCer-NDS(d29:0/29:1)-H,1034.933,872.8799,460.4518,393.4102,417.434,179.0556
HexCer-NDS(d29:0/30:0)-H,1050.964,888.9112,476.4832,393.4102,433.4653,179.0556
HexCer-NDS(d29:0/30:1)-H,1048.948,886.8955,474.4675,393.4102,431.4496,179.0556
HexCer-NDS(d29:0/30:2)-H,1046.933,884.8799,472.4518,393.4102,429.434,179.0556
HexCer-NDS(d29:0/31:0)-H,1064.98,902.9268,490.4988,393.4102,447.481,179.0556
HexCer-NDS(d29:0/31:1)-H,1062.964,900.9112,488.4832,393.4102,445.4653,179.0556
HexCer-NDS(d29:0/32:0)-H,1078.995,916.9424,504.5144,393.4102,461.4966,179.0556
HexCer-NDS(d29:0/32:1)-H,1076.98,914.9268,502.4988,393.4102,459.481,179.0556
HexCer-NDS(d29:0/32:2)-H,1074.964,912.9112,500.4832,393.4102,457.4653,179.0556
HexCer-NDS(d29:0/33:0)-H,1093.011,930.9581,518.5301,393.4102,475.5122,179.0556
HexCer-NDS(d29:0/33:1)-H,1090.995,928.9424,516.5145,393.4102,473.4966,179.0556
HexCer-NDS(d29:0/34:0)-H,1107.027,944.9738,532.5458,393.4102,489.5279,179.0556
HexCer-NDS(d29:0/34:1)-H,1105.011,942.9581,530.5301,393.4102,487.5122,179.0556
HexCer-NDS(d29:0/34:2)-H,1102.995,940.9424,528.5145,393.4102,485.4966,179.0556
HexCer-NDS(d29:0/35:0)-H,1121.042,958.9894,546.5614,393.4102,503.5435,179.0556
HexCer-NDS(d29:0/35:1)-H,1119.027,956.9738,544.5458,393.4102,501.5279,179.0556
HexCer-NDS(d29:0/36:0)-H,1135.058,973.0051,560.577,393.4102,517.5592,179.0556
HexCer-NDS(d29:0/36:1)-H,1133.042,970.9894,558.5614,393.4102,515.5436,179.0556
HexCer-NDS(d29:0/36:2)-H,1131.027,968.9738,556.5458,393.4102,513.5279,179.0556
HexCer-NDS(d29:0/38:0)-H,1163.089,1001.036,588.6083,393.4102,545.5905,179.0556
HexCer-NDS(d29:0/38:1)-H,1161.074,999.0207,586.5927,393.4102,543.5748,179.0556
HexCer-NDS(d29:0/38:2)-H,1159.058,997.0051,584.577,393.4102,541.5592,179.0556
HexCer-NDS(d29:0/40:0)-H,1191.12,1029.068,616.6396,393.4102,573.6218,179.0556
HexCer-NDS(d29:0/40:1)-H,1189.105,1027.052,614.624,393.4102,571.6061,179.0556
HexCer-NDS(d29:0/40:2)-H,1187.089,1025.036,612.6083,393.4102,569.5905,179.0556
HexCer-NDS(d29:0/42:0)-H,1219.152,1057.099,644.671,393.4102,601.6531,179.0556
HexCer-NDS(d29:0/42:1)-H,1217.136,1055.083,642.6553,393.4102,599.6375,179.0556
HexCer-NDS(d29:0/42:2)-H,1215.12,1053.068,640.6396,393.4102,597.6218,179.0556
HexCer-NDS(d30:0/12:0)-H,812.6979,650.6451,224.2014,407.4258,181.1836,179.0556
HexCer-NDS(d30:0/12:1)-H,810.6823,648.6295,222.1858,407.4258,179.168,179.0556
HexCer-NDS(d30:0/13:0)-H,826.7136,664.6608,238.2171,407.4258,195.1992,179.0556
HexCer-NDS(d30:0/13:1)-H,824.6979,662.6451,236.2014,407.4258,193.1836,179.0556
HexCer-NDS(d30:0/14:0)-H,840.7292,678.6764,252.2328,407.4258,209.2149,179.0556
HexCer-NDS(d30:0/14:1)-H,838.7136,676.6608,250.2171,407.4258,207.1992,179.0556
HexCer-NDS(d30:0/15:0)-H,854.7449,692.6921,266.2484,407.4258,223.2305,179.0556
HexCer-NDS(d30:0/15:1)-H,852.7292,690.6764,264.2328,407.4258,221.2149,179.0556
HexCer-NDS(d30:0/16:0)-H,868.7606,706.7077,280.264,407.4258,237.2462,179.0556
HexCer-NDS(d30:0/16:1)-H,866.7449,704.6921,278.2484,407.4258,235.2305,179.0556
HexCer-NDS(d30:0/16:2)-H,864.7292,702.6764,276.2328,407.4258,233.2149,179.0556
HexCer-NDS(d30:0/17:0)-H,882.7762,720.7234,294.2797,407.4258,251.2619,179.0556
HexCer-NDS(d30:0/18:0)-H,896.7919,734.739,308.2953,407.4258,265.2775,179.0556
HexCer-NDS(d30:0/18:1)-H,894.7762,732.7234,306.2797,407.4258,263.2618,179.0556
HexCer-NDS(d30:0/18:2)-H,892.7606,730.7077,304.264,407.4258,261.2462,179.0556
HexCer-NDS(d30:0/19:0)-H,910.8075,748.7547,322.311,407.4258,279.2932,179.0556
HexCer-NDS(d30:0/19:1)-H,908.7919,746.739,320.2953,407.4258,277.2775,179.0556
HexCer-NDS(d30:0/20:0)-H,924.8231,762.7703,336.3267,407.4258,293.3088,179.0556
HexCer-NDS(d30:0/20:1)-H,922.8075,760.7547,334.311,407.4258,291.2932,179.0556
HexCer-NDS(d30:0/20:2)-H,920.7919,758.739,332.2953,407.4258,289.2775,179.0556
HexCer-NDS(d30:0/21:0)-H,938.8388,776.7859,350.3423,407.4258,307.3245,179.0556
HexCer-NDS(d30:0/21:1)-H,936.8231,774.7703,348.3267,407.4258,305.3088,179.0556
HexCer-NDS(d30:0/22:0)-H,952.8544,790.8016,364.3579,407.4258,321.3401,179.0556
HexCer-NDS(d30:0/22:1)-H,950.8388,788.7859,362.3423,407.4258,319.3245,179.0556
HexCer-NDS(d30:0/22:2)-H,948.8231,786.7703,360.3267,407.4258,317.3088,179.0556
HexCer-NDS(d30:0/23:0)-H,966.8701,804.8173,378.3736,407.4258,335.3557,179.0556
HexCer-NDS(d30:0/23:1)-H,964.8544,802.8016,376.3579,407.4258,333.3401,179.0556
HexCer-NDS(d30:0/24:0)-H,980.8857,818.8329,392.3893,407.4258,349.3714,179.0556
HexCer-NDS(d30:0/24:1)-H,978.8701,816.8173,390.3736,407.4258,347.3557,179.0556
HexCer-NDS(d30:0/24:2)-H,976.8544,814.8016,388.3579,407.4258,345.3401,179.0556
HexCer-NDS(d30:0/25:0)-H,994.9014,832.8486,406.4049,407.4258,363.3871,179.0556
HexCer-NDS(d30:0/25:1)-H,992.8857,830.8329,404.3893,407.4258,361.3714,179.0556
HexCer-NDS(d30:0/26:0)-H,1008.917,846.8642,420.4206,407.4258,377.4027,179.0556
HexCer-NDS(d30:0/26:1)-H,1006.901,844.8486,418.4049,407.4258,375.3871,179.0556
HexCer-NDS(d30:0/26:2)-H,1004.886,842.8329,416.3893,407.4258,373.3714,179.0556
HexCer-NDS(d30:0/27:0)-H,1022.933,860.8799,434.4362,407.4258,391.4183,179.0556
HexCer-NDS(d30:0/27:1)-H,1020.917,858.8642,432.4206,407.4258,389.4027,179.0556
HexCer-NDS(d30:0/28:0)-H,1036.948,874.8955,448.4518,407.4258,405.434,179.0556
HexCer-NDS(d30:0/28:1)-H,1034.933,872.8799,446.4362,407.4258,403.4183,179.0556
HexCer-NDS(d30:0/28:2)-H,1032.917,870.8642,444.4206,407.4258,401.4027,179.0556
HexCer-NDS(d30:0/29:0)-H,1050.964,888.9112,462.4675,407.4258,419.4496,179.0556
HexCer-NDS(d30:0/29:1)-H,1048.948,886.8955,460.4518,407.4258,417.434,179.0556
HexCer-NDS(d30:0/30:0)-H,1064.98,902.9268,476.4832,407.4258,433.4653,179.0556
HexCer-NDS(d30:0/30:1)-H,1062.964,900.9112,474.4675,407.4258,431.4496,179.0556
HexCer-NDS(d30:0/30:2)-H,1060.948,898.8955,472.4518,407.4258,429.434,179.0556
HexCer-NDS(d30:0/31:0)-H,1078.995,916.9424,490.4988,407.4258,447.481,179.0556
HexCer-NDS(d30:0/31:1)-H,1076.98,914.9268,488.4832,407.4258,445.4653,179.0556
HexCer-NDS(d30:0/32:0)-H,1093.011,930.9581,504.5144,407.4258,461.4966,179.0556
HexCer-NDS(d30:0/32:1)-H,1090.995,928.9424,502.4988,407.4258,459.481,179.0556
HexCer-NDS(d30:0/32:2)-H,1088.98,926.9268,500.4832,407.4258,457.4653,179.0556
HexCer-NDS(d30:0/33:0)-H,1107.027,944.9738,518.5301,407.4258,475.5122,179.0556
HexCer-NDS(d30:0/33:1)-H,1105.011,942.9581,516.5145,407.4258,473.4966,179.0556
HexCer-NDS(d30:0/34:0)-H,1121.042,958.9894,532.5458,407.4258,489.5279,179.0556
HexCer-NDS(d30:0/34:1)-H,1119.027,956.9738,530.5301,407.4258,487.5122,179.0556
HexCer-NDS(d30:0/34:2)-H,1117.011,954.9581,528.5145,407.4258,485.4966,179.0556
HexCer-NDS(d30:0/35:0)-H,1135.058,973.0051,546.5614,407.4258,503.5435,179.0556
HexCer-NDS(d30:0/35:1)-H,1133.042,970.9894,544.5458,407.4258,501.5279,179.0556
HexCer-NDS(d30:0/36:0)-H,1149.074,987.0207,560.577,407.4258,517.5592,179.0556
HexCer-NDS(d30:0/36:1)-H,1147.058,985.0051,558.5614,407.4258,515.5436,179.0556
HexCer-NDS(d30:0/36:2)-H,1145.042,982.9894,556.5458,407.4258,513.5279,179.0556
HexCer-NDS(d30:0/38:0)-H,1177.105,1015.052,588.6083,407.4258,545.5905,179.0556
HexCer-NDS(d30:0/38:1)-H,1175.089,1013.036,586.5927,407.4258,543.5748,179.0556
HexCer-NDS(d30:0/38:2)-H,1173.074,1011.021,584.577,407.4258,541.5592,179.0556
HexCer-NDS(d30:0/40:0)-H,1205.136,1043.083,616.6396,407.4258,573.6218,179.0556
HexCer-NDS(d30:0/40:1)-H,1203.12,1041.068,614.624,407.4258,571.6061,179.0556
HexCer-NDS(d30:0/40:2)-H,1201.105,1039.052,612.6083,407.4258,569.5905,179.0556
HexCer-NDS(d30:0/42:0)-H,1233.167,1071.115,644.671,407.4258,601.6531,179.0556
HexCer-NDS(d30:0/42:1)-H,1231.152,1069.099,642.6553,407.4258,599.6375,179.0556
HexCer-NDS(d30:0/42:2)-H,1229.136,1067.083,640.6396,407.4258,597.6218,179.0556
